{
    "head": "head",
    "faint": "bedrock(sandile, faint)",
    "cry": "bedrock(sandile, cry)",
    "portraitScale": 2.5,
    "portraitTranslation": [
        -0.4,
        -1.9,
        0
    ],
    "profileScale": 1,
    "profileTranslation": [
        0,
        0.2,
        0
    ],
    "poses": {
        "standing": {
            "poseName": "standing",
            "transformTicks": 10,
            "poseTypes": [
                "STAND",
                "NONE",
                "PORTRAIT",
                "PROFILE"
            ],
            "animations": [
                "bedrock(sandile, ground_idle)"
            ],
            "quirks": [
                {
                    "name": "blink",
                    "animations": [
                        "bedrock(sandile, blink)"
                    ]
                }
            ],
     "quirks": [
       {
         "name": "blink",
         "animations": [
           "bedrock(sandile, blink)"
         ]
       }
     ]
        },
        "walking": {
            "poseName": "walking",
            "transformTicks": 10,
            "poseTypes": [
                "WALK"
            ],
            "animations": [
                "bedrock(sandile, ground_walk)"
            ],
     "quirks": [
       {
         "name": "blink",
         "animations": [
           "bedrock(sandile, blink)"
         ]
       }
     ]
        },
   "sleeping": {
     "poseName": "sleeping",
     "transformTicks": 10,
     "poseTypes": [
       "SLEEP"
     ],
     "animations": [
       "bedrock(sandile, sleep)"
     ]
   }
    }
}