{
	"format_version": "1.8.0",
	"animations": {
		"animation.eternamax_eternatus.ground_idle": {
			"loop": true,
			"animation_length": 3,
			"bones": {
				"1": {
					"rotation": {
						"0.0": [13.74144, 12.39293, 10.9988],
						"1.5": [17.6745, 16.15522, 5.36842],
						"3.0": [13.74144, 12.39293, 10.9988]
					}
				},
				"2": {
					"rotation": {
						"0.0": [0, 7.5, -22.5],
						"1.5": [-0.6574, 7.4713, -27.54292],
						"3.0": [0, 7.5, -22.5]
					}
				},
				"3": {
					"rotation": {
						"0.0": [0, 0, -15],
						"1.5": [0, 0, -20],
						"3.0": [0, 0, -15]
					}
				},
				"4": {
					"rotation": {
						"0.0": [0, 0, -37.5],
						"1.5": [0, 0, -40],
						"3.0": [0, 0, -37.5]
					}
				},
				"5": {
					"rotation": {
						"0.0": [-5.39433, -0.37226, 25.01223],
						"1.5": [-5.37306, -0.60686, 22.52317],
						"3.0": [-5.39433, -0.37226, 25.01223]
					}
				},
				"6": {
					"rotation": {
						"0.0": [0, 0, -20],
						"1.5": [0, 0, -22.5],
						"3.0": [0, 0, -20]
					}
				},
				"7": {
					"rotation": {
						"0.0": [-17.54012, -3.81459, -26.2954],
						"1.5": [-16.92172, -6.03919, -33.48494],
						"3.0": [-17.54012, -3.81459, -26.2954]
					}
				},
				"8": {
					"rotation": {
						"0.0": [0, 0, -17.5],
						"1.5": [0, 0, -32.5],
						"3.0": [0, 0, -17.5]
					}
				},
				"9": {
					"rotation": {
						"0.0": [-19.72985, -7.62346, 30.67065],
						"1.5": [-41.20154, -14.44834, 11.35864],
						"3.0": [-19.72985, -7.62346, 30.67065]
					}
				},
				"10": {
					"rotation": {
						"0.0": [0, 0, -23],
						"1.5": [0, 0, -30.5],
						"3.0": [0, 0, -23]
					}
				},
				"11": {
					"rotation": {
						"0.0": [0, 0, -24],
						"1.5": [-12.5, 0, -31.5],
						"3.0": [0, 0, -24]
					}
				},
				"12": {
					"rotation": {
						"0.0": [0, 0, -20],
						"1.5": [0, -5, -32.5],
						"3.0": [0, 0, -20]
					}
				},
				"13": {
					"rotation": {
						"0.0": [13.57298, 1.15362, 3.04779],
						"1.5": [21.77701, -9.72908, 13.30314],
						"3.0": [13.57298, 1.15362, 3.04779]
					}
				},
				"14": {
					"rotation": {
						"0.0": [0, 11, -7],
						"1.5": [-0.97058, 10.95762, -12.0931],
						"3.0": [0, 11, -7]
					}
				},
				"15": {
					"rotation": {
						"0.0": [-2.96745, 13.68804, -18.35624],
						"1.5": [-3.57215, 13.54542, -20.92436],
						"3.0": [-2.96745, 13.68804, -18.35624]
					}
				},
				"16": {
					"rotation": {
						"0.0": [0, 0, -27],
						"1.5": [0.32652, -2.4786, -34.50706],
						"3.0": [0, 0, -27]
					}
				},
				"17": {
					"rotation": {
						"0.0": [12.67786, -16.25546, 0.00408],
						"1.5": [12.47716, -11.47692, 1.48971],
						"3.0": [12.67786, -16.25546, 0.00408]
					}
				},
				"18": {
					"rotation": {
						"0.0": [0, 0, -23],
						"1.5": [0, 0, -25.5],
						"3.0": [0, 0, -23]
					}
				},
				"19": {
					"rotation": {
						"0.0": [0, 0, -11],
						"1.5": [0, 0, -13.5],
						"3.0": [0, 0, -11]
					}
				},
				"20": {
					"rotation": {
						"0.0": [0, 0, -26],
						"1.5": [0, 0, -33.5],
						"3.0": [0, 0, -26]
					}
				},
				"shield": {
					"rotation": {
						"0.0": [0, 0, 0],
						"3.0": [0, 360, 0]
					}
				},
				"core": {
					"rotation": {
						"0.0": [0, -5, 0],
						"2.9583": [0, 720, 0]
					}
				},
				"tail": {
					"rotation": {
						"0.0": [0, 0, -3],
						"1.6667": [0, 0, -7],
						"3.0": [0, 0, -3]
					}
				},
				"tail2": {
					"rotation": {
						"0.0": [8, 0, 5],
						"1.5": [7.99519, 0.27829, 3.01945],
						"3.0": [8, 0, 5]
					},
					"position": [0, 1.9, -1.5]
				},
				"tail7": {
					"rotation": {
						"0.0": [0, 1, 0],
						"1.7083": [0, 0, 0],
						"3.0": [0, 1, 0]
					}
				},
				"tail28": {
					"rotation": {
						"0.0": [0, 0, -1],
						"1.4583": [0, 0, 1],
						"3.0": [0, 0, -1]
					}
				},
				"tail31": {
					"rotation": {
						"0.0": [0, 0, 3],
						"1.5": [0, 0, 8],
						"3.0": [0, 0, 3]
					}
				},
				"tail34": {
					"rotation": {
						"0.0": [0, 0, 3],
						"1.4167": [0, 0, 0.5],
						"3.0": [0, 0, 3]
					}
				},
				"tail36": {
					"rotation": {
						"0.0": [0, 0, 4],
						"1.375": [0, 0, 2],
						"3.0": [0, 0, 4]
					}
				},
				"tail40": {
					"rotation": {
						"0.0": [-2.98475, -0.99787, 10.06705],
						"1.4583": [-7.98475, -0.99787, 10.06705],
						"3.0": [-2.98475, -0.99787, 10.06705]
					}
				},
				"tail41": {
					"rotation": {
						"0.0": [0.11546, -2.49365, -2.28778],
						"1.5417": [1.66183, -2.35171, 0.64833],
						"3.0": [0.11546, -2.49365, -2.28778]
					}
				},
				"tail42": {
					"rotation": {
						"0.0": [0, 0, -2.5],
						"1.5": [-1.60595, -1.36617, -9.72186],
						"3.0": [0, 0, -2.5]
					}
				},
				"tail43": {
					"rotation": {
						"0.0": [0, 12.5, 0],
						"1.5417": [-2.94111, 11.81368, -5.75969],
						"3.0": [0, 12.5, 0]
					}
				},
				"tail44": {
					"rotation": {
						"0.0": [0, 5, 0],
						"1.5417": [0, 0, 0],
						"3.0": [0, 5, 0]
					}
				},
				"tail45": {
					"rotation": {
						"0.0": [0, -5, 0],
						"1.5417": [0, -7.5, 0],
						"3.0": [0, -5, 0]
					}
				},
				"tail47": {
					"rotation": {
						"0.0": [0, 0, -5],
						"1.5": [0, 0, 0],
						"3.0": [0, 0, -5]
					}
				},
				"tail48": {
					"rotation": {
						"0.0": [0, 0, -3],
						"1.5833": [0, 0, -5.5],
						"3.0": [0, 0, -3]
					}
				},
				"tail49": {
					"rotation": {
						"0.0": [-4, 0, -0.5],
						"1.6667": [-6.03816, -0.73594, -5.84886],
						"3.0": [-4, 0, -0.5]
					}
				},
				"tail50": {
					"rotation": {
						"0.0": [7.5, -5, 0],
						"1.375": [-1.92979, -5.08138, -3.15704],
						"3.0": [7.5, -5, 0]
					}
				},
				"tail52": {
					"rotation": {
						"0.0": [0, 2.5, 0],
						"1.5417": [0, -2.5, 0],
						"3.0": [0, 2.5, 0]
					}
				},
				"tail54": {
					"rotation": {
						"0.0": [0, 0, -5],
						"1.5": [0, 0, 0],
						"3.0": [0, 0, -5]
					}
				},
				"tail55": {
					"rotation": {
						"0.0": [0, 0, -2.5],
						"1.5833": [0, 0, 0],
						"2.9583": [0, 0, -2.5]
					}
				},
				"tail56": {
					"rotation": {
						"0.0": [0, 0, -12.5],
						"1.5": [-6.52932, -0.83764, -20.30837],
						"3.0": [0, 0, -12.5]
					}
				},
				"tail57": {
					"rotation": {
						"0.0": [0, 0, 10],
						"1.4583": [5.51608, 1.01239, 5.94933],
						"3.0": [0, 0, 10]
					}
				},
				"tail58": {
					"rotation": {
						"0.0": [0, 0, -2.5],
						"1.5833": [0, 0, 2.5],
						"3.0": [0, 0, -2.5]
					}
				},
				"tail59": {
					"rotation": {
						"0.0": [0, 0, -7.5],
						"1.4583": [0, 0, -2.5],
						"3.0": [0, 0, -7.5]
					}
				},
				"tail60": {
					"rotation": {
						"0.0": [0, 0, 0],
						"1.2917": [-7.48131, 0.76583, 4.94107],
						"2.0": [-2.5, 0, 0],
						"3.0": [0, 0, 0]
					}
				},
				"bone": {
					"rotation": {
						"0.0": [0, 0, -2.5],
						"1.6667": [0, 0, 2.5],
						"3.0": [0, 0, -2.5]
					}
				},
				"bone2": {
					"rotation": {
						"0.0": [0, 0, 7.5],
						"1.5417": [-0.0317, -4.99837, 2.36851],
						"3.0": [0, 0, 7.5]
					}
				},
				"bone3": {
					"rotation": {
						"0.0": [0, 0, -5],
						"1.625": [0, 0, 0],
						"3.0": [0, 0, -5]
					}
				},
				"bone4": {
					"rotation": {
						"0.0": [0, 0, 0],
						"1.5": [-4.02806, 1.71661, -8.47582],
						"3.0": [0, 0, 0]
					}
				},
				"bone5": {
					"rotation": {
						"0.0": [0, 0, 11],
						"1.5417": [0, 0, 4],
						"3.0": [0, 0, 11]
					}
				},
				"bone6": {
					"rotation": {
						"0.0": [-1, -10, 0],
						"1.0417": [-1.0277, 2.48618, -0.58949],
						"2.0417": [-6.01369, -3.92927, -0.72274],
						"3.0": [-1, -10, 0]
					}
				},
				"bone7": {
					"rotation": {
						"0.0": [0, -5, 0],
						"1.5833": [1.5699, -2.7746, 7.6574],
						"3.0": [0, -5, 0]
					}
				},
				"bone9": {
					"rotation": {
						"0.0": [-0.29077, 12.97322, -5.67529],
						"1.5833": [0, 0, 10],
						"2.9583": [-0.29077, 12.97322, -5.67529]
					}
				},
				"bone11": {
					"rotation": {
						"0.0": [0, 0, 0],
						"1.5": [0, -7.5, 0],
						"3.0": [0, 0, 0]
					}
				},
				"bone12": {
					"rotation": {
						"0.0": [0, -10, 0],
						"1.5417": [0, -2.5, 0],
						"3.0": [0, -10, 0]
					}
				},
				"bone13": {
					"rotation": {
						"0.0": [0, 5, 0],
						"1.4583": [0, -2.5, 0],
						"3.0": [0, 5, 0]
					}
				},
				"bone14": {
					"rotation": {
						"0.0": [0, 5, 0],
						"1.5833": [0, 2.5, 0],
						"3.0": [0, 5, 0]
					}
				},
				"bone15": {
					"rotation": {
						"0.0": [0, 15, 0],
						"1.625": [0, 10, 0],
						"3.0": [0, 15, 0]
					}
				},
				"bone16": {
					"rotation": {
						"0.0": [-1.47901, 9.83746, -5.21149],
						"1.5": [-0.88969, 14.70927, -6.28139],
						"3.0": [-1.47901, 9.83746, -5.21149]
					}
				},
				"bone17": {
					"rotation": {
						"0.0": [0, 10, 0],
						"1.5": [-3.89496, 9.87775, -8.44891],
						"3.0": [0, 10, 0]
					}
				},
				"bone19": {
					"rotation": {
						"0.0": [0, 0, -10],
						"1.7083": [0, 0, 22.03],
						"3.0": [0, 0, -10]
					}
				}
			}
		},
		"animation.eternamax_eternatus.ground_walk": {
			"loop": true,
			"animation_length": 3,
			"bones": {
				"1": {
					"rotation": {
						"0.0": [13.74144, 12.39293, 10.9988],
						"1.5": [17.6745, 16.15522, 5.36842],
						"3.0": [13.74144, 12.39293, 10.9988]
					}
				},
				"2": {
					"rotation": {
						"0.0": [0, 7.5, -22.5],
						"1.5": [-0.6574, 7.4713, -27.54292],
						"3.0": [0, 7.5, -22.5]
					}
				},
				"3": {
					"rotation": {
						"0.0": [0, 0, -15],
						"1.5": [0, 0, -20],
						"3.0": [0, 0, -15]
					}
				},
				"4": {
					"rotation": {
						"0.0": [0, 0, -37.5],
						"1.5": [0, 0, -40],
						"3.0": [0, 0, -37.5]
					}
				},
				"5": {
					"rotation": {
						"0.0": [-5.39433, -0.37226, 25.01223],
						"1.5": [-5.37306, -0.60686, 22.52317],
						"3.0": [-5.39433, -0.37226, 25.01223]
					}
				},
				"6": {
					"rotation": {
						"0.0": [0, 0, -20],
						"1.5": [0, 0, -22.5],
						"3.0": [0, 0, -20]
					}
				},
				"7": {
					"rotation": {
						"0.0": [-17.54012, -3.81459, -26.2954],
						"1.5": [-16.92172, -6.03919, -33.48494],
						"3.0": [-17.54012, -3.81459, -26.2954]
					}
				},
				"8": {
					"rotation": {
						"0.0": [0, 0, -17.5],
						"1.5": [0, 0, -32.5],
						"3.0": [0, 0, -17.5]
					}
				},
				"9": {
					"rotation": {
						"0.0": [-19.72985, -7.62346, 30.67065],
						"1.5": [-41.20154, -14.44834, 11.35864],
						"3.0": [-19.72985, -7.62346, 30.67065]
					}
				},
				"10": {
					"rotation": {
						"0.0": [0, 0, -23],
						"1.5": [0, 0, -30.5],
						"3.0": [0, 0, -23]
					}
				},
				"11": {
					"rotation": {
						"0.0": [0, 0, -24],
						"1.5": [-12.5, 0, -31.5],
						"3.0": [0, 0, -24]
					}
				},
				"12": {
					"rotation": {
						"0.0": [0, 0, -20],
						"1.5": [0, -5, -32.5],
						"3.0": [0, 0, -20]
					}
				},
				"13": {
					"rotation": {
						"0.0": [13.57298, 1.15362, 3.04779],
						"1.5": [21.77701, -9.72908, 13.30314],
						"3.0": [13.57298, 1.15362, 3.04779]
					}
				},
				"14": {
					"rotation": {
						"0.0": [0, 11, -7],
						"1.5": [-0.97058, 10.95762, -12.0931],
						"3.0": [0, 11, -7]
					}
				},
				"15": {
					"rotation": {
						"0.0": [-2.96745, 13.68804, -18.35624],
						"1.5": [-3.57215, 13.54542, -20.92436],
						"3.0": [-2.96745, 13.68804, -18.35624]
					}
				},
				"16": {
					"rotation": {
						"0.0": [0, 0, -27],
						"1.5": [0.32652, -2.4786, -34.50706],
						"3.0": [0, 0, -27]
					}
				},
				"17": {
					"rotation": {
						"0.0": [12.67786, -16.25546, 0.00408],
						"1.5": [12.47716, -11.47692, 1.48971],
						"3.0": [12.67786, -16.25546, 0.00408]
					}
				},
				"18": {
					"rotation": {
						"0.0": [0, 0, -23],
						"1.5": [0, 0, -25.5],
						"3.0": [0, 0, -23]
					}
				},
				"19": {
					"rotation": {
						"0.0": [0, 0, -11],
						"1.5": [0, 0, -13.5],
						"3.0": [0, 0, -11]
					}
				},
				"20": {
					"rotation": {
						"0.0": [0, 0, -26],
						"1.5": [0, 0, -33.5],
						"3.0": [0, 0, -26]
					}
				},
				"shield": {
					"rotation": {
						"0.0": [-5.98549, -0.41778, -3.97816],
						"0.75": [-6, 500, 0],
						"1.5": [4.01451, 900, -3.97816],
						"2.2917": [-5.96737, 1440, 5.96737],
						"3.0": [0, 2180, -3]
					}
				},
				"core": {
					"rotation": {
						"0.0": [0, -5, 0],
						"2.9583": [0, 1440, 0]
					}
				},
				"tail": {
					"rotation": {
						"0.0": [0, 0, -3],
						"1.6667": [0, 0, -7],
						"3.0": [0, 0, -3]
					}
				},
				"tail2": {
					"rotation": {
						"0.0": [8, 0, 5],
						"1.5": [7.99519, 0.27829, 3.01945],
						"3.0": [8, 0, 5]
					},
					"position": [0, 1.9, -1.5]
				},
				"tail7": {
					"rotation": {
						"0.0": [0, 1, 0],
						"1.7083": [0, 0, 0],
						"3.0": [0, 1, 0]
					}
				},
				"tail28": {
					"rotation": {
						"0.0": [0, 0, -1],
						"1.4583": [0, 0, 1],
						"3.0": [0, 0, -1]
					}
				},
				"tail31": {
					"rotation": {
						"0.0": [0, 0, 3],
						"1.5": [0, 0, 8],
						"3.0": [0, 0, 3]
					}
				},
				"tail34": {
					"rotation": {
						"0.0": [0, 0, 3],
						"1.4167": [0, 0, 0.5],
						"3.0": [0, 0, 3]
					}
				},
				"tail36": {
					"rotation": {
						"0.0": [0, 0, 4],
						"1.375": [0, 0, 2],
						"3.0": [0, 0, 4]
					}
				},
				"tail40": {
					"rotation": {
						"0.0": [-2.98475, -0.99787, 10.06705],
						"1.4583": [-7.98475, -0.99787, 10.06705],
						"3.0": [-2.98475, -0.99787, 10.06705]
					}
				},
				"tail41": {
					"rotation": {
						"0.0": [0.11546, -2.49365, -2.28778],
						"1.5417": [1.66183, -2.35171, 0.64833],
						"3.0": [0.11546, -2.49365, -2.28778]
					}
				},
				"tail42": {
					"rotation": {
						"0.0": [0, 0, -2.5],
						"1.5": [-1.60595, -1.36617, -9.72186],
						"3.0": [0, 0, -2.5]
					}
				},
				"tail43": {
					"rotation": {
						"0.0": [0, 12.5, 0],
						"1.5417": [-2.94111, 11.81368, -5.75969],
						"3.0": [0, 12.5, 0]
					}
				},
				"tail44": {
					"rotation": {
						"0.0": [0, 5, 0],
						"1.5417": [0, 0, 0],
						"3.0": [0, 5, 0]
					}
				},
				"tail45": {
					"rotation": {
						"0.0": [0, -5, 0],
						"1.5417": [0, -7.5, 0],
						"3.0": [0, -5, 0]
					}
				},
				"tail47": {
					"rotation": {
						"0.0": [0, 0, -5],
						"1.5": [0, 0, 0],
						"3.0": [0, 0, -5]
					}
				},
				"tail48": {
					"rotation": {
						"0.0": [-8, 0, -3],
						"1.5833": [-9.81944, -2.63889, -1.41667],
						"3.0": [7.5, -5, 0]
					}
				},
				"tail49": {
					"rotation": {
						"0.0": [-12, 0, -0.5],
						"1.6667": [-6.03816, -0.73594, -5.84886],
						"3.0": [-12, 0, -0.5]
					}
				},
				"tail50": {
					"rotation": {
						"0.0": [7.5, -5, 0],
						"1.375": [-1.92979, -5.08138, -3.15704],
						"3.0": [7.5, -5, 0]
					}
				},
				"tail52": {
					"rotation": {
						"0.0": [0, 2.5, 0],
						"1.5417": [0, -2.5, 0],
						"3.0": [0, 2.5, 0]
					}
				},
				"tail54": {
					"rotation": {
						"0.0": [0, 0, -5],
						"1.5": [0, 0, 0],
						"3.0": [0, 0, -5]
					}
				},
				"tail55": {
					"rotation": {
						"0.0": [0, 0, -2.5],
						"1.5833": [0, 0, 0],
						"2.9583": [0, 0, -2.5]
					}
				},
				"tail56": {
					"rotation": {
						"0.0": [-10.64291, -3.82181, -28.52543],
						"1.5833": [-16.06622, -9.32178, -40.49059],
						"3.0": [-10.64291, -3.82181, -28.52543]
					}
				},
				"tail57": {
					"rotation": {
						"0.0": [0, 0, 10],
						"1.4583": [5.51608, 1.01239, 5.94933],
						"3.0": [0, 0, 10]
					}
				},
				"tail58": {
					"rotation": {
						"0.0": [0, 0, -2.5],
						"1.5833": [0, 0, 2.5],
						"3.0": [0, 0, -2.5]
					}
				},
				"tail59": {
					"rotation": {
						"0.0": [0, 0, -21],
						"1.4583": [0, 0, -2.5],
						"3.0": [0, 0, -21]
					}
				},
				"tail60": {
					"rotation": {
						"0.0": [0, 0, 0],
						"0.75": [-7.48131, 0.76583, 4.94107],
						"2.3333": [-2.5, 0, 0],
						"3.0": [0, 0, 0]
					}
				},
				"bone": {
					"rotation": {
						"0.0": [0, 0, -2.5],
						"1.6667": [0, 0, 2.5],
						"3.0": [0, 0, -2.5]
					}
				},
				"bone2": {
					"rotation": {
						"0.0": [0, 0, 7.5],
						"1.5417": [-0.0317, -4.99837, 2.36851],
						"3.0": [0, 0, 7.5]
					}
				},
				"bone3": {
					"rotation": {
						"0.0": [0, 0, -5],
						"1.625": [0, 0, 0],
						"3.0": [0, 0, -5]
					}
				},
				"bone4": {
					"rotation": {
						"0.0": [0, 0, 0],
						"1.5": [-4.02806, 1.71661, -8.47582],
						"3.0": [0, 0, 0]
					}
				},
				"bone5": {
					"rotation": {
						"0.0": [0, 0, 11],
						"1.5417": [0, 0, 4],
						"3.0": [0, 0, 11]
					}
				},
				"bone6": {
					"rotation": {
						"0.0": [-1, -10, 0],
						"1.0417": [-1.0277, 2.48618, -0.58949],
						"2.0417": [-6.01369, -3.92927, -0.72274],
						"3.0": [-1, -10, 0]
					}
				},
				"bone7": {
					"rotation": {
						"0.0": [0, -5, 0],
						"1.5833": [1.5699, -2.7746, 7.6574],
						"3.0": [0, -5, 0]
					}
				},
				"bone9": {
					"rotation": {
						"0.0": [-0.29077, 12.97322, -5.67529],
						"1.5833": [0, 0, 10],
						"2.9583": [-0.29077, 12.97322, -5.67529]
					}
				},
				"bone11": {
					"rotation": {
						"0.0": [0, 0, 0],
						"1.5": [0, -7.5, 0],
						"3.0": [0, 0, 0]
					}
				},
				"bone12": {
					"rotation": {
						"0.0": [0, -10, 0],
						"1.5417": [0, -2.5, 0],
						"3.0": [0, -10, 0]
					}
				},
				"bone13": {
					"rotation": {
						"0.0": [0, 5, 0],
						"1.4583": [0, -2.5, 0],
						"3.0": [0, 5, 0]
					}
				},
				"bone14": {
					"rotation": {
						"0.0": [0, 5, 0],
						"1.5833": [0, 2.5, 0],
						"3.0": [0, 5, 0]
					}
				},
				"bone15": {
					"rotation": {
						"0.0": [0, 15, 0],
						"1.625": [0, 10, 0],
						"3.0": [0, 15, 0]
					}
				},
				"bone16": {
					"rotation": {
						"0.0": [-1.47901, 9.83746, -5.21149],
						"1.5": [-0.88969, 14.70927, -6.28139],
						"3.0": [-1.47901, 9.83746, -5.21149]
					}
				},
				"bone17": {
					"rotation": {
						"0.0": [0, 10, 0],
						"1.5": [-3.89496, 9.87775, -8.44891],
						"3.0": [0, 10, 0]
					}
				},
				"bone19": {
					"rotation": {
						"0.0": [0, 0, -10],
						"1.7083": [0, 0, 22.03],
						"3.0": [0, 0, -10]
					}
				},
				"tail51": {
					"rotation": [-16.66311, -3.27806, -9.16511]
				}
			}
		},
		"animation.eternamax_eternatus.faint": {
			"animation_length": 14.08333,
			"bones": {
				"1": {
					"rotation": {
						"0.0": [78.71754, 17.65258, -21.39832],
						"1.0833": [48.71754, 17.65258, -21.39832]
					},
					"position": [0, 6.4, 2.5]
				},
				"2": {
					"rotation": {
						"0.0": [0, 0, -2.5],
						"1.0833": [0, 0, -32.5],
						"2.0": [0, 0, -66.5],
						"8.0417": [0, 0, -79]
					}
				},
				"3": {
					"rotation": {
						"0.0": [0, 0, -2.5],
						"1.0833": [0, 0, -35]
					}
				},
				"4": {
					"rotation": {
						"0.0": [0, 0, 0],
						"1.0833": [0, 0, -40]
					}
				},
				"5": {
					"rotation": {
						"0.0": [0, 0, 0],
						"1.0833": [-5, 0, -5]
					}
				},
				"6": {
					"rotation": {
						"0.0": [0, 0, 0],
						"1.0833": [0, 0, -32.5]
					}
				},
				"7": {
					"rotation": {
						"0.0": [0, 0, -5],
						"1.0833": [-20, -17.5, -45],
						"2.0": [-14.82754, -22.01713, -60.2091]
					}
				},
				"8": {
					"rotation": {
						"0.0": [0, 0, -12.5],
						"1.0833": [-15, 0, -42.5]
					}
				},
				"9": {
					"rotation": {
						"0.0": [-32.40561, -15.52866, 22.1661],
						"1.0833": [-50.24094, -22.96937, 9.42785],
						"2.0": [-55.76335, -37.40463, -2.68189]
					}
				},
				"10": {
					"rotation": {
						"0.0": [0, 0, -10],
						"1.0833": [0, 0, -30],
						"8.0417": [0, 0, -75]
					}
				},
				"11": {
					"rotation": {
						"0.0": [0, 0, -7.5],
						"1.0833": [0, 0, -25]
					}
				},
				"12": {
					"rotation": {
						"0.0": [0, 0, -12.5],
						"1.0833": [0, -17, -47.5]
					}
				},
				"13": {
					"rotation": {
						"0.0": [0, 0, -5],
						"1.0833": [-8, 0, -18],
						"2.0": [-4.12893, -9.94156, -15.80856]
					}
				},
				"14": {
					"rotation": {
						"0.0": [0, 0, -10],
						"1.0833": [0, 0, -22.5],
						"2.0": [0, 0, -31.5],
						"8.0417": [0, 0, -79]
					}
				},
				"15": {
					"rotation": {
						"0.0": [0, 0, -7.5],
						"1.0833": [0, 0, -20],
						"2.0": [0, 0, -32.5]
					}
				},
				"16": {
					"rotation": {
						"0.0": [0, 0, -12.5],
						"1.0833": [0, 0, -42.5]
					}
				},
				"17": {
					"rotation": {
						"0.0": [0, 0, 0],
						"1.0833": [-4.1599, -18.58917, 1.97676],
						"2.0": [-7.45285, -18.25813, 17.32839]
					}
				},
				"18": {
					"rotation": {
						"0.0": [0, 0, -5],
						"1.0833": [0, 0, -30],
						"2.0": [0, 0, -37.5],
						"8.0417": [0, 0, -90]
					}
				},
				"19": {
					"rotation": {
						"0.0": [0, 0, -12.5],
						"1.0833": [0, 0, -40.5]
					}
				},
				"20": {
					"rotation": {
						"0.0": [0, 0, -10],
						"1.0833": [0, 0, -49]
					}
				},
				"body": {
					"position": {
						"0.0": [0, 28, 0],
						"10.125": [0, 28, 0]
					},
					"scale": {
						"0.0": [1, 1, 1],
						"10.125": [1, 1, 1],
						"13.6667": [0, 0, 0]
					}
				},
				"shield": {
					"rotation": {
						"0.0": [0, 0, 0],
						"1.4167": [0, 720, 0],
						"2.0833": [-0.72775, 700.0127, 2.12824]
					},
					"position": {
						"9.2083": [0, -7.6, 0],
						"10.2083": [0, -7.6, 0],
						"10.4167": [0, -34, 0],
						"10.6667": [0, -72.44, 0],
						"10.8333": [0, -100.1, 0],
						"11.0": [0, -127.13, 0],
						"11.125": [0, -152.25, 0],
						"11.2083": [0, -169.4, 0],
						"11.3333": [0, -200.75, 0],
						"11.375": [0, -963.75, 0]
					},
					"scale": {
						"0.0": [1, 1, 1],
						"11.2917": [1, 1, 1],
						"11.375": [0, 0, 0]
					}
				},
				"shield_hand3": {
					"rotation": {
						"0.0": [0, 0, 0],
						"1.4167": [0, 0, 0],
						"2.5833": [64, 0, 0],
						"8.4167": [64, 0, 0],
						"8.5417": [76.5, 0, 0],
						"8.8333": [84.5, 0, 0],
						"9.2083": [74.5, 0, 0],
						"9.9167": [66.5, 0, 0]
					},
					"position": {
						"0.0": [0, 3, 0],
						"1.6667": [0, 3, 0],
						"2.625": [-5.5, -371.2, 0],
						"8.4167": [-5.5, -371.2, 0],
						"8.5417": [-5.5, -371.2, 0]
					},
					"scale": {
						"0.0": [1, 1, 1],
						"0.375": [1.6, 0.8, 1],
						"0.7083": [1.6308, 1.0231, 1],
						"0.9167": [1, 1, 1]
					}
				},
				"shield_hand2": {
					"rotation": {
						"0.0": [0, 0, 0],
						"0.6667": [0, 0, 0],
						"1.25": [42, 0, 0],
						"2.1667": [192, 0, 0],
						"2.7917": [259.5, 0, 0]
					},
					"position": {
						"0.0": [0, 0, 0],
						"0.9583": [0, 0, 0],
						"1.6667": [0, 51.6, 91.4],
						"2.7917": [0, -359.4, 91.4]
					},
					"scale": {
						"0.0": [1.1, 1, 1],
						"0.2917": [1.3, 1, 1],
						"0.5": [1.5565, 0.9, 1],
						"1.0833": [1.0014, 1.0778, 1],
						"1.25": [1.1, 1, 1],
						"1.4583": [1.1, 1, 1],
						"2.125": [1.1, 1, 1],
						"2.25": [1.1, 1.5, 1],
						"2.2917": [1.1, 1.1571, 0.9],
						"2.5417": [1.1, 1.2, 1],
						"2.5833": [1.1, 1.1667, 1.7],
						"2.7917": [1.1, 1, 1]
					}
				},
				"shield_hand4": {
					"rotation": {
						"0.0": [0, 0, 0],
						"1.0417": [-0.91904, 8.45307, 356.29479],
						"1.5417": [-105, 12.5, 45],
						"2.0833": [-335, 12.5, 45],
						"2.4583": [-382.5, 12.5, 45],
						"2.7917": [-330, 12.5, 45],
						"3.375": [-320, 12.5, 45],
						"3.7917": [-330, 12.5, 45],
						"4.125": [-320, 12.5, 45],
						"4.4583": [-325, 12.5, 45]
					},
					"position": {
						"0.0": [0, -1, 0],
						"1.0": [0, -1, 0],
						"1.5417": [19.9, -36.8, 0],
						"2.1667": [152.4, -144.4, 0],
						"3.0": [237.11, -347.95, 0],
						"3.3333": [240.5, -358.9, 0],
						"4.1667": [237.11, -347.95, 0]
					},
					"scale": {
						"0.0": [1, 1, 1],
						"0.2083": [1.7, 1, 1],
						"0.75": [2.3, 0.6, 1],
						"1.4583": [1, 1, 1]
					}
				},
				"shield_hand": {
					"rotation": {
						"0.0": [0, 0, 0],
						"0.8333": [-18.25788, -8.56929, -10.48016],
						"2.0": [6.05254, -12.40823, -23.11493],
						"3.0417": [9.65681, 52.12885, -14.15951],
						"3.4167": [20.74992, 83.71789, 3.87795],
						"3.75": [-170.83659, 51.362, -185.52222],
						"4.0": [-157.98417, 31.2584, -165.46819],
						"4.1667": [-159.42374, 32.16656, -168.20633],
						"4.375": [-162.25774, -12.50442, -183.47124],
						"4.625": [-122.25774, -12.50442, -183.47124],
						"4.8333": [-116.25774, -12.50442, -183.47124],
						"4.9167": [-111.25774, -12.50442, -183.47124],
						"5.0417": [-120.00774, -12.50442, -183.47124],
						"5.125": [-114.17441, -12.50442, -183.47124],
						"5.2083": [-117.26965, -12.50442, -183.47124],
						"5.3333": [-124.16251, -12.50442, -183.47124],
						"5.4167": [-133.75774, -12.50442, -183.47124],
						"5.7083": [-126.25774, -12.50442, -183.47124],
						"6.1667": [-117.42435, 14.02106, -197.38283],
						"6.625": [-82.83981, 40.86299, -194.03916],
						"6.75": [-86.97433, 46.57217, -191.87211],
						"6.875": [-86.97433, 46.57217, -191.87211],
						"7.0": [-89.47433, 46.57217, -191.87211],
						"7.125": [-69.60523, 50.10643, -190.53059],
						"7.2917": [-72.8906, 71.31197, -182.48152],
						"7.4583": [-35.43605, 71.31197, -182.48152],
						"8.5": [309.56395, 71.31197, -182.48152],
						"9.0": [372.06395, 71.31197, -182.48152],
						"10.0417": [795.06395, 71.31197, -182.48152]
					},
					"position": {
						"0.0": [1, 0, 0],
						"1.3333": [1, 0, 9.27],
						"2.0": [1, 0, -8],
						"3.0417": [-43, -5.9, 49],
						"4.0": [9.4, -11.8, 100.3],
						"4.375": [41.9, -27.3, 93.1],
						"4.8333": [41.9, -58.2, 93.1],
						"5.4167": [41.9, -58.2, 93.1],
						"6.1667": [35, -91.8, 54],
						"6.625": [21.2, -91.8, 54],
						"6.75": [19.26, -105.25, 54],
						"7.0": [19.26, -105.25, 54],
						"8.5417": [-38.63, -323.79, 54],
						"9.0": [-87.63, -304.79, 63],
						"10.0417": [-272.13, -355.49, 63]
					},
					"scale": {
						"0.0": [1, 1, 1],
						"0.5": [1.3308, 0.9, 1],
						"0.9167": [1.4453, 0.937, 1],
						"1.2083": [1.0031, 1.0629, 1],
						"1.625": [1.1, 1, 1]
					}
				},
				"core": {
					"rotation": {
						"0.0": [0, 0, 0],
						"1.0": [0, 970, 0],
						"2.375": [0, 1422.31, 0],
						"3.7917": [0, 1717.5, 0],
						"4.875": [0, 1982.5, 0],
						"6.75": [0, 2155, 0],
						"8.0417": [0, 2165, 0]
					},
					"position": {
						"0.0": [0, 4, 0],
						"0.4167": [0, -5, 0],
						"0.8333": [0, -5, 0],
						"1.125": [0, -9, 0],
						"1.9583": [0, -6, 0],
						"3.0833": [0, -12, 0],
						"3.9167": [0, -16, 0],
						"4.875": [0, -21, 0],
						"5.7917": [0, -16, 0],
						"6.6667": [0, -43, 0],
						"8.5": [0, -50, 0],
						"8.5417": [0, -797, 0]
					},
					"scale": {
						"0.0": [0.8, 1, 1],
						"0.375": [2.2, 1, 1],
						"0.6667": [1, 1, 1.7],
						"0.8333": [1.7222, 1, 1.1889],
						"1.0417": [0.6, 1, 1],
						"1.3333": [0.8, 1, 1],
						"1.75": [1, 1, 1],
						"2.7917": [0.9, 1, 0.9],
						"5.0": [0.7, 1, 0.8],
						"7.375": [0.6, 1, 0.7],
						"8.0417": [0.6, 1, 0.7],
						"8.5417": [-0.05, 1, 0]
					}
				},
				"tail56": {
					"rotation": {
						"0.0": [0, 0, -7.5],
						"2.0": [1.65937, -14.62263, -8.75934]
					}
				},
				"tail57": {
					"rotation": {
						"0.0": [-0.00571, -7.30808, 9.18697],
						"0.875": [-5.03189, -23.35528, -8.5948]
					}
				},
				"tail59": {
					"rotation": {
						"0.0": [0, 0, -2.5],
						"1.0": [0, 0, 5],
						"2.0": [-0.10949, -22.49393, -11.96263]
					}
				},
				"tail60": {
					"rotation": {
						"0.0": [0, 0, -5],
						"0.9583": [0, 0, -17.5],
						"2.0": [0, 0, -2.5]
					}
				},
				"tail61": {
					"rotation": {
						"0.0": [0, 0, 2.5],
						"2.1667": [0, 0, 19.5]
					}
				},
				"bone": {
					"rotation": {
						"0.0": [0, 0, -2.5],
						"4.625": [0, 0, -62.5]
					}
				},
				"bone2": {
					"rotation": {
						"0.0": [0, -5, 0],
						"5.5417": [0, -20, 0]
					}
				},
				"bone5": {
					"rotation": {
						"0.0": [0, -2.5, 0],
						"4.75": [0, -25, 0]
					}
				},
				"bone7": {
					"rotation": {
						"0.0": [0, -7.5, 0],
						"6.125": [0, -27.5, 0]
					}
				},
				"bone8": {
					"rotation": {
						"0.0": [0, -10, 0],
						"5.6667": [0, -17.5, 0]
					}
				},
				"bone11": {
					"rotation": {
						"0.125": [0, 0, 2.5],
						"7.5833": [0.32966, -29.69473, 41.83023]
					}
				},
				"bone12": {
					"rotation": {
						"0.0": [0, 0, 10],
						"11.5417": [0, 0, 17.5]
					}
				},
				"bone13": {
					"rotation": {
						"0.0": [0, 0, -5],
						"5.5833": [-0.02653, -17.49766, -5.28838]
					}
				},
				"bone14": {
					"rotation": {
						"0.0": [0, 0, -5],
						"11.9167": [-0.13144, -37.48917, -5.92698]
					}
				},
				"bone15": {
					"rotation": {
						"0.0": [0, 0, -5],
						"7.875": [-0.15582, -9.98382, -5.59036]
					}
				},
				"bone16": {
					"rotation": {
						"0.0": [0, 0, -12.5],
						"1.875": [0, 0, 21],
						"7.7083": [0.00533, -9.9981, 21.19518]
					}
				},
				"bone17": {
					"rotation": {
						"0.0": [0, 0, -5],
						"1.5417": [0, 0, 32],
						"11.9167": [0, 0, 2]
					}
				},
				"bone18": {
					"rotation": {
						"0.0": [0, 0, 12],
						"1.5833": [0, 0, 23],
						"11.9167": [0.0008, -12.49146, 23.4629]
					}
				},
				"bone19": {
					"rotation": {
						"0.0": [0, -7.5, 0],
						"1.5417": [0, -20.5, 0],
						"11.9167": [0, -5.5, 0]
					}
				}
			}
		},
		"animation.eternamax_eternatus.cry": {
			"animation_length": 3,
			"bones": {
				"1": {
					"rotation": {
						"0.0": [41.48871, 40.64555, -24.68476],
						"0.4583": [41.48871, 40.64555, -24.68476],
						"0.6667": [26.55313, 20.46885, 7.63957],
						"2.0": [41.48871, 40.64555, -24.68476]
					}
				},
				"2": {
					"rotation": {
						"0.0": [0, 0, -37.5],
						"0.4583": [0, 0, -37.5],
						"0.6667": [0, 0, -7.5],
						"2.0": [0, 0, -37.5]
					}
				},
				"3": {
					"rotation": {
						"0.0": [-5.11112, -11.95366, -18.43869],
						"0.4583": [-5.11112, -11.95366, -18.43869],
						"2.0": [-5.11112, -11.95366, -18.43869]
					}
				},
				"4": {
					"rotation": {
						"0.0": [0, 0, -22.5],
						"0.4583": [0, 0, -22.5],
						"2.0": [0, 0, -22.5]
					}
				},
				"5": {
					"rotation": {
						"0.0": [0, 6, 7.5],
						"0.4583": [0, 6, 7.5],
						"2.0": [0, 6, 7.5]
					}
				},
				"6": {
					"rotation": {
						"0.0": [-17.64168, -7.15102, -42.73292],
						"0.4583": [-17.64168, -7.15102, -42.73292],
						"0.6667": [-15.74348, 10.76183, 12.16375],
						"2.0": [-17.64168, -7.15102, -42.73292]
					}
				},
				"7": {
					"rotation": {
						"0.0": [0, 0, -27.5],
						"0.4583": [0, 0, -27.5],
						"0.6667": [0, 0, -12.5],
						"2.0": [0, 0, -27.5]
					}
				},
				"8": {
					"rotation": {
						"0.0": [-11, 0, -40],
						"0.4583": [-11, 0, -40],
						"0.6667": [-9.04709, 6.28324, -5.4976],
						"2.0": [-11, 0, -40]
					}
				},
				"9": {
					"rotation": {
						"0.0": [-47.0748, -24.4392, 2.85452],
						"0.4583": [-47.0748, -24.4392, 2.85452],
						"0.6667": [-41.25452, -8.80305, 22.99704],
						"2.0": [-47.0748, -24.4392, 2.85452]
					}
				},
				"10": {
					"rotation": {
						"0.0": [-17.5, 0, -17.5],
						"0.4583": [-17.5, 0, -17.5],
						"0.6667": [-16.93839, 4.46375, -3.16499],
						"2.0": [-17.5, 0, -17.5]
					}
				},
				"11": {
					"rotation": {
						"0.0": [0, 0, -25],
						"0.4583": [0, 0, -25],
						"0.6667": [0, 0, -7.5],
						"2.0": [0, 0, -25]
					}
				},
				"12": {
					"rotation": {
						"0.0": [0, 0, -45],
						"0.4583": [0, 0, -45],
						"0.6667": [0, 0, -5],
						"2.0": [0, 0, -45]
					}
				},
				"13": {
					"rotation": {
						"0.0": [-30.39908, 10.49367, -32.9718],
						"0.4583": [-30.39908, 10.49367, -32.9718],
						"0.6667": [-98.97654, -9.6643, -110.06469],
						"2.0": [-30.39908, 10.49367, -32.9718]
					},
					"position": [-4.7, -3.5, 2.6]
				},
				"14": {
					"rotation": {
						"0.0": [-4.64071, 13.223, -30.53818],
						"0.4583": [-4.64071, 13.223, -30.53818],
						"0.6667": [-2.2336, 13.82419, -20.27081],
						"2.0": [-4.64071, 13.223, -30.53818]
					}
				},
				"15": {
					"rotation": {
						"0.0": [-0.85884, 13.94052, -36.16366],
						"0.4583": [-0.85884, 13.94052, -36.16366],
						"0.6667": [9.36614, 10.40698, 9.79619],
						"2.0": [-0.85884, 13.94052, -36.16366]
					}
				},
				"16": {
					"rotation": {
						"0.0": [0, 0, -27],
						"0.4583": [0, 0, -27],
						"0.6667": [0, 0, -22],
						"2.0": [0, 0, -27]
					}
				},
				"17": {
					"rotation": {
						"0.0": [29.49806, 3.46753, -16.75884],
						"0.4583": [29.49806, 3.46753, -16.75884],
						"0.6667": [29.8298, -7.60156, -18.2552],
						"2.0": [29.49806, 3.46753, -16.75884]
					}
				},
				"18": {
					"rotation": {
						"0.0": [0, 0, -31],
						"0.4583": [0, 0, -31],
						"0.6667": [0, 0, -8.5],
						"2.0": [0, 0, -31]
					}
				},
				"19": {
					"rotation": {
						"0.0": [0, 0, -34],
						"0.4583": [0, 0, -34],
						"0.6667": [0, 0, -6.5],
						"2.0": [0, 0, -34]
					}
				},
				"20": {
					"rotation": {
						"0.0": [0, -25, -37],
						"0.4583": [0, -25, -37],
						"0.6667": [-13.12427, -21.46902, -4.50142],
						"2.0": [0, -25, -37]
					}
				},
				"tail59": {
					"rotation": {
						"0.0": [0, 0, -7.5],
						"0.3333": [0, 0, 5]
					}
				},
				"tail60": {
					"rotation": {
						"0.0": [0, 0, 5],
						"0.5417": [-14.79283, 2.79827, -0.39631]
					}
				}
			}
		}
	}
}