{
	"format_version": "1.12.0",
	"minecraft:geometry": [
		{
			"description": {
				"identifier": "geometry.regieleki",
				"texture_width": 256,
				"texture_height": 256,
				"visible_bounds_width": 6,
				"visible_bounds_height": 3.5,
				"visible_bounds_offset": [0, 1.25, 0]
			},
			"bones": [
				{
					"name": "regieleki",
					"pivot": [0, 0, 0]
				},
				{
					"name": "torso",
					"parent": "regieleki",
					"pivot": [0, 7, 0],
					"cubes": [
						{"origin": [-2.5, 8, -2], "size": [3.7, 7, 4], "uv": [0, 0]},
						{"origin": [-7.8, 14.3, -7], "size": [14, 14, 14], "uv": [0, 0]},
						{"origin": [-6.8, 30.2, -6], "size": [0, 5, 12], "pivot": [0, 28.4, 0], "rotation": [0, 0, -15], "uv": [232, -11]},
						{"origin": [5.2, 29.6, -6], "size": [0, 5, 12], "pivot": [0, 28.4, 0], "rotation": [0, 0, 15], "uv": [232, -11]},
						{"origin": [-6.8, 30.2, 6], "size": [12, 5, 0], "pivot": [0, 28.4, 0], "rotation": [-15, 0, 0], "uv": [221, 104]},
						{"origin": [-6.8, 29.8, -6], "size": [12, 5, 0], "pivot": [0, 28.4, 0], "rotation": [15, 0, 0], "uv": [221, 104]},
						{"origin": [-6.8, 27.7, -6], "size": [12, 1, 12], "uv": [201, 125]},
						{"origin": [-3.5, 8.5, -3], "size": [5.8, 1, 6], "uv": [0, 136]},
						{"origin": [-3.5, 10.3, -3], "size": [5.7, 1, 6], "inflate": 0.2, "uv": [0, 160]},
						{"origin": [-4, 12, -3], "size": [6.7, 2, 6], "uv": [0, 155]},
						{"origin": [-6.1, 6, -4], "size": [11, 1.7, 8], "uv": [38, 77]},
						{"origin": [-6.1, 5.5, -4], "size": [11, 1.7, 8], "inflate": -0.1, "uv": [38, 77]},
						{"origin": [-3.1, 7, -2.6], "size": [5, 1.7, 5], "uv": [112, 79]}
					]
				},
				{
					"name": "left_leg",
					"parent": "torso",
					"pivot": [3.6, 7, 0],
					"rotation": [0, 5, -7],
					"cubes": [
						{"origin": [0.42907, -0.94465, -1.18497], "size": [4, 14, 2.1], "inflate": -1, "pivot": [2.75016, 0.05218, -0.07435], "rotation": [0, 0, 11.5], "uv": [101, 112]}
					]
				},
				{
					"name": "arm_right",
					"parent": "torso",
					"pivot": [6, 22, 0],
					"cubes": [
						{"origin": [13.2, 17.3, -4.6], "size": [13, 9, 9], "uv": [0, 56]},
						{"origin": [12.9, 20.9, -6.6], "size": [14, 2, 12.9], "pivot": [16, 22, 0], "rotation": [47.5, 0, 0], "uv": [0, 42]},
						{"origin": [8.2, 20.9, -4.2], "size": [6, 2, 8], "uv": [98, 102]},
						{"origin": [12.9, 20.9, -5.2], "size": [14, 2, 10], "uv": [72, 67]},
						{"origin": [23.2, 20.9, -4.2], "size": [7, 2, 8], "uv": [97, 89]},
						{"origin": [23.2, 20.9, -5.3], "size": [7, 2, 10.3], "pivot": [16, 22, 0], "rotation": [47.5, 0, 0], "uv": [66, 79]},
						{"origin": [30.2, 20.9, -3.2], "size": [2.3, 2, 6.8], "pivot": [16, 22, 0], "rotation": [47.5, 0, 0], "uv": [0, 118]},
						{"origin": [30.2, 20.9, -3.2], "size": [2.1, 2, 6], "uv": [119, 19]},
						{"origin": [30.2, 20.9, -3.2], "size": [2.2, 2, 6.8], "pivot": [16, 22, 0], "rotation": [-47.5, 0, 0], "uv": [118, 99]},
						{"origin": [29.2, 20.4, -2.6], "size": [2, 3.4, 5.3], "uv": [119, 85]},
						{"origin": [26.2, 18.3, -3.6], "size": [3, 7, 7], "uv": [23, 109]},
						{"origin": [8.2, 18.3, -3.6], "size": [5, 7, 7], "uv": [105, 38]},
						{"origin": [8.2, 20.9, -4.9], "size": [6, 2, 10], "pivot": [16, 22, 0], "rotation": [-47.5, 0, 0], "uv": [84, 12]},
						{"origin": [12.9, 20.9, -6.4], "size": [14, 2, 12.9], "pivot": [16, 22, 0], "rotation": [-47.5, 0, 0], "uv": [42, 0]},
						{"origin": [23.2, 20.9, -4.9], "size": [7, 2, 9.9], "pivot": [16, 22, 0], "rotation": [-47.5, 0, 0], "uv": [0, 89]},
						{"origin": [23.2, 20.9, -4.2], "size": [7, 2, 8.5], "pivot": [16, 22, 0], "rotation": [-90, 0, 0], "uv": [0, 101]},
						{"origin": [30.2, 20.9, -3.2], "size": [2, 2, 6.5], "pivot": [16, 22, 0], "rotation": [-90, 0, 0], "uv": [85, 119]},
						{"origin": [12.9, 20.9, -5.2], "size": [14, 2, 10.5], "pivot": [16, 22, 0], "rotation": [-90, 0, 0], "uv": [0, 77]},
						{"origin": [8.2, 20.9, -4.2], "size": [6, 2, 8.5], "pivot": [16, 22, 0], "rotation": [-90, 0, 0], "uv": [57, 103]},
						{"origin": [8.2, 20.9, -5.2], "size": [6, 2, 10.3], "pivot": [16, 22, 0], "rotation": [47.5, 0, 0], "uv": [82, 42]},
						{"origin": [6.2, 17.3, -4.6], "size": [2, 9, 9], "uv": [84, 92]}
					]
				},
				{
					"name": "bone5",
					"parent": "arm_right",
					"pivot": [20, 19.8, -6],
					"rotation": [0, 0, 35],
					"cubes": [
						{"origin": [13.2, 22.1, -1.6], "size": [5, 4, 0], "uv": [64, 57]}
					]
				},
				{
					"name": "bone9",
					"parent": "arm_right",
					"pivot": [23.4, 17.6, -3.7],
					"rotation": [64.5843, 25.89804, -2.88759],
					"cubes": [
						{"origin": [16.6, 19.9, 0.7], "size": [5, 4, 0], "uv": [64, 57]}
					]
				},
				{
					"name": "bone10",
					"parent": "arm_right",
					"pivot": [28.4, 13.6, -3.7],
					"rotation": [64.5843, 25.89804, -2.88759],
					"cubes": [
						{"origin": [21.6, 15.9, 0.7], "size": [5, 4, 0], "uv": [64, 57]}
					]
				},
				{
					"name": "bone11",
					"parent": "arm_right",
					"pivot": [22.4, 13.6, -3.7],
					"rotation": [64.5843, 25.89804, -2.88759],
					"cubes": [
						{"origin": [15.6, 15.9, 0.7], "size": [5, 4, 0], "uv": [64, 57]}
					]
				},
				{
					"name": "bone12",
					"parent": "arm_right",
					"pivot": [22.4, 14.2, 3.1],
					"rotation": [64.5843, 25.89804, -2.88759],
					"cubes": [
						{"origin": [15.6, 16.5, 7.5], "size": [5, 4, 0], "uv": [64, 57]}
					]
				},
				{
					"name": "bone13",
					"parent": "arm_right",
					"pivot": [21, 15, 3.1],
					"rotation": [64.5843, 25.89804, -2.88759],
					"cubes": [
						{"origin": [14.2, 17.3, 7.5], "size": [5, 4, 0], "uv": [64, 57]}
					]
				},
				{
					"name": "bone14",
					"parent": "arm_right",
					"pivot": [28.45, 14.4, 3.1],
					"rotation": [64.5843, 25.89804, -2.88759],
					"cubes": [
						{"origin": [21.65, 16.7, 7.5], "size": [5, 4, 0], "uv": [64, 57]}
					]
				},
				{
					"name": "bone15",
					"parent": "arm_right",
					"pivot": [28.45, 19.4, 3.1],
					"rotation": [64.5843, 25.89804, -2.88759],
					"cubes": [
						{"origin": [20.05, 21.7, 6.5], "size": [5, 4, 0], "pivot": [8.45, -4.6, 3.1], "rotation": [0, -3, 0], "uv": [64, 57]}
					]
				},
				{
					"name": "bone16",
					"parent": "arm_right",
					"pivot": [22.45, 17.4, 3.1],
					"rotation": [64.5843, 25.89804, -2.88759],
					"cubes": [
						{"origin": [15.65, 19.7, 7.5], "size": [5, 4, 0], "uv": [64, 57]}
					]
				},
				{
					"name": "bone6",
					"parent": "arm_right",
					"pivot": [23.4, 19.8, -2],
					"rotation": [0, 0, 35],
					"cubes": [
						{"origin": [16.6, 22.1, 2.4], "size": [5, 4, 0], "uv": [64, 57]}
					]
				},
				{
					"name": "bone17",
					"parent": "arm_right",
					"pivot": [23.4, 11.2, -2],
					"rotation": [0, 0, 35],
					"cubes": [
						{"origin": [16.6, 13.5, 2.4], "size": [5, 4, 0], "uv": [64, 57]}
					]
				},
				{
					"name": "bone18",
					"parent": "arm_right",
					"pivot": [20.2, 11.8, -2.8],
					"rotation": [0, 0, 35],
					"cubes": [
						{"origin": [13.4, 14.1, 1.6], "size": [5, 4, 0], "uv": [64, 57]}
					]
				},
				{
					"name": "bone19",
					"parent": "arm_right",
					"pivot": [22.4, 12.8, -2.8],
					"rotation": [0, 0, 35],
					"cubes": [
						{"origin": [15.6, 15.1, 1.6], "size": [5, 4, 0], "uv": [64, 57]}
					]
				},
				{
					"name": "bone20",
					"parent": "arm_right",
					"pivot": [22.4, 12.8, -6.3],
					"rotation": [0, 0, 35],
					"cubes": [
						{"origin": [12.5, 11.6, -2.4], "size": [5, 4, 0], "uv": [64, 57]}
					]
				},
				{
					"name": "bone21",
					"parent": "arm_right",
					"pivot": [22.4, 12.8, -6.3],
					"rotation": [0, 0, 35],
					"cubes": [
						{"origin": [15.6, 15.1, -1.9], "size": [5, 4, 0], "uv": [64, 57]}
					]
				},
				{
					"name": "bone7",
					"parent": "arm_right",
					"pivot": [15.2, 18.7, -2],
					"rotation": [0, 0, 35],
					"cubes": [
						{"origin": [8.4, 21, 2.4], "size": [5, 4, 0], "uv": [64, 57]}
					]
				},
				{
					"name": "bone8",
					"parent": "arm_right",
					"pivot": [12.5, 18.4, -6.1],
					"rotation": [0, 0, 35],
					"cubes": [
						{"origin": [5.7, 20.7, -1.7], "size": [5, 4, 0], "uv": [64, 57]},
						{"origin": [7.6, 21.6, -1.7], "size": [5, 4, 0], "uv": [64, 57]}
					]
				},
				{
					"name": "el",
					"parent": "arm_right",
					"pivot": [7.9, 25.8, 0],
					"rotation": [0, 0, 28],
					"cubes": [
						{"origin": [7.7, 27.23671, -6.27482], "size": [0, 2, 2.8], "pivot": [7.5, 29.1, 0.1], "rotation": [-79.27581, -5.41621, -10.50874], "uv": [63, 109]},
						{"origin": [8.5, 27.23671, -3.57482], "size": [0, 2, 2.8], "pivot": [7.5, 29.1, 0.1], "rotation": [-78.34656, -2.8831, -23.29427], "uv": [63, 109]},
						{"origin": [8.1, 21.6, -8.5], "size": [0, 2, 4.8], "pivot": [15.9, 21.8, 0], "rotation": [-78, 0, 0], "uv": [61, 107]}
					]
				},
				{
					"name": "el2",
					"parent": "arm_right",
					"pivot": [8.4, 18.2, -3],
					"rotation": [0, 21, 140.5],
					"cubes": [
						{"origin": [9, 19.63671, -6.57482], "size": [0, 2, 2.8], "pivot": [8, 21.5, -2.9], "rotation": [-78.34656, -2.8831, -23.29427], "uv": [63, 109]},
						{"origin": [8.6, 14, -11.5], "size": [0, 2, 4.8], "pivot": [16.4, 14.2, -3], "rotation": [-78, 0, 0], "uv": [61, 107]}
					]
				},
				{
					"name": "arm_left2",
					"parent": "torso",
					"pivot": [-7.3, 22, 0],
					"rotation": [0, 180, 0],
					"cubes": [
						{"origin": [-0.1, 17.3, -4.6], "size": [13, 9, 9], "uv": [0, 56]},
						{"origin": [-0.4, 20.9, -6.6], "size": [14, 2, 12.9], "pivot": [2.7, 22, 0], "rotation": [47.5, 0, 0], "uv": [0, 42]},
						{"origin": [-5.1, 20.9, -4.2], "size": [6, 2, 8], "uv": [98, 102]},
						{"origin": [-0.4, 20.9, -5.2], "size": [14, 2, 10], "uv": [72, 67]},
						{"origin": [9.9, 20.9, -4.2], "size": [7, 2, 8], "uv": [97, 89]},
						{"origin": [9.9, 20.9, -5.3], "size": [7, 2, 10.3], "pivot": [2.7, 22, 0], "rotation": [47.5, 0, 0], "uv": [66, 79]},
						{"origin": [16.9, 20.9, -3.2], "size": [2.3, 2, 6.8], "pivot": [2.7, 22, 0], "rotation": [47.5, 0, 0], "uv": [0, 118]},
						{"origin": [16.9, 20.9, -3.2], "size": [2.1, 2, 6], "uv": [119, 19]},
						{"origin": [16.9, 20.9, -3.2], "size": [2.2, 2, 6.8], "pivot": [2.7, 22, 0], "rotation": [-47.5, 0, 0], "uv": [118, 99]},
						{"origin": [15.9, 20.4, -2.6], "size": [2, 3.4, 5.3], "uv": [119, 85]},
						{"origin": [12.9, 18.3, -3.6], "size": [3, 7, 7], "uv": [23, 109]},
						{"origin": [-5.1, 18.3, -3.6], "size": [5, 7, 7], "uv": [105, 38]},
						{"origin": [-5.1, 20.9, -4.9], "size": [6, 2, 10], "pivot": [2.7, 22, 0], "rotation": [-47.5, 0, 0], "uv": [84, 12]},
						{"origin": [-0.4, 20.9, -6.4], "size": [14, 2, 12.9], "pivot": [2.7, 22, 0], "rotation": [-47.5, 0, 0], "uv": [42, 0]},
						{"origin": [9.9, 20.9, -4.9], "size": [7, 2, 9.9], "pivot": [2.7, 22, 0], "rotation": [-47.5, 0, 0], "uv": [0, 89]},
						{"origin": [9.9, 20.9, -4.2], "size": [7, 2, 8.5], "pivot": [2.7, 22, 0], "rotation": [-90, 0, 0], "uv": [0, 101]},
						{"origin": [16.9, 20.9, -3.2], "size": [2, 2, 6.5], "pivot": [2.7, 22, 0], "rotation": [-90, 0, 0], "uv": [85, 119]},
						{"origin": [-0.4, 20.9, -5.2], "size": [14, 2, 10.5], "pivot": [2.7, 22, 0], "rotation": [-90, 0, 0], "uv": [0, 77]},
						{"origin": [-5.1, 20.9, -4.2], "size": [6, 2, 8.5], "pivot": [2.7, 22, 0], "rotation": [-90, 0, 0], "uv": [57, 103]},
						{"origin": [-5.1, 20.9, -5.2], "size": [6, 2, 10.3], "pivot": [2.7, 22, 0], "rotation": [47.5, 0, 0], "uv": [82, 42]},
						{"origin": [-7.1, 17.3, -4.6], "size": [2, 9, 9], "uv": [84, 92]}
					]
				},
				{
					"name": "bone22",
					"parent": "arm_left2",
					"pivot": [6.7, 19.8, -6],
					"rotation": [0, 0, 35],
					"cubes": [
						{"origin": [-0.1, 22.1, -1.6], "size": [5, 4, 0], "uv": [64, 57]}
					]
				},
				{
					"name": "bone23",
					"parent": "arm_left2",
					"pivot": [10.1, 17.6, -3.7],
					"rotation": [64.5843, 25.89804, -2.88759],
					"cubes": [
						{"origin": [3.3, 19.9, 0.7], "size": [5, 4, 0], "uv": [64, 57]}
					]
				},
				{
					"name": "bone24",
					"parent": "arm_left2",
					"pivot": [15.1, 13.6, -3.7],
					"rotation": [64.5843, 25.89804, -2.88759],
					"cubes": [
						{"origin": [8.3, 15.9, 0.7], "size": [5, 4, 0], "uv": [64, 57]}
					]
				},
				{
					"name": "bone25",
					"parent": "arm_left2",
					"pivot": [9.1, 13.6, -3.7],
					"rotation": [64.5843, 25.89804, -2.88759],
					"cubes": [
						{"origin": [2.3, 15.9, 0.7], "size": [5, 4, 0], "uv": [64, 57]}
					]
				},
				{
					"name": "bone26",
					"parent": "arm_left2",
					"pivot": [9.1, 14.2, 3.1],
					"rotation": [64.5843, 25.89804, -2.88759],
					"cubes": [
						{"origin": [2.3, 16.5, 7.5], "size": [5, 4, 0], "uv": [64, 57]}
					]
				},
				{
					"name": "bone27",
					"parent": "arm_left2",
					"pivot": [7.7, 15, 3.1],
					"rotation": [64.5843, 25.89804, -2.88759],
					"cubes": [
						{"origin": [0.9, 17.3, 7.5], "size": [5, 4, 0], "uv": [64, 57]}
					]
				},
				{
					"name": "bone28",
					"parent": "arm_left2",
					"pivot": [15.15, 14.4, 3.1],
					"rotation": [64.5843, 25.89804, -2.88759],
					"cubes": [
						{"origin": [8.35, 16.7, 7.5], "size": [5, 4, 0], "uv": [64, 57]}
					]
				},
				{
					"name": "bone29",
					"parent": "arm_left2",
					"pivot": [15.15, 19.4, 3.1],
					"rotation": [64.5843, 25.89804, -2.88759],
					"cubes": [
						{"origin": [6.75, 21.7, 6.5], "size": [5, 4, 0], "pivot": [-4.85, -4.6, 3.1], "rotation": [0, -3, 0], "uv": [64, 57]}
					]
				},
				{
					"name": "bone30",
					"parent": "arm_left2",
					"pivot": [9.15, 17.4, 3.1],
					"rotation": [64.5843, 25.89804, -2.88759],
					"cubes": [
						{"origin": [2.35, 19.7, 7.5], "size": [5, 4, 0], "uv": [64, 57]}
					]
				},
				{
					"name": "bone31",
					"parent": "arm_left2",
					"pivot": [10.1, 19.8, -2],
					"rotation": [0, 0, 35],
					"cubes": [
						{"origin": [3.3, 22.1, 2.4], "size": [5, 4, 0], "uv": [64, 57]}
					]
				},
				{
					"name": "bone32",
					"parent": "arm_left2",
					"pivot": [10.1, 11.2, -2],
					"rotation": [0, 0, 35],
					"cubes": [
						{"origin": [3.3, 13.5, 2.4], "size": [5, 4, 0], "uv": [64, 57]}
					]
				},
				{
					"name": "bone33",
					"parent": "arm_left2",
					"pivot": [6.9, 11.8, -2.8],
					"rotation": [0, 0, 35],
					"cubes": [
						{"origin": [0.1, 14.1, 1.6], "size": [5, 4, 0], "uv": [64, 57]}
					]
				},
				{
					"name": "bone34",
					"parent": "arm_left2",
					"pivot": [9.1, 12.8, -2.8],
					"rotation": [0, 0, 35],
					"cubes": [
						{"origin": [2.3, 15.1, 1.6], "size": [5, 4, 0], "uv": [64, 57]}
					]
				},
				{
					"name": "bone35",
					"parent": "arm_left2",
					"pivot": [9.1, 12.8, -6.3],
					"rotation": [0, 0, 35],
					"cubes": [
						{"origin": [-0.8, 11.6, -2.4], "size": [5, 4, 0], "uv": [64, 57]}
					]
				},
				{
					"name": "bone36",
					"parent": "arm_left2",
					"pivot": [9.1, 12.8, -6.3],
					"rotation": [0, 0, 35],
					"cubes": [
						{"origin": [2.3, 15.1, -1.9], "size": [5, 4, 0], "uv": [64, 57]}
					]
				},
				{
					"name": "bone37",
					"parent": "arm_left2",
					"pivot": [1.9, 18.7, -2],
					"rotation": [0, 0, 35],
					"cubes": [
						{"origin": [-4.9, 21, 2.4], "size": [5, 4, 0], "uv": [64, 57]}
					]
				},
				{
					"name": "bone38",
					"parent": "arm_left2",
					"pivot": [-0.8, 18.4, -6.1],
					"rotation": [0, 0, 35],
					"cubes": [
						{"origin": [-7.6, 20.7, -1.7], "size": [5, 4, 0], "uv": [64, 57]},
						{"origin": [-5.7, 21.6, -1.7], "size": [5, 4, 0], "uv": [64, 57]}
					]
				},
				{
					"name": "el4",
					"parent": "arm_left2",
					"pivot": [-5.4, 25.8, 0],
					"rotation": [0, 0, 28],
					"cubes": [
						{"origin": [-5.6, 27.23671, -6.27482], "size": [0, 2, 2.8], "pivot": [-5.8, 29.1, 0.1], "rotation": [-79.27581, -5.41621, -10.50874], "uv": [63, 109]},
						{"origin": [-4.8, 27.23671, -3.57482], "size": [0, 2, 2.8], "pivot": [-5.8, 29.1, 0.1], "rotation": [-78.34656, -2.8831, -23.29427], "uv": [63, 109]},
						{"origin": [-5.2, 21.6, -8.5], "size": [0, 2, 4.8], "pivot": [2.6, 21.8, 0], "rotation": [-78, 0, 0], "uv": [61, 107]}
					]
				},
				{
					"name": "el5",
					"parent": "arm_left2",
					"pivot": [-4.9, 18.2, -3],
					"rotation": [0, 21, 140.5],
					"cubes": [
						{"origin": [-4.3, 19.63671, -6.57482], "size": [0, 2, 2.8], "pivot": [-5.3, 21.5, -2.9], "rotation": [-78.34656, -2.8831, -23.29427], "uv": [63, 109]},
						{"origin": [-4.7, 14, -11.5], "size": [0, 2, 4.8], "pivot": [3.1, 14.2, -3], "rotation": [-78, 0, 0], "uv": [61, 107]}
					]
				},
				{
					"name": "eyes",
					"parent": "torso",
					"pivot": [-1.1, 21, 0],
					"cubes": [
						{"origin": [-5.2, 18.6, -7.1], "size": [1, 1, 1], "uv": [8, 11]},
						{"origin": [-5.2, 21.6, -7.1], "size": [1, 1, 1], "uv": [4, 11]},
						{"origin": [2.8, 21.6, -7.1], "size": [1, 1, 1], "uv": [0, 2]},
						{"origin": [2.8, 18.6, -7.1], "size": [1, 1, 1], "uv": [10, 0]},
						{"origin": [-3.2, 20.2, -7.1], "size": [1, 1, 1], "uv": [0, 11]},
						{"origin": [0.8, 20.2, -7.1], "size": [1, 1, 1], "uv": [0, 0]},
						{"origin": [-1.2, 20.6, -7.1], "size": [1, 1, 1], "uv": [10, 2]}
					]
				},
				{
					"name": "right_leg",
					"parent": "torso",
					"pivot": [-5.2, 7, 0],
					"rotation": [0, -5, 7],
					"cubes": [
						{"origin": [-5.72907, -0.94465, -1.18497], "size": [4, 14, 2.1], "inflate": -1, "pivot": [-4.35016, 0.05218, -0.07435], "rotation": [0, 0, -11.5], "uv": [43, 111]}
					]
				},
				{
					"name": "arm_left",
					"parent": "torso",
					"pivot": [-6, 22, 0]
				},
				{
					"name": "el3",
					"parent": "arm_left",
					"pivot": [-8.9, 25.8, 0],
					"rotation": [20, 0, -28],
					"cubes": [
						{"origin": [-8.7, 27.23671, -6.27482], "size": [0, 2, 2.8], "pivot": [-8.5, 29.1, 0.1], "rotation": [-79.27581, 5.41621, 10.50874], "uv": [63, 109], "mirror": true},
						{"origin": [-9.5, 27.23671, -3.57482], "size": [0, 2, 2.8], "pivot": [-8.5, 29.1, 0.1], "rotation": [-78.34656, 2.8831, 23.29427], "uv": [63, 109], "mirror": true},
						{"origin": [-9.1, 21.6, -8.5], "size": [0, 2, 4.8], "pivot": [-16.9, 21.8, 0], "rotation": [-78, 0, 0], "uv": [61, 107], "mirror": true}
					]
				},
				{
					"name": "el6",
					"parent": "arm_left",
					"pivot": [-9.3, 19.1, -0.3],
					"rotation": [-175.66713, -2.49762, 1.9055],
					"cubes": [
						{"origin": [-9.9, 20.53671, -3.87482], "size": [0, 2, 2.8], "pivot": [-8.9, 22.4, -0.2], "rotation": [-78.34656, 2.8831, 23.29427], "uv": [63, 109], "mirror": true},
						{"origin": [-9.5, 14.9, -8.8], "size": [0, 2, 4.8], "pivot": [-17.3, 15.1, -0.3], "rotation": [-78, 0, 0], "uv": [61, 107], "mirror": true}
					]
				}
			]
		}
	]
}