{
	"format_version": "1.12.0",
	"minecraft:geometry": [
		{
			"description": {
				"identifier": "geometry.regidrago",
				"texture_width": 256,
				"texture_height": 256,
				"visible_bounds_width": 5,
				"visible_bounds_height": 4.5,
				"visible_bounds_offset": [0, 1.75, 0]
			},
			"bones": [
				{
					"name": "regidrago",
					"pivot": [0, 0, 0]
				},
				{
					"name": "torso",
					"parent": "regidrago",
					"pivot": [0, 0, 0],
					"cubes": [
						{"origin": [-8, 9.4, -8], "size": [16, 16, 15.99], "uv": [193, 41]}
					]
				},
				{
					"name": "eyes",
					"parent": "torso",
					"pivot": [0.2, 18, -8.2],
					"cubes": [
						{"origin": [-0.5, 13.4, -8.1], "size": [1, 1, 1], "uv": [0, 62]},
						{"origin": [-0.5, 17.9, -8.1], "size": [1, 1, 1], "uv": [52, 0]},
						{"origin": [-2.3, 16.4, -8.1], "size": [1, 1, 1], "uv": [52, 2]},
						{"origin": [1.2, 16.4, -8.1], "size": [1, 1, 1], "uv": [38, 32]},
						{"origin": [-2.7, 18.4, -8.1], "size": [1, 1, 1], "uv": [11, 0]},
						{"origin": [1.6, 18.4, -8.1], "size": [1, 1, 1], "uv": [11, 32]},
						{"origin": [-0.5, 15.6, -8.1], "size": [1, 1, 1], "uv": [38, 34]}
					]
				},
				{
					"name": "right_leg",
					"parent": "torso",
					"pivot": [-5, 10, 1],
					"rotation": [0, 0, 8],
					"cubes": [
						{"origin": [-7.5, 0, -2], "size": [5, 5, 5], "pivot": [-4, 10, 0], "rotation": [0, 0, -5], "uv": [38, 32]},
						{"origin": [-6.5, 4, -1.5], "size": [4, 6, 4], "uv": [240, 134]},
						{"origin": [-7.1, 2.2, -1.5], "size": [4, 2, 4], "pivot": [-4, 10, 0], "rotation": [0, 0, -6], "uv": [240, 134]},
						{"origin": [-6.5, 4, -1.5], "size": [4, 0, 4], "uv": [240, 134]}
					]
				},
				{
					"name": "left_leg",
					"parent": "torso",
					"pivot": [5, 10, 1],
					"rotation": [0, 0, -8],
					"cubes": [
						{"origin": [2.4, 0, -2], "size": [5, 5, 5], "pivot": [4, 10, 0], "rotation": [0, 0, 5], "uv": [52, 0]},
						{"origin": [2.3, 4, -1.5], "size": [4, 6, 4], "uv": [213, 59]},
						{"origin": [3.1, 0.9, -1.5], "size": [4, 3.3, 4], "pivot": [4, 10, 0], "rotation": [0, 0, 7], "uv": [213, 56]}
					]
				},
				{
					"name": "left_arm",
					"parent": "torso",
					"pivot": [-6.7, 24.3, 0],
					"rotation": [0, 0, 1],
					"cubes": [
						{"origin": [-11.99715, -5.88514, -8], "size": [2, 16, 0], "inflate": 0.11, "pivot": [-5.79715, 18.41486, 0], "rotation": [0, 0, 39], "uv": [74, 32]},
						{"origin": [-18.09715, 10.11486, -7.6], "size": [8.2, 16.1, 15.2], "inflate": 0.09, "pivot": [-5.79715, 18.41486, 0], "rotation": [0, 0, 39], "uv": [35, 47]},
						{"origin": [-18.99715, 9.11486, -8], "size": [9, 3, 1], "inflate": 0.1, "pivot": [-5.79715, 18.41486, 0], "rotation": [0, 0, 39], "uv": [52, 10]},
						{"origin": [-12.99715, 12.11486, -8], "size": [3, 14, 1], "inflate": 0.1, "pivot": [-5.79715, 18.41486, 0], "rotation": [0, 0, 39], "uv": [72, 0]},
						{"origin": [-12.89715, 26.11486, -8], "size": [3, 0.1, 16], "inflate": 0.1, "pivot": [-5.79715, 18.41486, 0], "rotation": [0, 0, 39], "uv": [106, 24]},
						{"origin": [-19.99715, 18.71486, -8], "size": [7, 7.5, 1], "inflate": 0.1, "pivot": [-5.79715, 18.41486, 0], "rotation": [0, 0, 39], "uv": [40, 86]},
						{"origin": [-19.39715, 18.01486, -7.96], "size": [2.3, 6, 1], "inflate": 0.09, "pivot": [-5.79715, 18.41486, 0], "rotation": [0, 0, 3], "uv": [89, 71]},
						{"origin": [-19.39715, 18.01486, 6.94], "size": [2.3, 6, 1], "inflate": 0.091, "pivot": [-5.79715, 18.41486, 0], "rotation": [0, 0, 3], "uv": [89, 71]},
						{"origin": [-12.99715, 12.11486, 6.9], "size": [3, 14, 1], "inflate": 0.1, "pivot": [-5.79715, 18.41486, 0], "rotation": [0, 0, 39], "uv": [24, 62]},
						{"origin": [-18.99715, 18.81486, 6.9], "size": [6, 7.4, 1], "inflate": 0.1, "pivot": [-5.79715, 18.41486, 0], "rotation": [0, 0, 39], "uv": [40, 78]},
						{"origin": [-18.99715, 9.11486, 6.9], "size": [9, 3, 1], "inflate": 0.1, "pivot": [-5.79715, 18.41486, 0], "rotation": [0, 0, 39], "uv": [38, 42]},
						{"origin": [-18.99715, 9.11486, -7.1], "size": [6, 0, 15], "inflate": 0.1, "pivot": [-5.79715, 18.41486, 0], "rotation": [0, 0, 39], "uv": [77, 27]},
						{"origin": [-20.19715, 27.11486, -8], "size": [4, 9, 3], "inflate": 0.06, "pivot": [-5.79715, 17.61486, 0], "rotation": [0, 0, 18], "uv": [0, 32]},
						{"origin": [-20.19715, 27.11486, 5], "size": [4, 9, 3], "inflate": 0.06, "pivot": [-5.79715, 17.61486, 0], "rotation": [0, 0, 18], "uv": [0, 0]},
						{"origin": [-21.49715, 35.91486, -8], "size": [2, 9, 3], "inflate": 0.06, "pivot": [-7.09715, 13.51486, 0], "rotation": [0, 0, 18], "uv": [0, 32]},
						{"origin": [-21.49715, 36.01486, 5], "size": [2, 9, 3], "inflate": 0.06, "pivot": [-7.09715, 13.51486, 0], "rotation": [0, 0, 18], "uv": [0, 0]},
						{"origin": [-15.39715, 37.61486, -8], "size": [2, 9, 3], "inflate": 0.04, "pivot": [-7.09715, 13.51486, 0], "rotation": [0, 0, 8], "uv": [0, 32]},
						{"origin": [-15.39715, 37.61486, 5], "size": [2, 9, 3], "inflate": 0.04, "pivot": [-7.09715, 13.51486, 0], "rotation": [0, 0, 8], "uv": [0, 32]},
						{"origin": [-22.69715, 15.11486, -8], "size": [4.1, 13.1, 16], "inflate": 0.05, "pivot": [-5.79715, 17.61486, 0], "rotation": [0, 0, 29], "uv": [64, 0]},
						{"origin": [-22.09715, 18.61486, -8], "size": [3.6, 4.1, 16], "inflate": 0.0513, "pivot": [-5.79715, 17.61486, 0], "rotation": [0, 0, 3], "uv": [64, 0]},
						{"origin": [-19.09715, 15.11486, -8], "size": [1.3, 6.7, 16], "inflate": 0.0515, "pivot": [-5.79715, 17.61486, 0], "rotation": [0, 0, 29], "uv": [64, 0]},
						{"origin": [-22.19715, 26.11486, -8], "size": [5.3, 2.1, 16], "inflate": 0.05, "pivot": [-5.79715, 17.61486, 0], "rotation": [0, 0, 29], "uv": [64, 0]},
						{"origin": [-13.99715, -5.88514, -8], "size": [4, 16, 16], "inflate": 0.105, "pivot": [-5.79715, 18.41486, 0], "rotation": [0, 0, 39], "uv": [65, 62]},
						{"origin": [-27.65868, 4.71672, -8], "size": [0.5, 10, 2], "inflate": 0.04, "pivot": [-26.79715, 4.31486, -7], "rotation": [-17, 0, 15], "uv": [88, 0]},
						{"origin": [-17.49715, -4.48514, -8], "size": [2.5, 16, 16], "inflate": 0.05, "pivot": [-5.79715, 18.41486, 0], "rotation": [0, 0, 31], "uv": [40, 78]},
						{"origin": [-27.65868, 14.71672, -7], "size": [0.5, 1, 1], "inflate": 0.04, "pivot": [-26.79715, 4.31486, -7], "rotation": [-17, 0, 15], "uv": [0, 1]},
						{"origin": [-27.65868, 10.61672, 5.5], "size": [0.5, 1, 1], "inflate": 0.04, "pivot": [-26.79715, 4.31486, -7], "rotation": [17, 0, 15], "uv": [0, 0]},
						{"origin": [-11.99715, -5.88514, 8], "size": [2, 16, 0], "inflate": 0.1, "pivot": [-5.79715, 18.41486, 0], "rotation": [0, 0, 39], "uv": [78, 32]},
						{"origin": [-27.65868, 0.61672, 5.5], "size": [0.5, 10, 2], "inflate": 0.04, "pivot": [-26.79715, 4.31486, -7], "rotation": [17, 0, 15], "uv": [50, 116]},
						{"origin": [-11.99715, -5.88514, -8], "size": [2, 0, 16], "inflate": 0.1, "pivot": [-5.79715, 18.41486, 0], "rotation": [0, 0, 39], "uv": [18, 32]},
						{"origin": [-9.99715, -5.78514, 5.8], "size": [5.4, 0, 1.2], "inflate": 0.11, "pivot": [-5.79715, 18.51486, 0], "rotation": [0, 0, 39], "uv": [85, 61]},
						{"origin": [-8.99715, -5.78514, 4.4], "size": [7, 0, 1.3], "inflate": 0.111, "pivot": [-5.79715, 18.51486, 0], "rotation": [0, -30, 39], "uv": [51, 14]},
						{"origin": [-8.09715, -5.78514, 5.8], "size": [3.6, 0, 1.4], "inflate": 0.1, "pivot": [-5.79715, 18.51486, 0], "rotation": [0, -30, 39], "uv": [65, 14]},
						{"origin": [-9.19715, -6.48514, -0.3], "size": [4, 0, 0.3], "inflate": 0.111, "pivot": [-4.99715, 17.81486, -6.5], "rotation": [0, 0, 39], "uv": [0, 0]},
						{"origin": [-8.19715, -6.48514, -1.1], "size": [6, 0, 0.3], "inflate": 0.111, "pivot": [-4.99715, 17.81486, -6.5], "rotation": [0, -30, 39], "uv": [0, 0]},
						{"origin": [-8.19715, -6.48514, -0.8], "size": [5.7, 0, 1], "inflate": 0.1, "pivot": [-4.99715, 17.81486, -6.5], "rotation": [0, -30, 39], "uv": [75, 61]},
						{"origin": [-8.19715, -6.48514, 0.3], "size": [5, 0, 1], "inflate": 0.09, "pivot": [-4.99715, 17.81486, -6.5], "rotation": [0, -30, 39], "uv": [65, 61]},
						{"origin": [-8.79715, -6.48514, 2.2], "size": [4.4, 0, 1.2], "inflate": 0.085, "pivot": [-4.99715, 17.81486, -6.5], "rotation": [0, -30, 39], "uv": [65, 45]},
						{"origin": [-8.19715, -6.48514, 1.4], "size": [4.4, 0, 1.2], "inflate": 0.087, "pivot": [-4.99715, 17.81486, -6.5], "rotation": [0, -30, 39], "uv": [52, 35]},
						{"origin": [-14.49715, -6.48514, -1.4], "size": [6, 0, 0.5], "inflate": 0.11, "pivot": [-4.99715, 17.81486, -6.5], "rotation": [0, 30, 39], "uv": [0, 0]},
						{"origin": [-15.29715, -5.78514, -7.8], "size": [7, 0, 1.3], "inflate": 0.11, "pivot": [-5.79715, 18.51486, -13.2], "rotation": [0, 30, 39], "uv": [138, 25]},
						{"origin": [-14.29715, -5.78514, -9.1], "size": [4, 0, 1.3], "inflate": 0.1, "pivot": [-5.79715, 18.51486, -13.2], "rotation": [0, 30, 39], "uv": [65, 46]},
						{"origin": [-9.99715, -5.78514, -7.4], "size": [5.4, 0, 1.2], "inflate": 0.111, "pivot": [-5.79715, 18.51486, -13.2], "rotation": [0, 0, 39], "uv": [23, 77]},
						{"origin": [-23.90642, 4.78148, -7.9], "size": [4, 1, 0], "inflate": 0.111, "pivot": [-23.59715, 3.41486, -7.8], "rotation": [0, 0, 49], "uv": [92, 10]},
						{"origin": [-23.90642, 3.68148, -7.9], "size": [2, 1, 0], "inflate": 0.1, "pivot": [-23.59715, 3.41486, -7.8], "rotation": [0, 0, 49], "uv": [67, 1]},
						{"origin": [-23.80642, 2.48148, -7.9], "size": [4, 1.2, 0], "inflate": 0.11, "pivot": [-23.59715, 3.41486, -7.8], "rotation": [0, 0, 15], "uv": [92, 9]},
						{"origin": [-21.40642, 5.28148, -7.9], "size": [4, 1.2, 0], "inflate": 0.11, "pivot": [-21.19715, 6.21486, -7.8], "rotation": [0, 0, 15], "uv": [92, 7]},
						{"origin": [-21.50642, 7.58148, -7.9], "size": [4, 1, 0], "inflate": 0.111, "pivot": [-21.19715, 6.21486, -7.8], "rotation": [0, 0, 49], "uv": [92, 8]},
						{"origin": [-21.50642, 6.48148, -7.9], "size": [2, 1, 0], "inflate": 0.1, "pivot": [-21.19715, 6.21486, -7.8], "rotation": [0, 0, 49], "uv": [67, 0]},
						{"origin": [-17.60642, 10.98148, -7.9], "size": [7, 2.2, 0], "inflate": 0.11, "pivot": [-16.39715, 11.91486, -7.8], "rotation": [0, 0, 15], "uv": [0, 74]},
						{"origin": [-17.60642, 13.38148, -7.9], "size": [3.9, 0.9, 0], "inflate": 0.1, "pivot": [-16.39715, 11.91486, -7.8], "rotation": [0, 0, 15], "uv": [0, 0]},
						{"origin": [-17.70642, 14.48148, -7.9], "size": [6.7, 2, 0], "inflate": 0.111, "pivot": [-16.39715, 11.91486, -7.8], "rotation": [0, 0, 49], "uv": [88, 14]},
						{"origin": [-19.10642, 10.48148, -7.9], "size": [4.6, 1, 0], "inflate": 0.111, "pivot": [-18.79715, 9.11486, -7.8], "rotation": [0, 0, 49], "uv": [92, 5]},
						{"origin": [-19.10642, 9.38148, -7.9], "size": [2, 1, 0], "inflate": 0.1, "pivot": [-18.79715, 9.11486, -7.8], "rotation": [0, 0, 49], "uv": [12, 65]},
						{"origin": [-19.30642, 7.78148, -7.9], "size": [4.7, 1.3, 0], "inflate": 0.11, "pivot": [-18.79715, 9.11486, -7.8], "rotation": [0, 0, 15], "uv": [92, 6]},
						{"origin": [-19.10642, 10.48148, 7.8], "size": [5, 1, 0], "inflate": 0.11, "pivot": [-18.79715, 9.11486, 7.9], "rotation": [0, 0, 49], "uv": [89, 63]},
						{"origin": [-19.00642, 7.58148, 7.8], "size": [4.8, 1.1, 0], "inflate": 0.111, "pivot": [-18.79715, 9.11486, 7.9], "rotation": [0, 0, 15], "uv": [90, 46]},
						{"origin": [-19.00642, 8.58148, 7.8], "size": [2.9, 1.5, 0], "inflate": 0.11, "pivot": [-18.79715, 9.11486, 7.9], "rotation": [0, 0, 15], "uv": [12, 63]},
						{"origin": [-21.50642, 7.58148, 7.8], "size": [4, 1, 0], "inflate": 0.11, "pivot": [-21.19715, 6.21486, 7.9], "rotation": [0, 0, 49], "uv": [90, 47]},
						{"origin": [-21.40642, 5.28148, 7.8], "size": [4, 1.2, 0], "inflate": 0.111, "pivot": [-21.19715, 6.21486, 7.9], "rotation": [0, 0, 15], "uv": [92, 2]},
						{"origin": [-23.80642, 2.48148, 7.8], "size": [4, 1.2, 0], "inflate": 0.111, "pivot": [-23.59715, 3.41486, 7.9], "rotation": [0, 0, 15], "uv": [92, 3]},
						{"origin": [-23.90642, 4.78148, 7.8], "size": [4, 1, 0], "inflate": 0.11, "pivot": [-23.59715, 3.41486, 7.9], "rotation": [0, 0, 49], "uv": [92, 4]},
						{"origin": [-19.10642, 9.38148, 7.8], "size": [2, 1, 0], "inflate": 0.1, "pivot": [-18.79715, 9.11486, 7.9], "rotation": [0, 0, 49], "uv": [0, 64]},
						{"origin": [-21.50642, 6.48148, 7.8], "size": [2, 1, 0], "inflate": 0.1, "pivot": [-21.19715, 6.21486, 7.9], "rotation": [0, 0, 49], "uv": [12, 64]},
						{"origin": [-23.90642, 3.68148, 7.8], "size": [2, 1, 0], "inflate": 0.1, "pivot": [-23.59715, 3.41486, 7.9], "rotation": [0, 0, 49], "uv": [0, 65]},
						{"origin": [-17.60642, 10.98148, 7.8], "size": [7, 2.2, 0], "inflate": 0.111, "pivot": [-16.39715, 11.91486, 7.9], "rotation": [0, 0, 15], "uv": [0, 72]},
						{"origin": [-17.60642, 13.38148, 7.8], "size": [3.9, 0.9, 0], "inflate": 0.1, "pivot": [-16.39715, 11.91486, 7.9], "rotation": [0, 0, 15], "uv": [0, 0]},
						{"origin": [-17.70642, 14.48148, 7.8], "size": [6.7, 2, 0], "inflate": 0.11, "pivot": [-16.39715, 11.91486, 7.9], "rotation": [0, 0, 49], "uv": [88, 12]}
					]
				},
				{
					"name": "right_arm",
					"parent": "torso",
					"pivot": [9, 23.9, 0],
					"cubes": [
						{"origin": [11.7, 11.6, -8.1], "size": [8.7, 14.5, 16.3], "inflate": 0.09, "pivot": [6.8, 17.9, 0], "rotation": [0, 0, -39], "uv": [0, 32]},
						{"origin": [12, -6.4, -8], "size": [4, 18, 16.2], "inflate": 0.1, "pivot": [6.8, 17.9, 0], "rotation": [0, 0, -39], "uv": [0, 62]},
						{"origin": [11, -6.4, 8], "size": [2, 18.6, 0.2], "inflate": 0.11, "pivot": [6.8, 17.9, 0], "rotation": [0, 0, -39], "uv": [80, 94]},
						{"origin": [11, -6.4, -8.1], "size": [2, 18.4, 0.1], "inflate": 0.1, "pivot": [6.8, 17.9, 0], "rotation": [0, 0, -39], "uv": [76, 94]},
						{"origin": [11, -6.4, -8], "size": [2, 0, 16], "inflate": 0.11, "pivot": [6.8, 17.9, 0], "rotation": [0, 0, -39], "uv": [32, 0]},
						{"origin": [15.4, -0.8, -8], "size": [4.3, 13, 16.2], "inflate": 0.054, "pivot": [6.8, 17.9, 0], "rotation": [0, 0, -36], "uv": [66, 32]},
						{"origin": [17, 5.3, -8], "size": [4.3, 9, 16.2], "inflate": 0.05, "pivot": [6.8, 17.9, 0], "rotation": [0, 0, -29], "uv": [89, 78]},
						{"origin": [17, -4.7, -8], "size": [4.9, 5.6, 16.1], "inflate": 0.05, "pivot": [6.8, 17.9, 0], "rotation": [0, 0, -29], "uv": [90, 16]},
						{"origin": [20.90927, 4.26662, -7.9], "size": [4, 1, 0], "inflate": 0.111, "pivot": [24.6, 2.9, -7.8], "rotation": [0, 0, -49], "uv": [90, 45]},
						{"origin": [20.80927, 1.96662, -7.9], "size": [4, 1.2, 0], "inflate": 0.11, "pivot": [24.6, 2.9, -7.8], "rotation": [0, 0, -15], "uv": [90, 44]},
						{"origin": [22.90927, 3.16662, -7.9], "size": [2, 1, 0], "inflate": 0.1, "pivot": [24.6, 2.9, -7.8], "rotation": [0, 0, -49], "uv": [31, 62]},
						{"origin": [20.50927, 5.96662, -7.9], "size": [2, 1, 0], "inflate": 0.1, "pivot": [22.2, 5.7, -7.8], "rotation": [0, 0, -49], "uv": [12, 62]},
						{"origin": [18.50927, 7.06662, -7.9], "size": [4, 1, 0], "inflate": 0.111, "pivot": [22.2, 5.7, -7.8], "rotation": [0, 0, -49], "uv": [90, 43]},
						{"origin": [18.40927, 4.76662, -7.9], "size": [4, 1.2, 0], "inflate": 0.11, "pivot": [22.2, 5.7, -7.8], "rotation": [0, 0, -15], "uv": [90, 42]},
						{"origin": [15.60927, 7.26662, -7.9], "size": [4.7, 1.3, 0], "inflate": 0.11, "pivot": [19.8, 8.6, -7.8], "rotation": [0, 0, -15], "uv": [90, 41]},
						{"origin": [18.10927, 8.86662, -7.9], "size": [2, 1, 0], "inflate": 0.1, "pivot": [19.8, 8.6, -7.8], "rotation": [0, 0, -49], "uv": [53, 36]},
						{"origin": [15.50927, 9.96662, -7.9], "size": [4.6, 1, 0], "inflate": 0.111, "pivot": [19.8, 8.6, -7.8], "rotation": [0, 0, -49], "uv": [90, 40]},
						{"origin": [12.00927, 13.96662, -7.9], "size": [6.7, 2, 0], "inflate": 0.111, "pivot": [17.4, 11.4, -7.8], "rotation": [0, 0, -49], "uv": [88, 0]},
						{"origin": [11.60927, 10.46662, -7.9], "size": [7, 2.2, 0], "inflate": 0.11, "pivot": [17.4, 11.4, -7.8], "rotation": [0, 0, -15], "uv": [58, 42]},
						{"origin": [14.70927, 12.86662, -7.9], "size": [3.9, 0.9, 0], "inflate": 0.1, "pivot": [17.4, 11.4, -7.8], "rotation": [0, 0, -15], "uv": [0, 0]},
						{"origin": [12.00927, 13.96662, 7.8], "size": [6.7, 2, 0], "inflate": 0.11, "pivot": [17.4, 11.4, 7.9], "rotation": [0, 0, -49], "uv": [0, 76]},
						{"origin": [14.70927, 12.86662, 7.8], "size": [3.9, 0.9, 0], "inflate": 0.1, "pivot": [17.4, 11.4, 7.9], "rotation": [0, 0, -15], "uv": [0, 0]},
						{"origin": [11.60927, 10.46662, 7.8], "size": [7, 2.2, 0], "inflate": 0.111, "pivot": [17.4, 11.4, 7.9], "rotation": [0, 0, -15], "uv": [52, 45]},
						{"origin": [22.90927, 3.16662, 7.8], "size": [2, 1, 0], "inflate": 0.1, "pivot": [24.6, 2.9, 7.9], "rotation": [0, 0, -49], "uv": [52, 4]},
						{"origin": [20.50927, 5.96662, 7.8], "size": [2, 1, 0], "inflate": 0.1, "pivot": [22.2, 5.7, 7.9], "rotation": [0, 0, -49], "uv": [38, 36]},
						{"origin": [18.10927, 8.86662, 7.8], "size": [2, 1, 0], "inflate": 0.1, "pivot": [19.8, 8.6, 7.9], "rotation": [0, 0, -49], "uv": [11, 34]},
						{"origin": [20.90927, 4.26662, 7.8], "size": [4, 1, 0], "inflate": 0.11, "pivot": [24.6, 2.9, 7.9], "rotation": [0, 0, -49], "uv": [90, 39]},
						{"origin": [20.80927, 1.96662, 7.8], "size": [4, 1.2, 0], "inflate": 0.111, "pivot": [24.6, 2.9, 7.9], "rotation": [0, 0, -15], "uv": [90, 38]},
						{"origin": [18.40927, 4.76662, 7.8], "size": [4, 1.2, 0], "inflate": 0.111, "pivot": [22.2, 5.7, 7.9], "rotation": [0, 0, -15], "uv": [90, 37]},
						{"origin": [18.50927, 7.06662, 7.8], "size": [4, 1, 0], "inflate": 0.11, "pivot": [22.2, 5.7, 7.9], "rotation": [0, 0, -49], "uv": [72, 15]},
						{"origin": [15.20927, 7.06662, 7.8], "size": [4.8, 1.1, 0], "inflate": 0.111, "pivot": [19.8, 8.6, 7.9], "rotation": [0, 0, -15], "uv": [66, 47]},
						{"origin": [15.10927, 9.96662, 7.8], "size": [5, 1, 0], "inflate": 0.11, "pivot": [19.8, 8.6, 7.9], "rotation": [0, 0, -49], "uv": [89, 62]},
						{"origin": [5.6, -6.3, 5.8], "size": [5.4, 0, 1.2], "inflate": 0.11, "pivot": [6.8, 18, 0], "rotation": [0, 0, -39], "uv": [61, 15]},
						{"origin": [3, -6.3, 4.4], "size": [7, 0, 1.3], "inflate": 0.111, "pivot": [6.8, 18, 0], "rotation": [0, 30, -39], "uv": [37, 46]},
						{"origin": [5.5, -6.3, 5.8], "size": [3.6, 0, 1.4], "inflate": 0.1, "pivot": [6.8, 18, 0], "rotation": [0, 30, -39], "uv": [65, 13]},
						{"origin": [5.6, -6.3, -7.4], "size": [5.4, 0, 1.2], "inflate": 0.111, "pivot": [6.8, 18, -13.2], "rotation": [0, 0, -39], "uv": [57, 44]},
						{"origin": [9.3, -6.3, -7.8], "size": [7, 0, 1.3], "inflate": 0.11, "pivot": [6.8, 18, -13.2], "rotation": [0, -30, -39], "uv": [143, 25]},
						{"origin": [11.3, -6.3, -9.1], "size": [4, 0, 1.3], "inflate": 0.1, "pivot": [6.8, 18, -13.2], "rotation": [0, -30, -39], "uv": [52, 34]},
						{"origin": [3.2, -7, -1.1], "size": [6, 0, 0.3], "inflate": 0.111, "pivot": [6, 17.3, -6.5], "rotation": [0, 30, -39], "uv": [0, 0]},
						{"origin": [6.2, -7, -0.3], "size": [4, 0, 0.3], "inflate": 0.111, "pivot": [6, 17.3, -6.5], "rotation": [0, 0, -39], "uv": [0, 0]},
						{"origin": [9.5, -7, -1.4], "size": [6, 0, 0.5], "inflate": 0.11, "pivot": [6, 17.3, -6.5], "rotation": [0, -30, -39], "uv": [0, 0]},
						{"origin": [3.5, -7, -0.8], "size": [5.7, 0, 1], "inflate": 0.1, "pivot": [6, 17.3, -6.5], "rotation": [0, 30, -39], "uv": [51, 15]},
						{"origin": [4.2, -7, 0.3], "size": [5, 0, 1], "inflate": 0.09, "pivot": [6, 17.3, -6.5], "rotation": [0, 30, -39], "uv": [60, 24]},
						{"origin": [5.4, -7, 2.2], "size": [4.4, 0, 1.2], "inflate": 0.085, "pivot": [6, 17.3, -6.5], "rotation": [0, 30, -39], "uv": [52, 33]},
						{"origin": [4.8, -7, 1.4], "size": [4.4, 0, 1.2], "inflate": 0.087, "pivot": [6, 17.3, -6.5], "rotation": [0, 30, -39], "uv": [52, 32]},
						{"origin": [17.10927, 8.06662, 7.8], "size": [2.9, 1.5, 0], "inflate": 0.105, "pivot": [19.8, 8.6, 7.9], "rotation": [0, 0, -15], "uv": [11, 2]},
						{"origin": [10.8, 25.8, -8], "size": [3, 0.3, 16], "inflate": 0.1, "pivot": [6.6, 18.1, 0], "rotation": [0, 0, -40], "uv": [127, 10], "mirror": true},
						{"origin": [10.8, 11.8, 7.2], "size": [3, 14, 1], "inflate": 0.1, "pivot": [6.6, 18.1, 0], "rotation": [0, 0, -40], "uv": [24, 62], "mirror": true},
						{"origin": [10.8, 10.9, -8.2], "size": [3, 14.9, 0.9], "inflate": 0.1, "pivot": [6.6, 18.1, 0], "rotation": [0, 0, -40], "uv": [73, 1], "mirror": true}
					]
				},
				{
					"name": "bone2",
					"parent": "torso",
					"pivot": [3, 23, -8],
					"cubes": [
						{"origin": [-8, 22.4, -8], "size": [1.8, 0, 16], "inflate": 0.1, "uv": [192, 104]},
						{"origin": [1.22836, 20.49813, -8], "size": [2.2, 0, 16], "inflate": 0.1, "pivot": [3, 23, -8], "rotation": [0, 0, 45], "uv": [179, 105], "mirror": true},
						{"origin": [-5.5, 22.5, -8], "size": [3, 0, 16], "inflate": 0.1, "pivot": [-6, 23, 0], "rotation": [0, 0, 59], "uv": [179, 105]},
						{"origin": [6.2, 22.4, -8], "size": [1.8, 0, 16], "inflate": 0.1, "uv": [191, 103], "mirror": true},
						{"origin": [-8, 20.1, -8], "size": [3, 0, 16], "inflate": 0.1, "pivot": [-6, 23, 0], "rotation": [0, 0, -59], "uv": [179, 105]},
						{"origin": [2.5, 22.5, -8], "size": [3, 0, 16], "inflate": 0.1, "pivot": [6, 23, 0], "rotation": [0, 0, -59], "uv": [179, 105], "mirror": true},
						{"origin": [-3.42836, 20.49813, -8], "size": [0, 2, 16], "inflate": 0.1, "pivot": [-3, 23, -8], "rotation": [0, 0, -45], "uv": [179, 105]},
						{"origin": [5, 20.1, -8], "size": [3, 0, 16], "inflate": 0.1, "pivot": [6, 23, 0], "rotation": [0, 0, 59], "uv": [179, 105], "mirror": true},
						{"origin": [-3.42836, 20.49813, -8], "size": [2.2, 0, 16], "inflate": 0.1, "pivot": [-3, 23, -8], "rotation": [0, 0, -45], "uv": [179, 105]},
						{"origin": [3.42836, 20.49813, -8], "size": [0, 2, 16], "inflate": 0.1, "pivot": [3, 23, -8], "rotation": [0, 0, 45], "uv": [179, 105], "mirror": true}
					]
				},
				{
					"name": "bone",
					"parent": "bone2",
					"pivot": [0, 34, 0],
					"rotation": [0, 0, -180],
					"cubes": [
						{"origin": [1.22836, 54.49813, -8], "size": [2.2, 0, 16], "inflate": 0.1, "pivot": [3, 57, -8], "rotation": [0, 0, 45], "uv": [179, 105], "mirror": true},
						{"origin": [-3.42836, 54.49813, -8], "size": [2.2, 0, 16], "inflate": 0.1, "pivot": [-3, 57, -8], "rotation": [0, 0, -45], "uv": [179, 105]},
						{"origin": [-3.42836, 54.49813, -8], "size": [0, 2, 16], "inflate": 0.1, "pivot": [-3, 57, -8], "rotation": [0, 0, -45], "uv": [198, 95]},
						{"origin": [-8, 54.1, -8], "size": [3, 0, 16], "inflate": 0.1, "pivot": [-6, 57, 0], "rotation": [0, 0, -59], "uv": [179, 105]},
						{"origin": [-5.5, 56.5, -8], "size": [3, 0, 16], "inflate": 0.1, "pivot": [-6, 57, 0], "rotation": [0, 0, 59], "uv": [179, 105]},
						{"origin": [-8, 56.4, -8], "size": [1.8, 0, 16], "inflate": 0.1, "uv": [192, 105]},
						{"origin": [3.42836, 54.49813, -8], "size": [0, 2, 16], "inflate": 0.1, "pivot": [3, 57, -8], "rotation": [0, 0, 45], "uv": [198, 98], "mirror": true},
						{"origin": [5, 54.1, -8], "size": [3, 0, 16], "inflate": 0.1, "pivot": [6, 57, 0], "rotation": [0, 0, 59], "uv": [179, 105], "mirror": true},
						{"origin": [2.5, 56.5, -8], "size": [3, 0, 16], "inflate": 0.1, "pivot": [6, 57, 0], "rotation": [0, 0, -59], "uv": [179, 105], "mirror": true},
						{"origin": [6.2, 56.4, -8], "size": [1.8, 0, 16], "inflate": 0.1, "uv": [192, 104], "mirror": true}
					]
				},
				{
					"name": "energy",
					"parent": "torso",
					"pivot": [0, 0, 0],
					"cubes": [
						{"origin": [8.1, 25.5, 8.09], "size": [-16.2, -16.2, -16.19], "inflate": 1, "uv": [128, 262]}
					]
				}
			]
		}
	]
}