{
	"format_version": "1.8.0",
	"animations": {
		"animation.ironvaliant.battle_idle": {
			"loop": true,
			"bones": {
				"skirt_left6": {
					"rotation": [0, 0, 5]
				},
				"skirt_right6": {
					"rotation": [0, 0, -5]
				},
				"skirt_right": {
					"rotation": [0, 0, -5]
				},
				"skirt_right3": {
					"rotation": [0, 0, -17.5]
				},
				"skirt_left": {
					"rotation": [0, 0, 4]
				},
				"skirt_left3": {
					"rotation": [1.31534, 0.46223, 12.37477]
				},
				"leg_left": {
					"rotation": ["-16.8-0.7*(math.sin(q.anim_time*90*1.3)*1)-0.3*(math.sin(q.anim_time*90*2/2)*1)", 0, 0]
				},
				"leg_left2": {
					"rotation": ["15.2-0.1*(math.sin(q.anim_time*90*1.3)*1)-0.4*(math.sin(q.anim_time*90*2/2)*1)", 0, 0]
				},
				"leg_right": {
					"rotation": ["-4.3-0.7*(math.sin(q.anim_time*90*1.3)*1)-0.3*(math.sin(q.anim_time*90*2/2)*1)", 0, 0]
				},
				"leg_right2": {
					"rotation": ["11.2-0.1*(math.sin(q.anim_time*90*1.3)*1)-0.4*(math.sin(q.anim_time*90*2/2)*1)", 0, 0]
				},
				"arm_right": {
					"rotation": [0, 0, "-42+0.1*(math.sin(q.anim_time*90*1.3)*1)+1*(math.sin(q.anim_time*90*2/2)*1)"]
				},
				"arm_right2": {
					"rotation": [1.88607, -8.80175, "-29.3446-1*(math.sin(q.anim_time*90*1.3)*1)-1*(math.sin(q.anim_time*90*2/2)*1)"]
				},
				"finger_front_right": {
					"rotation": [0, 0, -44]
				},
				"finger_center_right": {
					"rotation": [0, 0, -40],
					"position": [0.1, 0.2, 0]
				},
				"finger_back_right": {
					"rotation": [0, 0, -46]
				},
				"blade2": {
					"scale": [0.24, 0.04, 1]
				},
				"arm_left": {
					"rotation": [12.09168, -7.93545, "48.6684+1.1*(math.sin(q.anim_time*90*1.3)*1)+1*(math.sin(q.anim_time*90*2/2)*1)"]
				},
				"arm_left2": {
					"rotation": [-29.95096, -1.64731, "10.207+1*(math.sin(q.anim_time*90*1.3)*1)+1*(math.sin(q.anim_time*90*2/2)*1)"]
				},
				"blade": {
					"rotation": [0, 0, 0],
					"scale": [0.56, -0.05, 1]
				},
				"finger_front_left": {
					"rotation": [0, 0, 27],
					"position": [-0.4, 0, 0]
				},
				"finger_center_left": {
					"rotation": [0, 0, 28]
				},
				"finger_back_left": {
					"rotation": [0, 0, 34],
					"position": [-0.2, 0.1, 0]
				},
				"chest": {
					"rotation": ["8+1*(math.sin(q.anim_time*90*1.3)*1)+1*(math.sin(q.anim_time*90*2/2)*1)", 0, 0]
				},
				"neck": {
					"rotation": [10, 0, 0]
				},
				"head": {
					"rotation": ["1+1*(math.sin(q.anim_time*90*1.3)*1)+1*(math.sin(q.anim_time*90*2/2)*1)", -26.99, -0.76416]
				},
				"hair": {
					"rotation": [0, 0, 0]
				},
				"head_side_right": {
					"rotation": [-5, 0, 0],
					"scale": [1, 0.9, 1]
				},
				"head_side_left": {
					"rotation": [-7.5, 0, 0],
					"scale": [1, 0.9, 1]
				},
				"left_hair_back": {
					"rotation": [-2.0794, 9.92773, 9.45032]
				},
				"right_hair_back": {
					"rotation": [0, 0, -17.5]
				},
				"bladesword": {
					"rotation": [32.04671, -7.23059, -11.92517],
					"position": [-0.2, 0.2, 3.3],
					"scale": [1.16, 1, 2.04]
				},
				"waist": {
					"rotation": ["0.2+0.1*(math.sin(q.anim_time*90*1.3)*1)+1*(math.sin(q.anim_time*90*2/2)*1)", 0, 0]
				}
			}
		},
		"animation.ironvaliant.ground_idle": {
			"loop": true,
			"bones": {
				"head_side_right": {
					"scale": [1, 0.9, 1]
				},
				"head_side_left": {
					"scale": [1, 0.9, 1]
				},
				"skirt_left6": {
					"rotation": [0, 0, "0+0.1*(math.sin(q.anim_time*90*1.3)*1)+1*(math.sin(q.anim_time*90*2/2)*1)"]
				},
				"skirt_right6": {
					"rotation": [0, 0, "0+0.1*(math.sin(q.anim_time*90*1.3)*1)+1*(math.sin(q.anim_time*90*2/2)*1)"]
				},
				"skirt_right": {
					"rotation": [0, 0, -5]
				},
				"skirt_right3": {
					"rotation": [0, 0, "0+0.1*(math.sin(q.anim_time*90*1.3)*1)+1*(math.sin(q.anim_time*90*2/2)*1)"]
				},
				"skirt_left": {
					"rotation": [0, 0, 4]
				},
				"skirt_left3": {
					"rotation": [0, 0, "0+0.1*(math.sin(q.anim_time*90*1.3)*1)+1*(math.sin(q.anim_time*90*2/2)*1)"]
				},
				"leg_left": {
					"rotation": ["-9+0.1*(math.sin(q.anim_time*90*1.3)*1)+1*(math.sin(q.anim_time*90*2/2)*1)", -0.17364, -0.98481]
				},
				"leg_left2": {
					"rotation": [11, 0, 0]
				},
				"leg_right": {
					"rotation": [2.9959, -0.15694, "2+0.04*(math.sin(q.anim_time*90*1.3)*1)+0.4*(math.sin(q.anim_time*90*2/2)*1)"]
				},
				"leg_right2": {
					"rotation": [4, 0, 0]
				},
				"arm_right": {
					"rotation": [0, 0, "-47-0.1*(math.sin(q.anim_time*90*1.3)*1)-1*(math.sin(q.anim_time*90*2/2)*1)"]
				},
				"arm_right2": {
					"rotation": [0, 0, "-32.4594-0.1*(math.sin(q.anim_time*90*1.3)*1)+1*(math.sin(q.anim_time*90*2/2)*1)"]
				},
				"finger_front_right": {
					"rotation": [0, 0, -24]
				},
				"finger_center_right": {
					"rotation": [0, 0, -10],
					"position": [0.1, 0.2, 0]
				},
				"finger_back_right": {
					"rotation": [0, 0, -11]
				},
				"blade2": {
					"scale": [0.62, 0.75, 1]
				},
				"arm_left": {
					"rotation": [0, 0, "24.4594+0.1*(math.sin(q.anim_time*90*1.3)*1)+1*(math.sin(q.anim_time*90*2/2)*1)"]
				},
				"arm_left2": {
					"rotation": [0, 0, "85+0.1*(math.sin(q.anim_time*90*1.3)*1)+1*(math.sin(q.anim_time*90*2/2)*1)"]
				},
				"blade": {
					"scale": [0.62, 0.75, 1]
				},
				"finger_front_left": {
					"rotation": [0, 0, -7],
					"position": [-0.4, 0, 0]
				},
				"finger_center_left": {
					"rotation": [0, 0, -17]
				},
				"finger_back_left": {
					"rotation": [0, 0, -10],
					"position": [-0.2, 0.1, 0]
				},
				"bladesword": {
					"scale": [0, 0.02, 1]
				},
				"chest": {
					"rotation": ["0.5+0.3*(math.sin(q.anim_time*90*1.3)*1)+1*(math.sin(q.anim_time*90*2/2)*1)", 0, 0]
				},
				"neck": {
					"rotation": ["1.5+0.1*(math.sin(q.anim_time*90*1.3)*1)+1*(math.sin(q.anim_time*90*2/2)*1)", 0, 0]
				},
				"skirt_left5": {
					"rotation": [0, 0, "0+0.1*(math.sin(q.anim_time*90*1.3)*1)+1*(math.sin(q.anim_time*90*2/2)*1)"]
				},
				"skirt_right5": {
					"rotation": [0, 0, "0+0.1*(math.sin(q.anim_time*90*1.3)*1)+1*(math.sin(q.anim_time*90*2/2)*1)"]
				},
				"skirt_right2": {
					"rotation": [0, 0, "0+0.1*(math.sin(q.anim_time*90*1.3)*1)+1*(math.sin(q.anim_time*90*2/2)*1)"],
					"scale": [1, 1, 0.92]
				},
				"skirt_left2": {
					"rotation": [0, 0, "0+0.1*(math.sin(q.anim_time*90*1.3)*1)+1*(math.sin(q.anim_time*90*2/2)*1)"],
					"scale": [1, 1, 0.91]
				},
				"waist": {
					"rotation": [0, -50, 0]
				}
			}
		},
		"animation.ironvaliant.blink": {
			"animation_length": 0.45833,
			"bones": {
				"eyesopen": {
					"position": {
						"0.0": [0, 0, 0],
						"0.0417": [0, 0, 0],
						"0.0833": [0, 0, 1],
						"0.375": [0, 0, 1],
						"0.4167": [0, 0, 0],
						"0.4583": [0, 0, 0]
					}
				},
				"eyesclose1": {
					"position": {
						"0.0": [0, 0, 1],
						"0.0417": [0, 0, 0.33],
						"0.0833": [0, 0, 0],
						"0.125": [0, 0, 0],
						"0.1667": [0, 0, 1],
						"0.2917": [0, 0, 1],
						"0.3333": [0, 0, 0],
						"0.375": [0, 0, 0],
						"0.4167": [0, 0, 0],
						"0.4583": [0, 0, 1]
					}
				},
				"eyesclose2": {
					"position": {
						"0.0": [0, 0, 1],
						"0.1667": [0, 0, 0],
						"0.2083": [0, 0, 0],
						"0.25": [0, 0, 0],
						"0.2917": [0, 0, 0],
						"0.4583": [0, 0, 1]
					}
				},
				"eyeshappy": {
					"position": [0, 0, 1]
				}
			}
		},
		"animation.ironvaliant.happy_quirk": {
			"animation_length": 0.5,
			"bones": {
				"eyesopen": {
					"position": {
						"0.0": [0, 0, 1],
						"0.4583": [0, 0, 1.14],
						"0.5": [0, 0, -0.16]
					}
				},
				"eyesclose1": {
					"position": [0, 0, 1]
				},
				"eyesclose2": {
					"position": [0, 0, 1]
				},
				"eyeshappy": {
					"position": {
						"0.0": [0, 0, 0],
						"0.0833": [0, 0, 0],
						"0.25": [0, 0, 0],
						"0.2917": [0, 0, 1]
					}
				},
				"bone7": {
					"position": [0, -0.5, 0.7]
				},
				"bone8": {
					"position": [-1, -0.5, 0]
				}
			}
		},
		"animation.ironvaliant.ground_walk": {
			"loop": true,
			"bones": {
				"chest": {
					"rotation": ["2+2*(math.sin(q.anim_time*90*1.3)*1)+2*(math.sin(q.anim_time*90*2/2)*1)", 0, 0]
				},
				"arm_left": {
					"rotation": [
						0,
						"-8+1*(math.sin(q.anim_time*90*1.3)*1)-2*(math.sin(q.anim_time*90*2/2)*1)",
						"47.5+3*(math.sin(q.anim_time*90*1.3)*1)+2*(math.sin(q.anim_time*90*2/2)*1)"
					]
				},
				"arm_left2": {
					"rotation": [0, 0, 20]
				},
				"blade": {
					"position": [0, 0, 0],
					"scale": [0.62, 0.75, 1]
				},
				"bladesword": {
					"scale": [0, -0.1, 1]
				},
				"arm_right": {
					"rotation": [
						0,
						"-8+1*(math.sin(q.anim_time*90*1.3)*1)+1*(math.sin(q.anim_time*90*2/2)*1)",
						"-44+2*(math.sin(q.anim_time*90*1.3)*1)+2*(math.sin(q.anim_time*90*2/2)*1)"
					]
				},
				"arm_right2": {
					"rotation": [0, 0, -35]
				},
				"blade2": {
					"position": [0, 0, 0],
					"scale": [0.62, 0.75, 1]
				},
				"skirt_left4": {
					"rotation": [0, 0, -12.5]
				},
				"skirt_left5": {
					"rotation": [0, 0, "-8+8*(math.sin(q.anim_time*40*1.3)*1)+8*(math.sin(q.anim_time*90*2/2)*1)"]
				},
				"skirt_left6": {
					"rotation": [0, 0, -2.5]
				},
				"skirt_right4": {
					"rotation": [0, 0, 10]
				},
				"skirt_right5": {
					"rotation": [0, 0, "9.5-8*(math.sin(q.anim_time*40*1.3)*1)-8*(math.sin(q.anim_time*90*2/2)*1)"]
				},
				"skirt_right": {
					"rotation": [0, 0, "2+1*(math.sin(q.anim_time*90*1.3)*1)+1*(math.sin(q.anim_time*90*2/2)*1)"]
				},
				"skirt_right3": {
					"rotation": [0, 0, -15]
				},
				"skirt_left": {
					"rotation": [0, 0, "0+1*(math.sin(q.anim_time*90*1.3)*1)+1*(math.sin(q.anim_time*90*2/2)*1)"]
				},
				"skirt_left3": {
					"rotation": [0, 0, 10]
				},
				"leg_left": {
					"rotation": ["-8+8*(math.sin(q.anim_time*90*1.3)*1)+8*(math.sin(q.anim_time*90*2/2)*1)", 0, 0]
				},
				"leg_left2": {
					"rotation": [12.5, 0, 0]
				},
				"leg_right": {
					"rotation": ["-4.5-8*(math.sin(q.anim_time*90*1.3)*1)-8*(math.sin(q.anim_time*90*2/2)*1)", 0, 0]
				},
				"leg_right2": {
					"rotation": [7.5, 0, 0]
				},
				"waist": {
					"rotation": [0, -50, 0]
				}
			}
		}
	}
}