{
	"format_version": "1.8.0",
	"animations": {
		"animation.drakloak.ground_idle": {
			"loop": true,
			"bones": {
				"right_arm": {
					"rotation": [-91.153, 8.396, 72.652],
					"position": [0, 5.03712, -2.1311]
				},
				"right_arm2": {
					"rotation": [3.95596, -16.7296, 30.2854],
					"position": [-0.2, 0.1, 0]
				},
				"right_hand": {
					"rotation": [-7.86944, -15.68049, -55.41472],
					"position": [0, -0.9, 0]
				},
				"left_arm": {
					"rotation": [82.20676, -9.29082, -68.625],
					"position": [0, 4.83712, -2.1311]
				},
				"left_arm2": {
					"rotation": [-12.93213, -21.58174, "31.9747-math.sin(q.anim_time*90*0.4)*5"],
					"position": [0.2, -0.1, 0]
				},
				"left_hand": {
					"rotation": [0, 0, 114],
					"position": [0, 0.1, 0]
				},
				"torso": {
					"rotation": ["-35+math.sin((q.anim_time)*90*2)*2", 0, 0],
					"position": [0, "3-math.sin(q.anim_time*10*1)*1", -3]
				},
				"tail": {
					"rotation": ["11.733+math.sin((query.anim_time-0.3)*90*2)*2", -4.78376, "-3.7566+(-math.cos((query.anim_time-0.3)*90*2)*1)"],
					"position": [0, -0.1, -0.3]
				},
				"tail2": {
					"rotation": ["-4.2671+math.sin((query.anim_time-0.3)*90*2)*2", -4.78376, "-3.7567+(-math.cos((query.anim_time-0.3)*90*2)*1)"],
					"position": [0, 0, -0.2]
				},
				"tail3": {
					"rotation": ["-4.3834+math.sin((query.anim_time-0.3)*90*2)*2", -12.24357, "-2.9721+(-math.cos((query.anim_time-0.3)*90*2)*1)"],
					"position": [0, 0, -0.4]
				},
				"neck": {
					"rotation": ["22.5-math.sin(q.anim_time*90*2)*7", 0, "0-math.sin(q.anim_time*90*0.5)*1"]
				},
				"head": {
					"rotation": ["20+math.sin(q.anim_time*10*0.4)*5", 0, "-math.sin(q.anim_time*90*0.5)*1"],
					"scale": [1, 0.78, 1]
				},
				"eyes": {
					"scale": 1
				},
				"eyesockets": {
					"position": [0, 0, 0],
					"scale": [1, 1.5, 1]
				},
				"pupils": {
					"position": [0, 0, 0],
					"scale": [1, 0.9, 1]
				},
				"ring": {
					"position": [0.25, -0.3, 0],
					"scale": [0.89, 0.89, 0.9]
				},
				"drakloak1": {
					"position": [0, -6, -4],
					"scale": 1.5
				},
				"tail4": {
					"rotation": ["-25.5207+math.cos((query.anim_time-0.3)*90*2)*5", "-0.5445+(-math.sin((query.anim_time-0.3)*90*2)*5)", -0.15911],
					"position": [0, 0.60383, -1.478]
				},
				"jaw": {
					"rotation": ["2.5+math.sin(q.anim_time*90*0.5)*5", 0, "0-math.sin(q.anim_time*90*0.5)*1"],
					"position": [0, 0.3, 0],
					"scale": 0.98
				},
				"eyes2": {
					"position": [0, 0.3, 0],
					"scale": [0.95, 0.71, 1]
				},
				"right_arm3": {
					"rotation": ["13.6225-math.sin(q.anim_time*90*1)*5", "42.919-math.sin(q.anim_time*90*0.5)*5", "23.8525-math.sin(q.anim_time*90*1)*5"]
				},
				"right_arm4": {
					"rotation": ["-35.9606-math.sin(q.anim_time*90*0.5)*5", "37.4266-math.sin(q.anim_time*90*0.5)*5", "-50.0472-math.sin(q.anim_time*90*0.5)*5"],
					"position": [0.1, 0, -0.2]
				},
				"right_arm5": {
					"rotation": [-7, 0, "18-math.sin(q.anim_time*90*0.5)*6"]
				},
				"left_arm3": {
					"rotation": [
						"4.7715-math.sin((q.anim_time-0.5)*90*1)*5",
						"-17.2062-math.sin((q.anim_time-0.5)*90*0.5)*9",
						"-7.3772-math.sin((q.anim_time-0.5)*90*0.5)*5"
					]
				},
				"left_arm4": {
					"rotation": ["-43.2313+math.sin(q.anim_time*90*0.5)*5", "-54.5463+math.sin(q.anim_time*90*0.5)*5", "49.0912+math.sin(q.anim_time*90*0.5)*5"],
					"position": [0, -0.1, -0.4]
				},
				"left_arm5": {
					"rotation": [-16, 0, "-9-math.sin(q.anim_time*90*0.5)*5"]
				},
				"dreepy": {
					"rotation": [-6, 0, 0],
					"position": [-2, -9.33015, 7.90157]
				},
				"tail5": {
					"rotation": ["7.4793+math.cos((query.anim_time-0.3)*90*2)*5", "-0.5445+(-math.sin((query.anim_time-0.3)*90*2)*5)", -0.15911],
					"position": [0, 0, -1.3]
				},
				"tail6": {
					"rotation": ["17.4793+math.cos((query.anim_time-0.3)*90*2)*5", "-0.5445+(-math.sin((query.anim_time-0.3)*90*2)*5)", -0.15911],
					"position": [0, -0.5, -0.8]
				},
				"tail7": {
					"rotation": ["44+math.cos((query.anim_time-1.2)*90*2)*10", "-math.sin((query.anim_time-1.2)*90*2)*10", 0],
					"position": [0, -0.3, -0.9]
				},
				"drakloak": {
					"rotation": ["2.5+math.sin(q.anim_time*90*0.5)*2", 0, "0-math.sin(q.anim_time*90*0.5)*1"],
					"position": ["math.sin((q.anim_time)*90*1)*1", "7.5-math.cos((q.anim_time)*90*1)*2", -3]
				},
				"torso2": {
					"rotation": ["math.sin((q.anim_time)*90*2)*2", 0, 0],
					"position": ["-math.sin(q.anim_time*10*0.5)*0.5", "-math.sin(q.anim_time*10*1)*1", 3]
				},
				"head2": {
					"rotation": ["2.5+math.sin(q.anim_time*90*1)*3", 0, "0-math.sin(q.anim_time*90*1)*1"],
					"position": [0, 0, 1.3]
				},
				"legs": {
					"rotation": ["math.sin(q.anim_time*90*0.5)*8", 0, 0]
				},
				"bone2": {
					"scale": [0.96, 1, 1]
				},
				"bone": {
					"scale": [0.96, 1, 1]
				}
			}
		},
		"animation.drakloak.faint": {
			"animation_length": 1.5417,
			"bones": {
				"right_arm": {
					"rotation": {
						"0.0": [-91.153, 8.396, 72.652],
						"0.4167": [-92.03383, 55.88091, 71.1364]
					},
					"position": [0, 5.03712, -2.1311]
				},
				"right_arm2": {
					"rotation": {
						"0.0": [3.95596, -16.7296, 30.2854],
						"0.4167": [10.75842, -13.4716, 4.59297]
					},
					"position": [-0.2, 0.1, 0]
				},
				"right_hand": {
					"rotation": {
						"0.0": [0.47288, -17.49381, -84.07276],
						"0.4167": [4.81636, -16.84414, -98.71353]
					},
					"position": [0, -0.9, 0]
				},
				"left_arm": {
					"rotation": {
						"0.0": [82.20676, -9.29082, -68.625],
						"0.4167": [80.70826, -34.0241, -64.6601]
					},
					"position": [0, 4.83712, -2.1311]
				},
				"left_arm2": {
					"rotation": [-12.93213, -21.58174, "31.9747-math.sin(q.anim_time*90*0.4)*5"],
					"position": [0.2, -0.1, 0]
				},
				"left_hand": {
					"rotation": {
						"0.0": [0, 0, 91.5],
						"0.4167": [0, 0, 84.5]
					},
					"position": [0, 0.1, 0]
				},
				"torso": {
					"rotation": {
						"0.0": ["-30+math.sin(q.anim_time*90*2)*4", 0, "0-math.sin(q.anim_time*90*2)*1"],
						"0.625": ["-50.2012+math.sin(q.anim_time*90*2)*4", 0, "0-math.sin(q.anim_time*90*2)*1"]
					},
					"position": [0, "3-math.sin(q.anim_time*10*1)*1", -3]
				},
				"tail": {
					"rotation": ["10+math.sin(q.anim_time*90*0.4)*15", 0, "0-math.sin(q.anim_time*90*0.5)*1"],
					"position": [0, -0.1, -0.3]
				},
				"tail2": {
					"rotation": ["2.5+math.sin(q.anim_time*90*0.4)*15", 0, "0-math.sin(q.anim_time*90*0.5)*1"],
					"position": [0, 0, -0.2]
				},
				"tail3": {
					"rotation": ["12.5+math.sin(q.anim_time*90*0.4)*15", 0, "-math.sin(q.anim_time*90*0.5)*1"],
					"position": [0, 0, -0.4]
				},
				"neck": {
					"rotation": ["22.5+math.sin(q.anim_time*10*0.4)*7", 0, "0-math.sin(q.anim_time*90*0.5)*1"]
				},
				"head": {
					"rotation": ["20+math.sin(q.anim_time*10*0.4)*5", 0, "-math.sin(q.anim_time*90*0.5)*1"],
					"scale": [1, 0.78, 1]
				},
				"eyes": {
					"scale": {
						"0.0": [1, 1, 1],
						"0.375": [1, 0, 1]
					}
				},
				"eyesockets": {
					"position": [0, 0, 0],
					"scale": [1, 1.5, 1]
				},
				"pupils": {
					"position": [0, 0, 0],
					"scale": [1, 0.9, 1]
				},
				"ring": {
					"position": [0.25, -0.3, 0],
					"scale": [0.89, 0.89, 0.9]
				},
				"drakloak1": {
					"position": [0, -11, -4],
					"scale": 1.5
				},
				"tail4": {
					"rotation": {
						"0.0": ["10+math.sin(q.anim_time*90*0.4)*15", 0, "0-math.sin(q.anim_time*90*0.5)*1"],
						"1.125": ["-30+math.sin(q.anim_time*90*0.4)*15", 0, "0-math.sin(q.anim_time*90*0.5)*1"]
					},
					"position": [0, 0.3, -0.3]
				},
				"jaw": {
					"rotation": {
						"0.0": ["2.5+math.sin(q.anim_time*90*0.5)*5", 0, "0-math.sin(q.anim_time*90*0.5)*1"],
						"0.0417": ["7.5+math.sin(q.anim_time*90*0.5)*5", 0, "0-math.sin(q.anim_time*90*0.5)*1"],
						"0.8333": ["15+math.sin(q.anim_time*90*0.5)*5", 0, "-math.sin(q.anim_time*90*0.5)*1"],
						"1.125": ["2.5+math.sin(q.anim_time*90*0.5)*5", 0, "0-math.sin(q.anim_time*90*0.5)*1"]
					},
					"position": {
						"0.0": [0, 0.3, 0],
						"0.8333": [0, 1, 0],
						"1.125": [0, 0.3, 0]
					}
				},
				"eyes2": {
					"position": [0, 0.3, 0],
					"scale": {
						"0.0": [0.95, 0.71, 1],
						"0.6667": [0.95, 0.61, 1],
						"0.9167": [0.95, 0.01, 1]
					}
				},
				"right_arm3": {
					"rotation": {
						"0.0": ["13.6225-math.sin(q.anim_time*90*0.5)*5", "42.919-math.sin(q.anim_time*90*0.5)*5", "23.8525-math.sin(q.anim_time*90*0.5)*5"],
						"0.625": ["23.573-math.sin(q.anim_time*90*0.5)*5", "1.8381-math.sin(q.anim_time*90*0.5)*5", "32.3169-math.sin(q.anim_time*90*0.5)*5"]
					}
				},
				"right_arm4": {
					"rotation": ["-35.9606-math.sin(q.anim_time*90*0.5)*5", "37.4266-math.sin(q.anim_time*90*0.5)*5", "-50.0472-math.sin(q.anim_time*90*0.5)*5"],
					"position": [0.1, 0, -0.2]
				},
				"right_arm5": {
					"rotation": [-7, 0, "18-math.sin(q.anim_time*90*0.5)*6"]
				},
				"left_arm3": {
					"rotation": {
						"0.0": ["4.7715-math.sin(q.anim_time*90*0.5)*5", "-17.2062-math.sin(q.anim_time*90*0.5)*9", "-7.3772-math.sin(q.anim_time*90*0.5)*5"],
						"0.625": ["3.4887-math.sin(q.anim_time*90*0.5)*5", "12.993-math.sin(q.anim_time*90*0.5)*9", "-13.7396-math.sin(q.anim_time*90*0.5)*5"]
					}
				},
				"left_arm4": {
					"rotation": ["-43.2313+math.sin(q.anim_time*90*0.5)*5", "-54.5463+math.sin(q.anim_time*90*0.5)*5", "49.0912+math.sin(q.anim_time*90*0.5)*5"],
					"position": [0, -0.1, -0.4]
				},
				"left_arm5": {
					"rotation": [-16, 0, "-9-math.sin(q.anim_time*90*0.5)*5"]
				},
				"dreepy": {
					"rotation": {
						"0.0": [-6, 0, 0],
						"1.0417": [-13.5, 0, 0]
					},
					"position": {
						"0.0": [-2, -9.33015, 7.90157],
						"0.625": [-2.04123, -10.95296, 8.55329]
					}
				},
				"tail5": {
					"rotation": {
						"0.0": ["17.5+math.sin(q.anim_time*10*0.4)*15", 0, "0-math.sin(q.anim_time+10*0.5)*1"],
						"1.125": ["-11+math.sin(q.anim_time*10*0.4)*15", 0, "0-math.sin(q.anim_time+10*0.5)*1"]
					},
					"position": {
						"0.0": [0, 0, -1.3],
						"1.125": [0, 0.2, -1.3]
					}
				},
				"tail6": {
					"rotation": {
						"0.0": ["30+math.sin(q.anim_time*10*0.4)*15", 0, "-math.sin(q.anim_time+10*0.5)*1"],
						"1.125": ["-7.7587+math.sin(q.anim_time*10*0.4)*15", -1.43559, "1.4229-math.sin(q.anim_time+10*0.5)*1"]
					},
					"position": {
						"0.0": [0, -0.5, -0.8],
						"1.125": [0, 0, -0.8]
					}
				},
				"tail7": {
					"rotation": {
						"0.0": ["27.5+math.sin(q.anim_time*10*0.4)*15", 0, "0-math.sin(q.anim_time+10*0.5)*1"],
						"1.125": ["-24.5+math.sin(q.anim_time*10*0.4)*15", 0, "0-math.sin(q.anim_time+10*0.5)*1"]
					},
					"position": {
						"0.0": [0, -0.3, -0.9],
						"1.125": [0, 0.2, -0.9]
					}
				},
				"drakloak": {
					"rotation": {
						"0.0": ["2.5+math.sin(q.anim_time*90*0.5)*2", 0, "0-math.sin(q.anim_time*90*0.5)*1"],
						"0.125": ["-2.5+math.sin(q.anim_time*90*0.5)*2", 0, "-math.sin(q.anim_time*90*0.5)*1"],
						"0.625": ["-7.5+math.sin(q.anim_time*90*0.5)*2", 0, "-math.sin(q.anim_time*90*0.5)*1"]
					},
					"position": {
						"0.0": ["-math.sin(q.anim_time*10*0.5)*0.5", "13-math.sin(q.anim_time*10*1)*1", -3],
						"0.625": ["-math.sin(q.anim_time*10*0.5)*0.5", "5-math.sin(q.anim_time*10*1)*1", 10]
					},
					"scale": {
						"0.0": [1, 1, 1],
						"0.5833": [1, 1, 1],
						"1.5417": [0, 0, 0]
					}
				},
				"torso2": {
					"rotation": {
						"0.0": ["7.5+math.sin(q.anim_time*90*0.5)*2", 0, "0-math.sin(q.anim_time*90*0.5)*1"],
						"0.125": ["-2.5+math.sin(q.anim_time*90*0.5)*2", 0, "-math.sin(q.anim_time*90*0.5)*1"],
						"0.875": ["-20+math.sin(q.anim_time*90*0.5)*2", 0, "0-math.sin(q.anim_time*90*0.5)*1"]
					},
					"position": ["-math.sin(q.anim_time*10*0.5)*0.5", "-math.sin(q.anim_time*10*1)*1", 3]
				},
				"head2": {
					"rotation": {
						"0.0": ["2.5+math.sin(q.anim_time*90*0.5)*2", 0, "0-math.sin(q.anim_time*90*0.5)*1"],
						"0.75": ["-5+math.sin(q.anim_time*90*0.5)*2", 0, "-math.sin(q.anim_time*90*0.5)*1"]
					},
					"position": [0, 0, 1.3]
				},
				"legs": {
					"rotation": ["math.sin(q.anim_time*90*0.5)*8", 0, 0]
				},
				"bone2": {
					"scale": [0.96, 1, 1]
				},
				"bone": {
					"scale": [0.96, 1, 1]
				}
			}
		},
		"animation.drakloak.ground_walk": {
			"loop": true,
			"bones": {
				"right_arm": {
					"rotation": [-91.153, 8.396, 72.652],
					"position": [0, 5.03712, -2.1311]
				},
				"right_arm2": {
					"rotation": [3.95596, -16.7296, 30.2854],
					"position": [-0.2, 0.1, 0]
				},
				"right_hand": {
					"rotation": [-7.86944, -15.68049, -55.41472],
					"position": [0, -0.9, 0]
				},
				"left_arm": {
					"rotation": [82.20676, -9.29082, -68.625],
					"position": [0, 4.83712, -2.1311]
				},
				"left_arm2": {
					"rotation": [-12.93213, -21.58174, "31.9747-math.sin(q.anim_time*90*0.4)*5"],
					"position": [0.2, -0.1, 0]
				},
				"left_hand": {
					"rotation": [0, 0, 114],
					"position": [0, 0.1, 0]
				},
				"torso": {
					"rotation": ["-30+math.sin(q.anim_time*90*2)*4", 0, "0-math.sin(q.anim_time*90*2)*1"],
					"position": [0, "3.3-math.sin(q.anim_time*10*1)*1", -3.5]
				},
				"tail": {
					"rotation": ["10+math.sin(q.anim_time*90*2)*10", "0-math.cos(q.anim_time*90*2)*10", 0],
					"position": [0, -0.1, -0.3]
				},
				"tail2": {
					"rotation": ["10+math.sin((q.anim_time-0.3)*90*2)*10", "0-math.cos((q.anim_time-0.3)*90*2)*10", 0],
					"position": [0, 0, -0.2]
				},
				"tail3": {
					"rotation": ["12.5+math.sin((q.anim_time-0.6)*90*2)*10", "0-math.cos((q.anim_time-0.6)*90*2)*10", 0],
					"position": [0, 0, -0.4]
				},
				"neck": {
					"rotation": ["22.5-math.sin(q.anim_time*90*2)*7", 0, "0-math.sin(q.anim_time*90*0.5)*1"]
				},
				"head": {
					"rotation": ["20+math.sin(q.anim_time*10*0.4)*5", 0, "-math.sin(q.anim_time*90*0.5)*1"],
					"scale": [1, 0.78, 1]
				},
				"eyes": {
					"scale": 1
				},
				"eyesockets": {
					"position": [0, 0, 0],
					"scale": [1, 1.5, 1]
				},
				"pupils": {
					"position": [0, 0, 0],
					"scale": [1, 0.9, 1]
				},
				"ring": {
					"position": [0.25, -0.3, 0],
					"scale": [0.89, 0.89, 0.9]
				},
				"drakloak": {
					"rotation": ["52.5+math.sin(q.anim_time*90*0.5)*2", 0, "0-math.sin(q.anim_time*90*0.5)*1"],
					"position": ["math.sin((q.anim_time)*90*2)*1", "7.5-math.cos((q.anim_time)*90*2)*2", -3]
				},
				"dreepy": {
					"rotation": [-6, 0, 0],
					"position": [-2, -9.33015, 7.90157]
				},
				"drakloak1": {
					"position": [0, -12, 4],
					"scale": 1.5
				},
				"torso2": {
					"rotation": ["7.3407+math.sin(q.anim_time*90*0.5)*2", 1.25367, "0.0431-math.sin(q.anim_time*90*0.5)*1"],
					"position": ["-math.sin(q.anim_time*10*0.5)*0.5", "-math.sin(q.anim_time*10*1)*1", 3]
				},
				"tail4": {
					"rotation": ["-38.5207+math.cos((query.anim_time-0.3)*90*2)*5", "-0.5445+(-math.sin((query.anim_time-0.3)*90*2)*5)", -0.15911],
					"position": [0, -0.25654, -2.70673]
				},
				"tail5": {
					"rotation": ["0.4793+math.cos((query.anim_time-0.3)*90*2)*5", "-0.5445+(-math.sin((query.anim_time-0.3)*90*2)*5)", -0.15911],
					"position": [0, 0, -1.3]
				},
				"tail6": {
					"rotation": ["-16.5207+math.cos((query.anim_time-0.3)*90*2)*5", "-0.5445+(-math.sin((query.anim_time-0.3)*90*2)*5)", -0.15911],
					"position": [0, -0.5, -0.8]
				},
				"tail7": {
					"rotation": ["math.cos((query.anim_time-1.2)*90*2)*25", "-math.sin((query.anim_time-1.2)*90*2)*15", 0],
					"position": [0, -0.3, -0.9]
				},
				"right_arm3": {
					"rotation": ["13.6225-math.sin(q.anim_time*90*1)*5", "42.919-math.sin(q.anim_time*90*0.5)*5", "23.8525-math.sin(q.anim_time*90*1)*5"]
				},
				"right_arm4": {
					"rotation": ["-44.3107-math.sin(q.anim_time*90*0.5)*5", "26.0647-math.sin(q.anim_time*90*0.5)*5", "-65.7683-math.sin(q.anim_time*90*0.5)*5"],
					"position": [0.1, 0, -0.2]
				},
				"right_arm5": {
					"rotation": [-6.83566, -1.51149, "5.5903-math.sin(q.anim_time*90*0.5)*6"]
				},
				"left_arm3": {
					"rotation": [
						"4.7715-math.sin((q.anim_time-0.5)*90*1)*5",
						"-17.2062-math.sin((q.anim_time-0.5)*90*0.5)*9",
						"-7.3772-math.sin((q.anim_time-0.5)*90*0.5)*5"
					]
				},
				"left_arm4": {
					"rotation": ["-54.5959+math.sin(q.anim_time*90*0.5)*5", "-43.157+math.sin(q.anim_time*90*0.5)*5", "64.0724+math.sin(q.anim_time*90*0.5)*5"],
					"position": [0, -0.1, -0.4]
				},
				"left_arm5": {
					"rotation": [-15.6395, 3.42023, "3.0302-math.sin(q.anim_time*90*0.5)*5"]
				},
				"head2": {
					"rotation": ["-42.5+math.sin(q.anim_time*90*1)*3", 0, "-math.sin(q.anim_time*90*1)*1"],
					"position": [0, 0.38897, 0.11206]
				},
				"eyes2": {
					"position": [0, 0.3, 0],
					"scale": [0.95, 0.71, 1]
				},
				"jaw": {
					"rotation": ["2.5+math.sin(q.anim_time*90*0.5)*5", 0, "0-math.sin(q.anim_time*90*0.5)*1"],
					"position": [0, 0, 0],
					"scale": 0.98
				},
				"bone": {
					"scale": [0.96, 1, 1]
				},
				"bone2": {
					"scale": [0.96, 1, 1]
				},
				"legs": {
					"rotation": ["2.5+math.sin(q.anim_time*90*0.5)*8", 0, 0]
				}
			}
		}
	}
}