{
    "species": "cobblemon:archaludon",
    "order": 0,
    "variations": [
        {
            "aspects": [],
            "poser": "cobblemon:archaludon",
            "model": "cobblemon:archaludon.geo",
            "texture": "cobblemon:textures/pokemon/1018_archaludon/archaludon.png",
            "layers": [
                {
                    "name": "emissive",
                    "texture": "cobblemon:textures/pokemon/1018_archaludon/archaludon_emissive.png",
                    "emissive": true
                }
            ]
        },
        {
            "aspects": [
                "shiny"
            ],
            "texture": "cobblemon:textures/pokemon/1018_archaludon/archaludon_shiny.png",
            "layers": [
                {
                    "name": "emissive",
                    "texture": "cobblemon:textures/pokemon/1018_archaludon/archaludon_emissive.png",
                    "emissive": true
                }
            ]
        }
    ]
}