{
    "species": "cobblemon:megamawile",
    "order": 0,
    "variations": [
        {
            "aspects": [],
            "poser": "cobblemon:megamawile",
            "model": "cobblemon:megamawile.geo",
            "texture": "cobblemon:textures/pokemon/0303_mawile/megamawile.png",
            "layers": []
        },
        {
            "aspects": [
                "shiny"
            ],
            "texture": "cobblemon:textures/pokemon/0303_mawile/megamawile_shiny_1.png",
            "layers": []
        }
    ]
}