{
    "species": "cobblemon:megascizor",
    "order": 0,
    "variations": [
        {
            "aspects": [],
            "poser": "cobblemon:megascizor",
            "model": "cobblemon:megascizor.geo",
            "texture": "cobblemon:textures/pokemon/0212_scizor/megascizor.png",
            "layers": [
                {
                    "name": "emissive",
                    "texture": "cobblemon:textures/pokemon/0212_scizor/megascizor_emissive.png",
                    "emissive": true
                }]
        },
        {
            "aspects": [
                "shiny"
            ],
            "texture": "cobblemon:textures/pokemon/0212_scizor/megascizor_shiny.png",
            "layers": [
                {
                    "name": "emissive",
                    "texture": "cobblemon:textures/pokemon/0212_scizor/megascizor_shiny_emissive.png",
                    "emissive": true
                }
	    ]
        }
    ]
}