{
    "species": "cobblemon:roserade",
    "order": 0,
    "variations": [
        {
            "aspects": [],
            "poser": "cobblemon:roserade",
            "model": "cobblemon:roserade.geo",
            "texture": "cobblemon:textures/pokemon/0407_roserade/roserade.png",
            "layers": []
        },
        {
            "aspects": [
                "shiny"
            ],
            "texture": "cobblemon:textures/pokemon/0407_roserade/roserade_shiny.png",
            "layers": []
        }
    ]
}