{
    "species": "cobblemon:wugtrio",
    "order": 0,
    "variations": [
        {
            "aspects": [],
            "poser": "cobblemon:wugtrio",
            "model": "cobblemon:wugtrio.geo",
            "texture": "cobblemon:textures/pokemon/0961_wugtrio/wugtrio.png",
            "layers": [
            ]
        },
        {
            "aspects": [
                "shiny"
            ],
            "texture": "cobblemon:textures/pokemon/0961_wugtrio/wugtrio_shiny.png",
            "layers": [
            ]
        }
    ]
}