{
    "species": "cobblemon:weezing",
    "order": 1,
    "variations": [
        {
            "aspects": [
                "galarian"
            ],
            "model": "cobblemon:weezing_galarian.geo",
            "poser": "cobblemon:weezing_galarian",
            "texture": "cobblemon:textures/pokemon/0110_weezing/weezing_galarian.png"
        },
        {
            "aspects": [
                "galarian",
                "shiny"
            ],
            "texture": "cobblemon:textures/pokemon/0110_weezing/weezing_galarian_shiny.png"
        }
    ]
}