{
	"format_version": "1.12.0",
	"minecraft:geometry": [
		{
			"description": {
				"identifier": "geometry.turtonator",
				"texture_width": 128,
				"texture_height": 128,
				"visible_bounds_width": 4,
				"visible_bounds_height": 3.5,
				"visible_bounds_offset": [0, 1.25, 0]
			},
			"bones": [
				{
					"name": "turtonator",
					"pivot": [0, 0, 0]
				},
				{
					"name": "body",
					"parent": "turtonator",
					"pivot": [0, 4.73759, 3.7571]
				},
				{
					"name": "torso",
					"parent": "body",
					"pivot": [0, 35, -4.9]
				},
				{
					"name": "shell",
					"parent": "torso",
					"pivot": [0, 17.59002, 8.17439],
					"cubes": [
						{"origin": [-1.47485, 16.06694, 7.89416], "size": [3, 3, 1], "pivot": [0.03965, 17.60852, 8.16944], "rotation": [10.7286, -10.5453, 44.007], "uv": [40, 103]},
						{"origin": [-8.36424, 16.96224, 6.98222], "size": [8, 9, 2], "pivot": [0.04819, 17.55356, 8.18416], "rotation": [18.589, -17.9102, 42.5438], "uv": [0, 83]},
						{"origin": [0.33953, 18.06114, 6.82997], "size": [8, 8, 2], "pivot": [-0.13692, 17.63781, 8.16159], "rotation": [22.6235, 7.243, 1.9516], "uv": [84, 38]},
						{"origin": [1.19745, 13.56608, 5.87422], "size": [9, 8, 2], "pivot": [5.69745, 17.56608, 6.87422], "rotation": [18.0617, -3.174, 45.4015], "uv": [78, 28]},
						{"origin": [0.33953, 9.11638, 6.82996], "size": [8, 8, 2], "pivot": [-0.13692, 17.63781, 8.16159], "rotation": [7.6235, 7.243, 1.9516], "uv": [20, 86]},
						{"origin": [-3.6455, 7.26353, 7.42822], "size": [8, 9, 2], "pivot": [0.3545, 11.76353, 8.42822], "rotation": [3.0617, -3.174, 45.4015], "uv": [67, 82]},
						{"origin": [-8.3424, 9.2406, 6.82997], "size": [8, 8, 2], "pivot": [-0.13692, 17.63781, 8.16159], "rotation": [7.6235, -7.243, -1.9516], "uv": [85, 64]},
						{"origin": [-8.32991, 9.10903, 6.98222], "size": [9, 8, 2], "pivot": [0.04819, 17.55356, 8.18416], "rotation": [3.589, -17.9102, 42.5438], "uv": [22, 76]},
						{"origin": [-8.30084, 17.95828, 6.82997], "size": [8, 8, 2], "pivot": [-0.13692, 17.63781, 8.16159], "rotation": [22.6235, -7.243, -1.9516], "uv": [44, 83]},
						{"origin": [-10, 7.58833, 3.51131], "size": [20, 20, 2], "pivot": [0.03965, 17.63781, 8.16159], "rotation": [15, 0, 0], "uv": [0, 22]},
						{"origin": [-9.95067, 7.56819, 3.76131], "size": [20, 20, 2], "pivot": [0.04898, 17.63781, 8.16159], "rotation": [10.7286, -10.5453, 44.007], "uv": [0, 0]},
						{"origin": [9.5, 16.72444, -0.35535], "size": [5, 8, 6], "pivot": [5, 7.22444, 1.94465], "rotation": [2.3492, 15.7866, -61.0055], "uv": [47, 69]},
						{"origin": [-14.5, 17.72444, -0.35535], "size": [5, 7, 6], "pivot": [-5, 7.22444, 1.94465], "rotation": [2.3492, -15.7866, 61.0055], "uv": [69, 69]},
						{"origin": [-8.5, 12.62241, -2.22987], "size": [17, 9, 6], "pivot": [0.03965, 16.67189, 8.42041], "rotation": [15, 0, 0], "uv": [38, 38]},
						{"origin": [-8.4, 6.5638, 0.48401], "size": [7, 7, 6], "pivot": [-5, 8.5638, 1.53401], "rotation": [12.3492, -15.7866, 61.0055], "uv": [0, 55]},
						{"origin": [1.4, 6.5638, 0.38401], "size": [7, 8, 6], "pivot": [5, 8.5638, 1.53401], "rotation": [12.3492, 15.7866, -61.0055], "uv": [34, 53]},
						{"origin": [1.89915, 17.23913, -3.11046], "size": [1, 5, 2], "pivot": [-0.10085, 19.03913, -3.11046], "rotation": [8.1925, -12.6084, 56.5934], "uv": [44, 11]},
						{"origin": [3.28938, 14.27967, -2.12991], "size": [4, 4, 2], "pivot": [5.53938, 15.37967, -2.12991], "rotation": [7.6307, 12.9525, -59.1325], "uv": [105, 64]},
						{"origin": [1.03938, 12.45345, -0.80993], "size": [4, 1, 2], "pivot": [3.53938, 10.45345, -0.80993], "rotation": [14.9455, -1.2926, 4.8304], "uv": [0, 68]},
						{"origin": [0.21438, 8.42845, -0.80993], "size": [1, 4, 2], "pivot": [3.53938, 10.45345, -0.80993], "rotation": [13.6497, -6.2797, 24.2477], "uv": [0, 55]},
						{"origin": [-2.89915, 17.23913, -3.11046], "size": [1, 5, 2], "pivot": [0.10085, 19.03913, -3.11046], "rotation": [8.1925, 12.6084, -56.5934], "uv": [44, 0]},
						{"origin": [-7.28938, 14.27967, -2.12991], "size": [4, 4, 2], "pivot": [-5.53938, 15.37967, -2.12991], "rotation": [7.6307, -12.9525, 59.1325], "uv": [105, 50]},
						{"origin": [-5.03938, 12.45345, -0.80993], "size": [4, 1, 2], "pivot": [-3.53938, 10.45345, -0.80993], "rotation": [14.9455, 1.2926, -4.8304], "uv": [28, 55]},
						{"origin": [-1.21438, 8.42845, -0.80993], "size": [1, 4, 2], "pivot": [-3.53938, 10.45345, -0.80993], "rotation": [13.6497, 6.2797, -24.2477], "uv": [44, 23]},
						{"origin": [-5.5, 12.62241, -0.22987], "size": [11, 9, 6], "pivot": [0.03965, 16.67189, 8.42041], "rotation": [15, 0, 0], "uv": [44, 23]}
					]
				},
				{
					"name": "spikes",
					"parent": "shell",
					"pivot": [0, 17.59002, 8.17439],
					"cubes": [
						{"origin": [-9.07853, 18.99294, 4.73807], "size": [5, 2, 2], "pivot": [0, 17.59002, 8.17439], "rotation": [45, 10, 90], "uv": [102, 18]},
						{"origin": [-12.07853, 18.99294, 5.73807], "size": [3, 1, 1], "pivot": [0, 17.59002, 8.17439], "rotation": [45, 10, 90], "uv": [30, 49]},
						{"origin": [-2.91334, 18.81118, 5.65359], "size": [3, 7, 3], "pivot": [0, 17.75567, 8.58594], "rotation": [-23.9595, -52.5532, 58.6617], "uv": [12, 96]},
						{"origin": [-1.91334, 25.81118, 6.65359], "size": [2, 3, 2], "pivot": [0, 17.75567, 8.58594], "rotation": [-23.9595, -52.5532, 58.6617], "uv": [12, 106]},
						{"origin": [-0.91334, 28.81118, 7.65359], "size": [1, 3, 0], "pivot": [0, 17.75567, 8.58594], "rotation": [-23.9595, -52.5532, 58.6617], "uv": [72, 70]},
						{"origin": [3.75778, 14.37118, 4.77349], "size": [5, 2, 2], "pivot": [0, 17.59002, 8.17439], "rotation": [-28.5297, -24.0929, -6.8817], "uv": [105, 70]},
						{"origin": [8.75778, 15.57118, 5.47349], "size": [3, 0, 1], "pivot": [0, 17.79002, 7.87439], "rotation": [-28.5297, -24.0929, -6.8817], "uv": [72, 20]},
						{"origin": [-2.84876, 9.64486, 5.45735], "size": [3, 7, 3], "pivot": [0, 17.75567, 8.58594], "rotation": [40.6807, -25.3339, -69.5203], "uv": [54, 93]},
						{"origin": [-1.84876, 6.64486, 6.45735], "size": [2, 3, 2], "pivot": [0, 17.75567, 8.58594], "rotation": [40.6807, -25.3339, -69.5203], "uv": [30, 44]},
						{"origin": [-0.84876, 3.64486, 7.45735], "size": [0, 3, 1], "pivot": [0, 17.75567, 8.58594], "rotation": [40.6807, -25.3339, -69.5203], "uv": [20, 55]},
						{"origin": [-9.08285, 14.16025, 4.77803], "size": [5, 2, 2], "pivot": [0, 17.59002, 8.17439], "rotation": [-45, 40, -90], "uv": [104, 40]},
						{"origin": [-12.08285, 15.16025, 5.77803], "size": [3, 0, 1], "pivot": [0, 17.59002, 8.17439], "rotation": [-45, 40, -90], "uv": [0, 52]},
						{"origin": [-0.15124, 9.64486, 5.45735], "size": [3, 7, 3], "pivot": [0, 17.75567, 8.58594], "rotation": [40.6807, 25.3339, 69.5203], "uv": [66, 93]},
						{"origin": [-0.15124, 6.64486, 6.45735], "size": [2, 3, 2], "pivot": [0, 17.75567, 8.58594], "rotation": [40.6807, 25.3339, 69.5203], "uv": [26, 61]},
						{"origin": [0.84876, 3.64486, 7.45735], "size": [0, 3, 1], "pivot": [0, 17.75567, 8.58594], "rotation": [40.6807, 25.3339, 69.5203], "uv": [63, 69]},
						{"origin": [-8.75778, 14.37118, 4.77349], "size": [5, 2, 2], "pivot": [0, 17.59002, 8.17439], "rotation": [-28.5297, 24.0929, 6.8817], "uv": [105, 12]},
						{"origin": [-11.75778, 15.57118, 5.47349], "size": [3, 0, 1], "pivot": [0, 17.79002, 7.87439], "rotation": [-28.5297, 24.0929, 6.8817], "uv": [17, 71]},
						{"origin": [-0.08666, 18.56118, 5.65359], "size": [3, 7, 3], "pivot": [0, 17.75567, 8.58594], "rotation": [-23.9595, 52.5532, -58.6617], "uv": [0, 94]},
						{"origin": [-0.08666, 25.56118, 6.65359], "size": [2, 3, 2], "pivot": [0, 17.75567, 8.58594], "rotation": [-23.9595, 52.5532, -58.6617], "uv": [105, 81]},
						{"origin": [-0.08666, 28.56118, 7.65359], "size": [1, 3, 0], "pivot": [0, 17.75567, 8.58594], "rotation": [-23.9595, 52.5532, -58.6617], "uv": [1, 72]}
					]
				},
				{
					"name": "neck_lower",
					"parent": "torso",
					"pivot": [-0.9, 19.75, 0.1],
					"cubes": [
						{"origin": [-3, 20.44976, -3.4322], "size": [6, 7, 5], "pivot": [0, 23.94976, -0.9322], "rotation": [25, 0, 0], "uv": [0, 71]},
						{"origin": [-3.75, 24.21399, -1.27875], "size": [3, 3, 0], "pivot": [-1, 24.46399, -3.07875], "rotation": [20.7286, 10.5453, -44.007], "uv": [83, 1]},
						{"origin": [0.75, 24.21399, -1.47875], "size": [3, 3, 0], "pivot": [1, 24.46399, -3.27875], "rotation": [20.7286, -10.5453, 44.007], "uv": [85, 49]}
					]
				},
				{
					"name": "neck_upper",
					"parent": "neck_lower",
					"pivot": [0, 26.25, -2.9],
					"cubes": [
						{"origin": [-3, 26.74976, -4.0072], "size": [6, 6, 5], "inflate": -0.001, "pivot": [0, 23.94976, -0.9322], "rotation": [15, 0, 0], "uv": [72, 6]},
						{"origin": [-4.6, 25.35619, -2.65994], "size": [3, 3, 0], "pivot": [-1.5, 27.45619, -4.15994], "rotation": [10.7286, -10.5453, 44.007], "uv": [45, 19]},
						{"origin": [1.6, 25.35619, -2.85994], "size": [3, 3, 0], "pivot": [1.5, 27.45619, -4.35994], "rotation": [10.7286, 10.5453, -44.007], "uv": [102, 1]}
					]
				},
				{
					"name": "head",
					"parent": "neck_upper",
					"pivot": [0, 31.25, -3.9],
					"cubes": [
						{"origin": [-4, 30.75, -8.4], "size": [8, 4, 7], "uv": [44, 0]},
						{"origin": [-2.25, 33.5, -12.1], "size": [2, 2, 4], "pivot": [0, 33.25, -9.6], "rotation": [9.27166, -9.1526, 44.25627], "uv": [32, 103]}
					]
				},
				{
					"name": "hat",
					"parent": "head",
					"pivot": [0, 34.55, 1.1],
					"cubes": [
						{"origin": [0.5, 37.7, -6.93553], "size": [4, 1, 4], "pivot": [0, 35.25, -2.43553], "rotation": [27.2363, 41.6411, 18.8817], "uv": [90, 18]},
						{"origin": [0, 36.6, -7.9], "size": [3, 1, 2], "pivot": [0, 34.45, -4.9], "rotation": [12.5, 0, 12.5], "uv": [12, 68]},
						{"origin": [1.03553, 35.85, -6.4], "size": [4, 1, 4], "pivot": [3.53553, 35.85, -4.9], "rotation": [0, -45, 20], "uv": [93, 86]},
						{"origin": [0, 35.25, -3.9], "size": [3, 1, 2], "pivot": [0, 34.55, 1.1], "rotation": [-12.5, 0, 12.5], "uv": [72, 17]},
						{"origin": [-3.6, 35.8, -5.06447], "size": [4, 1, 4], "pivot": [0, 35.25, -1.36447], "rotation": [-27.2363, -41.6411, 18.8817], "uv": [78, 97]},
						{"origin": [-3, 35.2, -3.9], "size": [3, 1, 2], "pivot": [0, 35.3, 1.1], "rotation": [-12.5, 0, -12.5], "uv": [74, 64]},
						{"origin": [-5.03553, 35.85, -6.4], "size": [4, 1, 4], "pivot": [-3.53553, 35.85, -4.9], "rotation": [0, 45, -20], "uv": [95, 93]},
						{"origin": [-3, 36.6, -7.9], "size": [3, 1, 2], "pivot": [0, 34.45, -4.9], "rotation": [12.5, 0, -12.5], "uv": [30, 51]},
						{"origin": [-5, 34.8, -9.9], "size": [10, 1, 10], "pivot": [0, 35, -4.9], "rotation": [0, -45, 0], "uv": [42, 12]},
						{"origin": [-5, 34.75, -9.9], "size": [10, 1, 10], "uv": [0, 44]},
						{"origin": [1, 34.825, -10.9], "size": [5, 1, 5], "pivot": [0, 35.225, -4.9], "rotation": [0, -45, 0], "uv": [90, 12]},
						{"origin": [-6, 34.825, -10.9], "size": [5, 1, 5], "pivot": [0, 35.225, -4.9], "rotation": [0, 45, 0], "uv": [67, 0]},
						{"origin": [20.53553, 28.85, -25.9], "size": [4, 1, 4], "pivot": [3.53553, -43.85, -4.9], "rotation": [0, -45, -20], "uv": [97, 23]},
						{"origin": [-24.53553, 28.85, -25.9], "size": [4, 1, 4], "pivot": [-3.53553, -43.85, -4.9], "rotation": [0, 45, 20], "uv": [96, 59]},
						{"origin": [-2.5, 33.4, -3.93553], "size": [4, 1, 4], "pivot": [0, 35.25, -2.43553], "rotation": [27.2363, 41.6411, 18.8817], "uv": [24, 96]}
					]
				},
				{
					"name": "nose",
					"parent": "head",
					"pivot": [0, 33.25, -9.9],
					"cubes": [
						{"origin": [-2.5, 32.75, -14.1], "size": [3, 3, 2], "pivot": [0, 33.25, -9.6], "rotation": [9.27166, -9.1526, 44.25627], "uv": [69, 53]}
					]
				},
				{
					"name": "eyes",
					"parent": "head",
					"pivot": [-1.5, 34.25, -8.4]
				},
				{
					"name": "eye_right",
					"parent": "eyes",
					"pivot": [-1.5, 34.25, -8.4],
					"cubes": [
						{"origin": [-2, 33.5, -8.4], "size": [1, 1, 0], "pivot": [-1.5, 34.25, -8.4], "rotation": [0, -7.5, 0], "uv": [0, 0]}
					]
				},
				{
					"name": "eye_left",
					"parent": "eyes",
					"pivot": [1.5, 34.25, -8.4],
					"cubes": [
						{"origin": [1, 33.5, -8.4], "size": [1, 1, 0], "pivot": [1.5, 34.25, -8.4], "rotation": [0, 7.5, 0], "uv": [0, 1]}
					]
				},
				{
					"name": "mouth_open",
					"parent": "head",
					"pivot": [0, 32.75, -9.9],
					"cubes": [
						{"origin": [-4, 30.575, -8.475], "size": [8, 2, 0], "uv": [93, 91]},
						{"origin": [-0.15, 32.225, -8.5], "size": [1, 1, 0], "pivot": [0, 33.075, -9.8], "rotation": [0, 0, 45], "uv": [0, 22]}
					]
				},
				{
					"name": "mouth",
					"parent": "head",
					"pivot": [0, 32.65, -9.9]
				},
				{
					"name": "mouth_right",
					"parent": "mouth",
					"pivot": [0, 32.65, -9.9],
					"cubes": [
						{"origin": [-1, 31.65, -8.9], "size": [1, 2, 1], "pivot": [0, 32.65, -9.9], "rotation": [0, 0, -45], "uv": [40, 89]}
					]
				},
				{
					"name": "mouth_right2",
					"parent": "mouth_right",
					"pivot": [-4.59619, 32.29645, -8.4],
					"cubes": [
						{"origin": [-1.93566, 28.94645, -8.85], "size": [1, 4, 1], "pivot": [-1.06066, 32.29645, -8.35], "rotation": [0, 0, 70], "uv": [67, 0]}
					]
				},
				{
					"name": "mouth_right_3",
					"parent": "mouth_right2",
					"pivot": [-4.59619, 32.29645, -8.4],
					"cubes": [
						{"origin": [-4.84619, 31.04645, -8.8], "size": [1, 2, 1], "pivot": [-4.59619, 32.29645, -8.4], "rotation": [0, 0, -30], "uv": [22, 68]},
						{"origin": [-6.12652, 32.21501, -8.7], "size": [2, 2, 0], "pivot": [-5.12652, 33.21501, -8.8], "rotation": [0, 0, -5], "uv": [42, 0]}
					]
				},
				{
					"name": "mouth_left",
					"parent": "mouth",
					"pivot": [0, 32.65, -9.9],
					"cubes": [
						{"origin": [0, 31.65, -8.9], "size": [1, 2, 1], "pivot": [0, 32.65, -9.9], "rotation": [0, 0, 45], "uv": [90, 18]}
					]
				},
				{
					"name": "mouth_left_2",
					"parent": "mouth_left",
					"pivot": [1.06066, 32.29645, -8.35],
					"cubes": [
						{"origin": [0.93566, 28.94645, -8.85], "size": [1, 4, 1], "pivot": [1.06066, 32.29645, -8.35], "rotation": [0, 0, -70], "uv": [54, 53]}
					]
				},
				{
					"name": "mouth_left_3",
					"parent": "mouth_left_2",
					"pivot": [5.12652, 33.21501, -8.8],
					"cubes": [
						{"origin": [3.84619, 31.04645, -8.8], "size": [1, 2, 1], "pivot": [4.59619, 32.29645, -8.4], "rotation": [0, 0, 30], "uv": [40, 86]},
						{"origin": [4.12652, 32.21501, -8.7], "size": [2, 2, 0], "pivot": [5.12652, 33.21501, -8.8], "rotation": [0, 0, 5], "uv": [48, 11]}
					]
				},
				{
					"name": "arm_right",
					"parent": "torso",
					"pivot": [-6.86649, 16.1388, -1.38095],
					"cubes": [
						{"origin": [-9.35, 11.76122, -6.82069], "size": [3, 4, 6], "pivot": [-7.5, 15.41122, -3.82069], "rotation": [48.62, 17.1622, 26.958], "uv": [87, 76]}
					]
				},
				{
					"name": "hand_right",
					"parent": "arm_right",
					"pivot": [-7.86649, 13.1388, -5.38095],
					"cubes": [
						{"origin": [-10.42572, 9.65408, -7.53509], "size": [2, 3, 4], "pivot": [-11.42572, 11.50408, -6.53509], "rotation": [39.9864, -0.6469, 2.4149], "uv": [90, 98]}
					]
				},
				{
					"name": "finger_right",
					"parent": "hand_right",
					"pivot": [-7.86649, 13.1388, -5.38095],
					"cubes": [
						{"origin": [-8.36649, 12.1388, -6.38095], "size": [1, 1, 2], "pivot": [-7.86649, 13.1388, -5.38095], "rotation": [40.3777, -24.779, -4.2411], "uv": [78, 38]}
					]
				},
				{
					"name": "arm_left",
					"parent": "torso",
					"pivot": [8.86649, 14.1388, 0.61905],
					"cubes": [
						{"origin": [6.35, 11.76122, -6.82069], "size": [3, 4, 6], "pivot": [7.5, 15.41122, -3.82069], "rotation": [48.62, -17.1622, -26.958], "uv": [81, 87]}
					]
				},
				{
					"name": "hand_left",
					"parent": "arm_left",
					"pivot": [7.86649, 13.1388, -5.38095],
					"cubes": [
						{"origin": [8.42572, 9.65408, -7.53509], "size": [2, 3, 4], "pivot": [11.42572, 11.50408, -6.53509], "rotation": [39.9864, 0.6469, -2.4149], "uv": [99, 74]}
					]
				},
				{
					"name": "finger_left",
					"parent": "hand_left",
					"pivot": [7.86649, 13.1388, -5.38095],
					"cubes": [
						{"origin": [7.36649, 12.1388, -6.38095], "size": [1, 1, 2], "pivot": [7.86649, 13.1388, -5.38095], "rotation": [40.3777, 24.779, 4.2411], "uv": [78, 41]}
					]
				},
				{
					"name": "tail",
					"parent": "torso",
					"pivot": [0, 3.75, 10.1],
					"cubes": [
						{"origin": [-2.5, 0.22396, 2.35357], "size": [5, 8, 2], "pivot": [0, 5.12396, 3.65357], "rotation": [32.5, 0, 0], "uv": [40, 93]}
					]
				},
				{
					"name": "tail_top_start",
					"parent": "tail",
					"pivot": [0, 3.75, 10.1],
					"cubes": [
						{"origin": [-5.9, 0.25, 4.2], "size": [7, 2, 7], "pivot": [0, 3.75, 10.1], "rotation": [-49.8793, -32.7978, 32.7324], "uv": [53, 60]}
					]
				},
				{
					"name": "tail_middle",
					"parent": "tail",
					"pivot": [0, 3.75, 10.1],
					"cubes": [
						{"origin": [-2, 6.53759, 6.0571], "size": [4, 5, 2], "pivot": [0, 4.73759, 3.7571], "rotation": [-95, 0, 0], "uv": [40, 67]}
					]
				},
				{
					"name": "tail_top_middle",
					"parent": "tail_middle",
					"pivot": [0, 3.75, 10.1],
					"cubes": [
						{"origin": [-2.4, 1.5, 7.7], "size": [5, 1, 5], "pivot": [0, 3.75, 10.1], "rotation": [-17.4074, -43.6575, 12.2127], "uv": [54, 53]}
					]
				},
				{
					"name": "tail_end",
					"parent": "tail_middle",
					"pivot": [0, 3.75, 10.1],
					"cubes": [
						{"origin": [-1.5, 11.03759, 6.7571], "size": [3, 6, 2], "pivot": [0, 4.73759, 3.7571], "rotation": [-90, 0, 0], "uv": [0, 44]}
					]
				},
				{
					"name": "tail_top_end",
					"parent": "tail_end",
					"pivot": [0, 3.75, 10.1],
					"cubes": [
						{"origin": [0.3, 0.45, 10.4], "size": [7, 2, 7], "pivot": [0, 3.75, 10.1], "rotation": [0, -45, 0], "uv": [19, 67]}
					]
				},
				{
					"name": "leg_left",
					"parent": "torso",
					"pivot": [4.6, 7.48274, 3.1832],
					"cubes": [
						{"origin": [3.85, 4.48274, -5.2668], "size": [4, 7, 4], "pivot": [4.6, 5.48274, -2.8168], "rotation": [-58.891, -19.0307, -6.0149], "uv": [89, 48]}
					]
				},
				{
					"name": "leg_left_lower",
					"parent": "leg_left",
					"pivot": [6.19268, 5.92762, -1.64276],
					"cubes": [
						{"origin": [3.30732, 1.27762, -5.14276], "size": [4, 4, 7], "pivot": [5.30732, 3.72762, -1.64276], "rotation": [-83.3517, -20.5071, -0.2226], "uv": [75, 17]},
						{"origin": [5.50732, 1.25262, -1.29276], "size": [2, 2, 4], "pivot": [5.30732, 3.72762, -1.64276], "rotation": [-91.7589, -17.0029, -12.8995], "uv": [101, 44]},
						{"origin": [6.22208, 0.08796, -3.7123], "size": [2, 2, 4], "pivot": [7.22208, 1.33796, -1.2123], "rotation": [71.2402, -26.8972, 163.3163], "uv": [105, 0]},
						{"origin": [5.47181, 0.75376, -2.45318], "size": [2, 2, 4], "pivot": [6.54681, 1.55376, 0.09682], "rotation": [-69.2589, -17.0029, -12.8995], "uv": [100, 28]},
						{"origin": [4.05732, 2.52762, -1.39276], "size": [2, 2, 4], "pivot": [5.30732, 3.72762, -1.64276], "rotation": [35.0105, 52.5929, 142.3925], "uv": [82, 104]},
						{"origin": [2.27181, 0.65376, -1.80318], "size": [2, 2, 4], "pivot": [6.54681, 1.55376, 0.09682], "rotation": [-77.2257, -22.631, 10.288], "uv": [63, 69]},
						{"origin": [5.35732, 2.47762, -1.39276], "size": [2, 2, 4], "pivot": [5.30732, 3.72762, -1.64276], "rotation": [87.4474, 64.0302, -161.8571], "uv": [105, 6]},
						{"origin": [3.10732, 1.17762, -1.34276], "size": [2, 2, 4], "pivot": [5.30732, 3.72762, -1.64276], "rotation": [-99.7257, -22.631, 10.288], "uv": [24, 101]}
					]
				},
				{
					"name": "leg_right",
					"parent": "torso",
					"pivot": [-7.6, 6.48274, 4.1832],
					"cubes": [
						{"origin": [-7.85, 4.48274, -5.2668], "size": [4, 7, 4], "pivot": [-4.6, 5.48274, -2.8168], "rotation": [-58.891, 19.0307, 6.0149], "uv": [89, 48], "mirror": true}
					]
				},
				{
					"name": "leg_right_lower",
					"parent": "leg_right",
					"pivot": [-5.59268, 6.42762, -1.64276],
					"cubes": [
						{"origin": [-7.40732, 1.27762, -5.14276], "size": [4, 4, 7], "pivot": [-5.40732, 3.72762, -1.64276], "rotation": [-83.3517, 20.5071, 0.2226], "uv": [75, 17], "mirror": true},
						{"origin": [-7.60732, 1.25262, -1.29276], "size": [2, 2, 4], "pivot": [-5.40732, 3.72762, -1.64276], "rotation": [-91.7589, 17.0029, 12.8995], "uv": [101, 44], "mirror": true},
						{"origin": [-8.32208, 0.08796, -3.7123], "size": [2, 2, 4], "pivot": [-7.32208, 1.33796, -1.2123], "rotation": [71.2402, 26.8972, -163.3163], "uv": [105, 0], "mirror": true},
						{"origin": [-7.57181, 0.75376, -2.45318], "size": [2, 2, 4], "pivot": [-6.64681, 1.55376, 0.09682], "rotation": [-69.2589, 17.0029, 12.8995], "uv": [100, 28], "mirror": true},
						{"origin": [-6.15732, 2.52762, -1.39276], "size": [2, 2, 4], "pivot": [-5.40732, 3.72762, -1.64276], "rotation": [35.0105, -52.5929, -142.3925], "uv": [82, 104], "mirror": true},
						{"origin": [-4.37181, 0.65376, -1.80318], "size": [2, 2, 4], "pivot": [-6.64681, 1.55376, 0.09682], "rotation": [-77.2257, 22.631, -10.288], "uv": [63, 69], "mirror": true},
						{"origin": [-7.45732, 2.47762, -1.39276], "size": [2, 2, 4], "pivot": [-5.40732, 3.72762, -1.64276], "rotation": [87.4474, -64.0302, 161.8571], "uv": [105, 6], "mirror": true},
						{"origin": [-5.20732, 1.17762, -1.34276], "size": [2, 2, 4], "pivot": [-5.40732, 3.72762, -1.64276], "rotation": [-99.7257, 22.631, -10.288], "uv": [24, 101], "mirror": true}
					]
				}
			]
		}
	]
}