{
	"format_version": "1.8.0",
	"animations": {
		"animation.archaludon.cry": {
			"animation_length": 2.54167,
			"bones": {
				"torso": {
					"rotation": {
						"0.0": [12.5, 0, 0],
						"0.5417": [0, 0, 0],
						"1.625": [0, 0, 0],
						"2.125": [12.5, 0, 0]
					},
					"position": {
						"0.0": [0, -1, 0],
						"0.5417": [0, -1, 0],
						"1.625": [0, -1, 0],
						"2.125": [0, -1, 0]
					},
					"scale": {
						"0.0": [1, 0.8, 0.8],
						"0.5417": [1, 0.8, 0.8],
						"1.625": [1, 0.8, 0.8],
						"2.125": [1, 0.8, 0.8]
					}
				},
				"chest": {
					"rotation": {
						"0.0": [-68, 0, 0],
						"0.5": [0, 0, 0],
						"1.5833": [0, 0, 0],
						"1.875": [-68, 0, 0]
					},
					"position": {
						"0.0": [0, -4.1, 4.6],
						"0.2083": [0, -1.69, 3.48],
						"0.5": [0, 0, 0],
						"1.5833": [0, 0, 0],
						"1.7083": [0, -0.76, 1.97],
						"1.875": [0, -4.1, 4.6]
					},
					"scale": {
						"0.5": [1.001, 1, 1],
						"1.5833": [1.001, 1, 1]
					}
				},
				"chest2": {
					"rotation": {
						"0.0": [-46.5, 0, 0],
						"0.5": [0, 0, 0],
						"1.9167": [0, 0, 0],
						"2.5417": [-46.5, 0, 0]
					},
					"position": {
						"0.0": [0, -2.3, 3.8],
						"0.5": [0, 0, 0],
						"1.9167": [0, 0, 0],
						"2.5417": [0, -2.3, 3.8]
					},
					"scale": {
						"0.0": [1.009, 1, 1],
						"0.5": [1.009, 1, 1],
						"1.9167": [1.009, 1, 1],
						"2.5417": [1.009, 1, 1]
					}
				},
				"right_arm": {
					"rotation": {
						"0.0": [45, 0, 0],
						"0.375": [0, 0, 0]
					},
					"position": {
						"0.0": [0, 2.5, -5],
						"0.5833": [0, -0.5, -5]
					},
					"scale": [1, 1, 1.2]
				},
				"left_arm": {
					"rotation": {
						"0.0": [45, 0, 0],
						"0.375": [0, 0, 0]
					},
					"position": {
						"0.0": [0, -0.4, -5],
						"0.5833": [0, 0.6, -5]
					},
					"scale": [1, 1, 1.2]
				},
				"left_leg": {
					"position": {
						"0.25": [0, 0, 0],
						"0.4167": [0, 12, 0],
						"0.4583": [0, 6.17, 0],
						"0.5": [0, 2.33, 0],
						"0.7917": [0, 0, 0],
						"1.625": [0.5, -0.45, 0],
						"1.7083": [1.1, -0.45, 0]
					},
					"scale": {
						"0.0": [1, 1, 1.2],
						"0.1667": [1, 1, 1.2],
						"0.25": [1, 1, 1],
						"0.4167": [1, 2, 1],
						"0.5": [1, 1, 1],
						"0.7917": [0.01, 0.01, 0.01],
						"1.7083": [1, 1, 1.2]
					}
				},
				"head": {
					"rotation": {
						"0.0": [32.5, 0, 0],
						"0.4167": [-88.5, 0, 0],
						"0.8333": [-101, 0, 0],
						"1.3333": [-88.5, 0, 0],
						"2.0": [15, 0, 0]
					},
					"position": {
						"0.0": [0, 0, 0],
						"0.4167": [0, 2.6, -4],
						"0.8333": [0, 2.6, -4],
						"1.3333": [0, 2.6, -4],
						"2.0": [0, 0, 1.3]
					},
					"scale": {
						"0.0": [0.8, 1, 1],
						"2.0": [0.8, 1, 1]
					}
				},
				"body": {
					"position": [8.8, 2, 0]
				},
				"enigmaticpart": {
					"position": [0.1, 0.01, 0],
					"scale": [1.01, 1, 1]
				},
				"enigmaticpart2": {
					"position": [0.1, 0.1, 1],
					"scale": [1.01, 0.99, 1]
				},
				"jaw": {
					"rotation": {
						"0.0": [0, 0, 0],
						"0.25": [-1.25, 0, 0],
						"0.4167": [102.5, 0, 0],
						"0.5": [105, 0, 0],
						"0.5833": [107.5, 0, 0],
						"0.6667": [95, 0, 0],
						"0.75": [102.5, 0, 0],
						"0.8333": [105, 0, 0],
						"0.9167": [107.5, 0, 0],
						"1.0": [95, 0, 0],
						"1.0833": [102.5, 0, 0],
						"1.125": [95, 0, 0],
						"1.2083": [102.5, 0, 0],
						"1.25": [95, 0, 0],
						"1.375": [-1.25, 0, 0]
					},
					"position": {
						"0.0": [0, 0, 0],
						"0.25": [0, 0, 0],
						"0.4167": [0, 0, -3],
						"0.5": [0, 0, -3.3],
						"0.5833": [0, 0, -3],
						"0.6667": [0, 0, -3.3],
						"0.75": [0, 0, -3],
						"0.8333": [0, 0, -3.3],
						"0.9167": [0, 0, -3],
						"1.0": [0, 0, -3.3],
						"1.0833": [0, 0, -3],
						"1.125": [0, 0, -3.3],
						"1.2083": [0, 0, -3],
						"1.25": [0, 0, -3.3],
						"1.375": [0, 0, 0]
					}
				},
				"right_leg": {
					"position": {
						"0.25": [0, 0, 0],
						"0.4167": [0, 12, 0],
						"0.4583": [0, 6.17, 0],
						"0.5": [0, 2.33, 0],
						"0.7917": [0, 0, 0],
						"1.625": [-0.5, -0.43, 0],
						"1.7083": [-1.2, -0.47, 0]
					},
					"scale": {
						"0.0": [1, 1, 1.2],
						"0.1667": [1, 1, 1.2],
						"0.25": [1, 1, 1],
						"0.4167": [1, 2, 1],
						"0.5": [1, 1, 1],
						"0.7917": [0.01, 0.01, 0.01],
						"1.7083": [1, 1, 1.2]
					}
				},
				"right_arm2": {
					"position": {
						"0.0": [0, 0, 0],
						"0.7083": [0, -1, 0],
						"1.6667": [0, -1, 0],
						"1.7917": [0, -3.5, 0]
					},
					"scale": {
						"0.25": [0.01, 0.01, 0.01],
						"0.4167": [0.01, 0.01, 0.01],
						"0.5417": [1, 0.82, 1],
						"0.7083": [1, 0.82, 1],
						"1.7083": [1, 0.82, 1],
						"1.9167": [1, 0.32, 1],
						"1.9583": [0.01, 0.01, 0.01]
					}
				},
				"left_arm2": {
					"position": {
						"0.0": [0, 0, 0],
						"0.7083": [0, -1, 0],
						"1.6667": [0, -1, 0],
						"1.7917": [0, -4.5, 0]
					},
					"scale": {
						"0.25": [0.01, 0.01, 0.01],
						"0.4167": [0.01, 0.01, 0.01],
						"0.5417": [1, 0.82, 1],
						"0.7083": [1, 0.82, 1],
						"1.6667": [1, 0.82, 1],
						"1.875": [1, 0.32, 1],
						"1.9583": [0.01, 0.01, 0.01]
					}
				},
				"electric": {
					"scale": {
						"0.0": [0.01, 0.21, 0.01],
						"0.5": [0.01, 0.21, 0.01],
						"0.5417": [1, 1, 1],
						"1.3333": [1, 1, 1],
						"1.375": [0.01, 0.21, 0.01]
					}
				},
				"electric2": {
					"scale": {
						"0.0": [0.01, 0.21, 0.01],
						"0.5": [0.01, 0.21, 0.01],
						"0.5417": [1, 1, 1],
						"1.3333": [1, 1, 1],
						"1.375": [0.01, 0.21, 0.01]
					}
				},
				"electric3": {
					"scale": {
						"0.0": [0.01, 0.21, 0.01],
						"0.5": [0.01, 0.21, 0.01],
						"0.5417": [1, 1, 1],
						"1.3333": [1, 1, 1],
						"1.375": [0.01, 0.21, 0.01]
					}
				},
				"electric4": {
					"scale": {
						"0.0": [0.01, 0.21, 0.01],
						"0.5": [0.01, 0.21, 0.01],
						"0.5417": [1, 1, 1],
						"1.3333": [1, 1, 1],
						"1.375": [0.01, 0.21, 0.01]
					}
				},
				"electric5": {
					"scale": {
						"0.0": [0.01, 0.21, 0.01],
						"0.5": [0.01, 0.21, 0.01],
						"0.5417": [1, 1, 1],
						"1.3333": [1, 1, 1],
						"1.375": [0.01, 0.21, 0.01]
					}
				},
				"electric7": {
					"scale": {
						"0.0": [0.01, 0.21, 0.01],
						"0.5": [0.01, 0.21, 0.01],
						"0.5417": [1, 1, 1],
						"1.3333": [1, 1, 1],
						"1.375": [0.01, 0.21, 0.01]
					}
				},
				"zap": {
					"rotation": {
						"0.0": [0, 0, 0],
						"0.5833": [-53.80286, 10.54794, -14.04397]
					},
					"position": {
						"0.0": [0, 0, 0],
						"0.5833": [0, 0, -0.4]
					},
					"scale": {
						"0.0": [0.01, 0.01, 0.01],
						"0.5417": [0.01, 0.01, 0.01],
						"0.5833": [1, 1, 0.9],
						"0.625": ["1+math.sin((query.anim_time-0.15)*3600)*1.35", "1+math.sin((query.anim_time-0.15)*3600)*0.35", 0.9],
						"1.3333": ["1+math.sin((query.anim_time-0.15)*3600)*1.35", "1+math.sin((query.anim_time-0.15)*3600)*0.35", 0.89],
						"1.375": [0.01, 0.01, 0.01]
					}
				},
				"zap2": {
					"rotation": {
						"0.0": [0, 0, 0],
						"0.5833": [-77.02206, 8.90001, -18.5068]
					},
					"position": {
						"0.0": [0, 0, 0],
						"0.5833": [0, 0, -0.3]
					},
					"scale": {
						"0.25": [0.01, 0.01, 0.01],
						"0.5417": [0.01, 0.01, 0.01],
						"0.5833": [1, 1, 0.8],
						"0.625": ["1+math.sin((query.anim_time-0.15)*3600)*1.35", "1+math.sin((query.anim_time-0.15)*3600)*0.35", 0.76],
						"1.3333": ["1+math.sin((query.anim_time-0.15)*3600)*1.35", "1+math.sin((query.anim_time-0.15)*3600)*0.35", 0.71],
						"1.375": [0.01, 0.01, 0.01]
					}
				},
				"zap3": {
					"rotation": [-68.90252, -22.93245, 13.70025],
					"scale": {
						"0.5417": [0.01, 0.01, 0.01],
						"0.5833": [1, 1, 0.74],
						"0.625": ["1+math.sin((query.anim_time-0.15)*3600)*1.35", "1+math.sin((query.anim_time-0.15)*3600)*0.35", 0.71],
						"1.3333": ["1+math.sin((query.anim_time-0.15)*3600)*1.35", "1+math.sin((query.anim_time-0.15)*3600)*0.35", 0.71],
						"1.375": [0.01, 0.01, 0.01]
					}
				},
				"zap4": {
					"rotation": {
						"0.0": [0, 0, 0],
						"0.5833": [-53.95758, -11.13742, 14.86644]
					},
					"scale": {
						"0.5417": [0.01, 0.01, 0.01],
						"0.5833": [1, 1, 0.83],
						"0.625": ["1+math.sin((query.anim_time-0.15)*3600)*1.35", "1+math.sin((query.anim_time-0.15)*3600)*0.35", 0.87],
						"1.3333": ["1+math.sin((query.anim_time-0.15)*3600)*1.35", "1+math.sin((query.anim_time-0.15)*3600)*0.35", 0.85],
						"1.375": [0.01, 0.01, 0.01]
					}
				},
				"zap5": {
					"rotation": [73.23592, 14.31169, 16.14072],
					"scale": {
						"0.5417": [0.01, 0.01, 0.01],
						"0.5833": [1, 1, 0.76],
						"0.625": ["1+math.sin((query.anim_time-0.15)*3600)*1.35", "1+math.sin((query.anim_time-0.15)*3600)*0.35", 0.9],
						"1.3333": ["1+math.sin((query.anim_time-0.15)*3600)*1.35", "1+math.sin((query.anim_time-0.15)*3600)*0.35", 0.71],
						"1.375": [0.01, 0.01, 0.01]
					}
				},
				"zap6": {
					"rotation": {
						"0.0": [0, 0, 0],
						"0.5833": [57.22913, 8.88829, 15.716]
					},
					"scale": {
						"0.5417": [0.01, 0.01, 0.01],
						"0.5833": [1, 1, 0.85],
						"0.625": ["1+math.sin((query.anim_time-0.15)*3600)*1.35", "1+math.sin((query.anim_time-0.15)*3600)*0.35", 0.9],
						"1.3333": ["1+math.sin((query.anim_time-0.15)*3600)*1.35", "1+math.sin((query.anim_time-0.15)*3600)*0.35", 0.85],
						"1.375": [0.01, 0.01, 0.01]
					}
				},
				"zap7": {
					"rotation": {
						"0.0": [0, 0, 0],
						"0.5833": [59.79605, -8.61505, -16.99998]
					},
					"scale": {
						"0.5417": [0.01, 0.01, 0.01],
						"0.5833": [1, 1, 0.82],
						"0.625": ["1+math.sin((query.anim_time-0.15)*3600)*1.35", "1+math.sin((query.anim_time-0.15)*3600)*0.35", 0.82],
						"1.3333": ["1+math.sin((query.anim_time-0.15)*3600)*1.35", "1+math.sin((query.anim_time-0.15)*3600)*0.35", 0.8],
						"1.375": [0.01, 0.01, 0.01]
					}
				},
				"zap8": {
					"rotation": {
						"0.0": [0, 0, 0],
						"0.5833": [82.70589, -6.16074, -21.13753]
					},
					"scale": {
						"0.5417": [0.01, 0.01, 0.01],
						"0.5833": [1, 1, 0.7],
						"0.625": ["1+math.sin((query.anim_time-0.15)*3600)*1.35", "1+math.sin((query.anim_time-0.15)*3600)*0.35", 0.71],
						"1.3333": ["1+math.sin((query.anim_time-0.15)*3600)*1.35", "1+math.sin((query.anim_time-0.15)*3600)*0.35", 0.71],
						"1.375": [0.01, 0.01, 0.01]
					}
				},
				"zap9": {
					"rotation": {
						"0.0": [0, 0, 0],
						"0.5833": [-57.80286, 10.54794, -14.04397]
					},
					"scale": {
						"0.5417": [0.01, 0.01, 0.01],
						"0.5833": [1, 1, 0.9],
						"0.625": ["1+math.sin((query.anim_time-0.15)*3600)*1.35", "1+math.sin((query.anim_time-0.15)*3600)*0.35", 0.9],
						"1.3333": ["1+math.sin((query.anim_time-0.15)*3600)*1.35", "1+math.sin((query.anim_time-0.15)*3600)*0.35", 0.88],
						"1.375": [0.01, 0.01, 0.01]
					}
				},
				"zap10": {
					"rotation": {
						"0.0": [0, 0, 0],
						"0.5833": [-12.43395, 16.52358, 0.22575]
					},
					"scale": {
						"0.5417": [0.01, 0.01, 0.01],
						"0.5833": [1, 1, 0.8],
						"0.625": ["1+math.sin((query.anim_time-0.15)*3600)*1.35", "1+math.sin((query.anim_time-0.15)*3600)*0.35", 0.9],
						"1.3333": ["1+math.sin((query.anim_time-0.15)*3600)*1.35", "1+math.sin((query.anim_time-0.15)*3600)*0.35", 0.8],
						"1.375": [0.01, 0.01, 0.01]
					}
				},
				"zap11": {
					"rotation": {
						"0.0": [0, 0, 0],
						"0.5833": [-12.5, -17.5, 0]
					},
					"scale": {
						"0.5417": [0.01, 0.01, 0.01],
						"0.5833": [1, 1, 0.9],
						"0.625": ["1+math.sin((query.anim_time-0.15)*3600)*1.35", "1+math.sin((query.anim_time-0.15)*3600)*0.35", 0.9],
						"1.3333": ["1+math.sin((query.anim_time-0.15)*3600)*1.35", "1+math.sin((query.anim_time-0.15)*3600)*0.35", 0.81],
						"1.375": [0.01, 0.01, 0.01]
					}
				},
				"zap12": {
					"rotation": {
						"0.0": [0, 0, 0],
						"0.5833": [-50.48904, -23.45931, 1.25256]
					},
					"position": {
						"0.0": [0, 0, 0],
						"0.5833": [-0.2, 0, 0]
					},
					"scale": {
						"0.5417": [0.01, 0.01, 0.01],
						"0.5833": [1, 1, 0.9],
						"0.625": ["1+math.sin((query.anim_time-0.15)*3600)*1.35", "1+math.sin((query.anim_time-0.15)*3600)*0.35", 0.9],
						"1.3333": ["1+math.sin((query.anim_time-0.15)*3600)*1.35", "1+math.sin((query.anim_time-0.15)*3600)*0.35", 0.93],
						"1.375": [0.01, 0.01, 0.01]
					}
				},
				"zap13": {
					"rotation": {
						"0.0": [0, 0, 0],
						"0.5833": [73.49629, 5.90316, 19.14314]
					},
					"scale": {
						"0.5417": [0.01, 0.01, 0.01],
						"0.5833": [1, 1, 0.74],
						"0.625": ["1+math.sin((query.anim_time-0.15)*3600)*1.35", "1+math.sin((query.anim_time-0.15)*3600)*0.35", 0.74],
						"1.3333": ["1+math.sin((query.anim_time-0.15)*3600)*1.35", "1+math.sin((query.anim_time-0.15)*3600)*0.35", 0.71],
						"1.375": [0.01, 0.01, 0.01]
					}
				},
				"zap14": {
					"rotation": {
						"0.0": [0, 0, 0],
						"0.5833": [15.31053, 23.90455, 0.81201]
					},
					"scale": {
						"0.5417": [0.01, 0.01, 0.01],
						"0.5833": [1, 1, 0.7],
						"0.625": ["1+math.sin((query.anim_time-0.15)*3600)*1.35", "1+math.sin((query.anim_time-0.15)*3600)*0.35", 0.6],
						"1.3333": ["1+math.sin((query.anim_time-0.15)*3600)*1.35", "1+math.sin((query.anim_time-0.15)*3600)*0.35", 0.71],
						"1.375": [0.01, 0.01, 0.01],
						"1.4167": [0.01, 0.01, 0.01]
					}
				},
				"zap15": {
					"rotation": {
						"0.0": [0, 0, 0],
						"0.5833": [73.37008, -9.36853, -16.60439]
					},
					"scale": {
						"0.5417": [0.01, 0.01, 0.01],
						"0.5833": [1, 1, 1],
						"0.625": ["1+math.sin((query.anim_time-0.15)*3600)*1.35", "1+math.sin((query.anim_time-0.15)*3600)*0.35", 0.8],
						"1.3333": ["1+math.sin((query.anim_time-0.15)*3600)*1.35", "1+math.sin((query.anim_time-0.15)*3600)*0.35", 0.76],
						"1.375": [0.01, 0.01, 0.01]
					}
				},
				"zap16": {
					"rotation": {
						"0.0": [0, 0, 0],
						"0.5833": [18.88434, -22.3, -4.12846]
					},
					"scale": {
						"0.5417": [0.01, 0.01, 0.01],
						"0.5833": [1, 1, 0.7],
						"0.625": ["1+math.sin((query.anim_time-0.15)*3600)*1.35", "1+math.sin((query.anim_time-0.15)*3600)*0.35", 0.6],
						"1.3333": ["1+math.sin((query.anim_time-0.15)*3600)*1.35", "1+math.sin((query.anim_time-0.15)*3600)*0.35", 0.71],
						"1.375": [0.01, 0.01, 0.01]
					}
				},
				"neck": {
					"rotation": [0, 0, 0]
				}
			},
			"sound_effects": {
				"0.2917": {
					"effect": "archaludon"
				}
			}
		},
		"animation.archaludon.ground_idle": {
			"loop": true,
			"bones": {
				"torso": {
					"rotation": [12.5, 0, 0],
					"position": [0, -1, 0],
					"scale": [1, 0.8, 0.8]
				},
				"chest": {
					"rotation": [-68, 0, 0],
					"position": [0, -4.1, 4.6],
					"scale": [1.001, 1, 1]
				},
				"chest2": {
					"rotation": [-46.5, 0, 0],
					"position": [0, -2.3, 3.8],
					"scale": [1.009, 1, 1]
				},
				"right_arm": {
					"rotation": [45, 0, 0],
					"position": [0, 2.5, -5],
					"scale": [1, 1, 1.2]
				},
				"left_arm": {
					"rotation": [45, 0, 0],
					"position": [0, -0.4, -5],
					"scale": [1, 1, 1.2]
				},
				"left_leg": {
					"scale": [1, 1, 1.2]
				},
				"head": {
					"rotation": [15, 0, 0],
					"position": [0, 0, 1.3],
					"scale": [0.8, 1, 1]
				},
				"body": {
					"position": [8.8, 2, 0]
				},
				"enigmaticpart": {
					"position": [0.1, 0.01, 0],
					"scale": [1.01, 1, 1]
				},
				"enigmaticpart2": {
					"position": [0.1, 0.1, 1],
					"scale": [1.01, 0.99, 1]
				},
				"bone2": {
					"rotation": [3, -2, 0],
					"position": [-0.1, 0, -0.1]
				},
				"bone": {
					"rotation": [1, 6, 0]
				},
				"right_arm2": {
					"scale": 0.01
				},
				"left_arm2": {
					"scale": 0.01
				},
				"electric3": {
					"scale": [0.01, 0.21, 0.01]
				},
				"electric4": {
					"scale": [0.01, 0.21, 0.01]
				},
				"electric5": {
					"scale": [0.01, 0.21, 0.01]
				},
				"electric7": {
					"scale": [0.01, 0.21, 0.01]
				},
				"zap": {
					"scale": 0.01
				},
				"zap16": {
					"scale": 0.01
				},
				"zap2": {
					"scale": 0.01
				},
				"zap3": {
					"scale": 0.01
				},
				"zap4": {
					"scale": 0.01
				},
				"zap5": {
					"scale": 0.01
				},
				"zap6": {
					"scale": 0.01
				},
				"zap7": {
					"scale": 0.01
				},
				"zap8": {
					"scale": 0.01
				},
				"zap9": {
					"scale": 0.01
				},
				"zap10": {
					"scale": 0.01
				},
				"zap11": {
					"scale": 0.01
				},
				"zap12": {
					"scale": 0.01
				},
				"zap13": {
					"scale": 0.01
				},
				"zap14": {
					"scale": 0.01
				},
				"zap15": {
					"scale": 0.01
				},
				"neck": {
					"rotation": [0, 0, 0]
				}
			}
		},
		"animation.archaludon.ground_walk": {
			"loop": true,
			"bones": {
				"torso": {
					"rotation": [12.5, 0, 0],
					"position": [0, -1, 0],
					"scale": [1, 0.8, 0.8]
				},
				"chest": {
					"rotation": [-68, 0, 0],
					"position": [0, -4.1, 4.6],
					"scale": [1.001, 1, 1]
				},
				"chest2": {
					"rotation": [-46.5, 0, 0],
					"position": [0, -2.3, 3.8],
					"scale": [1.009, 1, 1]
				},
				"right_arm": {
					"rotation": [45, 0, 0],
					"position": [0, 2.5, -5],
					"scale": [1, 1, 1.2]
				},
				"left_arm": {
					"rotation": [45, 0, 0],
					"position": [0, -0.4, -5],
					"scale": [1, 1, 1.2]
				},
				"left_leg": {
					"scale": [1, 1, 1.2]
				},
				"head": {
					"rotation": [15, 0, 0],
					"position": [0, 0, 1.3],
					"scale": [0.8, 1, 1]
				},
				"body": {
					"position": [8.8, 2, 0]
				},
				"enigmaticpart": {
					"position": [0.1, 0.01, 0],
					"scale": [1.01, 1, 1]
				},
				"enigmaticpart2": {
					"position": [0.1, 0.1, 1],
					"scale": [1.01, 0.99, 1]
				},
				"bone2": {
					"rotation": [3, -2, 0],
					"position": [-0.1, 0, -0.1]
				},
				"bone": {
					"rotation": [1, 6, 0]
				},
				"right_arm2": {
					"scale": 0.01
				},
				"left_arm2": {
					"scale": 0.01
				},
				"electric3": {
					"scale": [0.01, 0.21, 0.01]
				},
				"electric4": {
					"scale": [0.01, 0.21, 0.01]
				},
				"electric5": {
					"scale": [0.01, 0.21, 0.01]
				},
				"electric7": {
					"scale": [0.01, 0.21, 0.01]
				},
				"zap": {
					"scale": 0.01
				},
				"zap16": {
					"scale": 0.01
				},
				"zap2": {
					"scale": 0.01
				},
				"zap3": {
					"scale": 0.01
				},
				"zap4": {
					"scale": 0.01
				},
				"zap5": {
					"scale": 0.01
				},
				"zap6": {
					"scale": 0.01
				},
				"zap7": {
					"scale": 0.01
				},
				"zap8": {
					"scale": 0.01
				},
				"zap9": {
					"scale": 0.01
				},
				"zap10": {
					"scale": 0.01
				},
				"zap11": {
					"scale": 0.01
				},
				"zap12": {
					"scale": 0.01
				},
				"zap13": {
					"scale": 0.01
				},
				"zap14": {
					"scale": 0.01
				},
				"zap15": {
					"scale": 0.01
				},
				"neck": {
					"rotation": [0, 0, 0]
				}
			}
		},
		"animation.archaludon.blink": {
			"animation_length": 0.125,
			"bones": {
				"bone2": {
					"scale": {
						"0.0": [1, 1, 1],
						"0.0417": [1, 1, 0],
						"0.0833": [1, 1, 0],
						"0.125": [1, 1, 1]
					}
				},
				"bone": {
					"scale": {
						"0.0": [1, 1, 1],
						"0.0417": [1, 1, 0],
						"0.0833": [1, 1, 0],
						"0.125": [1, 1, 1]
					}
				}
			}
		}
	}
}