{
	"format_version": "1.8.0",
	"animations": {
		"animation.megagardevoir.ground_idle": {
			"loop": true,
			"bones": {
				"skirt_back_left3": {
					"rotation": [0, 0, -3]
				},
				"chest": {
					"rotation": ["-5.5+math.sin(q.anim_time*90*0.5)*2", 0, "-math.sin(q.anim_time*90*0.5)*1"]
				},
				"arm_left": {
					"rotation": ["3.062+math.sin(q.anim_time*90*0.5)*2", -5.73651, "61.8464-math.sin(q.anim_time*90*0.5)*4"],
					"scale": 0.9
				},
				"arm_left2": {
					"rotation": [-3.44936, 14.60688, "-13.4422+math.sin(q.anim_time*90*0.5)*1"],
					"position": [0, 0.2, 0]
				},
				"hand_left": {
					"rotation": [0, 0, 10]
				},
				"arm_right": {
					"rotation": [-0.30602, 4.99065, "-61.0133+math.sin(q.anim_time*90*0.5)*4"],
					"scale": 0.9
				},
				"arm_right2": {
					"rotation": [-2.27144, -9.74117, "13.1936-math.sin(q.anim_time*90*0.5)*1"],
					"position": [0.2, 0.3, 0]
				},
				"hand_right": {
					"rotation": [0, 0, -7.5]
				},
				"neck": {
					"rotation": ["7.5-math.sin(q.anim_time*90*0.5)*4", 0, "-math.sin(q.anim_time*75*0.5)*4"]
				},
				"head": {
					"rotation": ["4.5-math.sin(q.anim_time*90*0.5)*4", 0, "0-math.sin(q.anim_time*75*0.5)*4"]
				},
				"leg_left": {
					"rotation": [5, 0, 0]
				},
				"leg_left2": {
					"rotation": [0, 0, 0]
				},
				"leg_right": {
					"rotation": [-5, 0, 0]
				},
				"skirt": {
					"rotation": [6, 0, 0],
					"position": [0, -0.3, 0.4],
					"scale": [1.32, 1.1, 1.47]
				},
				"skirt_front_left": {
					"rotation": ["2.5-math.sin(q.anim_time*90*0.5)*4", 0, "0-math.sin(q.anim_time*75*0.5)*4"]
				},
				"skirt_front_right": {
					"rotation": ["1.5-math.sin(q.anim_time*105*0.5)*4", 0, "-math.sin(q.anim_time*75*0.5)*4"]
				},
				"skirt_back_left": {
					"rotation": ["-0.5+math.sin(q.anim_time*90*0.5)*2", 0, "0-math.sin(q.anim_time*75*0.5)*2"],
					"position": [0, 0, 0.2]
				},
				"skirt_back_left2": {
					"rotation": ["-6.5032+math.sin(q.anim_time*90*0.5)*2", 0.91354, "-0.4068+math.sin(q.anim_time*90*0.5)*2"]
				},
				"skirt_front_left4": {
					"rotation": ["2.5-math.sin(q.anim_time*90*0.5)*4", 0, "0-math.sin(q.anim_time*75*0.5)*4"],
					"position": [0, -0.2, 0]
				},
				"skirt_front_left5": {
					"rotation": [-2, 0, 0]
				},
				"waist": {
					"rotation": ["0.5+math.sin(q.anim_time*90*0.5)*4", 0, "-math.sin(q.anim_time*90*0.5)*1"]
				},
				"hair": {
					"rotation": ["2.5-math.sin(q.anim_time*90*0.5)*2", 0, "0-math.sin(q.anim_time*75*0.5)*3"]
				},
				"hair_back_left": {
					"rotation": ["2.5-math.sin(q.anim_time*90*0.5)*4", 0, "0-math.sin(q.anim_time*75*0.5)*4"]
				},
				"hair_back_left2": {
					"rotation": ["2.5-math.sin(q.anim_time*90*0.5)*2", 0, "0-math.sin(q.anim_time*75*0.5)*2"]
				},
				"hair_back_left3": {
					"rotation": ["2.5-math.sin(q.anim_time*90*0.5)*4", 0, "0-math.sin(q.anim_time*75*0.5)*4"]
				},
				"hair_back_left4": {
					"rotation": ["2.5-math.sin(q.anim_time*90*0.5)*4", 0, "0-math.sin(q.anim_time*75*0.5)*4"]
				},
				"hair_back_right": {
					"rotation": ["2.5-math.sin(q.anim_time*90*0.5)*4", 0, "0-math.sin(q.anim_time*75*0.5)*4"]
				},
				"hair_back_right2": {
					"rotation": ["2.5-math.sin(q.anim_time*90*0.5)*2", 0, "0-math.sin(q.anim_time*75*0.5)*2"]
				},
				"hair_back_right3": {
					"rotation": ["2.5-math.sin(q.anim_time*90*0.5)*4", 0, "0-math.sin(q.anim_time*75*0.5)*4"]
				},
				"hair_back_right4": {
					"rotation": ["2.5-math.sin(q.anim_time*90*0.5)*4", 0, "0-math.sin(q.anim_time*75*0.5)*4"]
				},
				"head_side_left": {
					"rotation": [14, 0, 0],
					"scale": [1, 1, 1.9]
				},
				"head_side_right": {
					"rotation": [-25, 0, 0],
					"position": [0.2, 0, 0],
					"scale": [1, 0.8, 1.3]
				},
				"skirt_front_left7": {
					"rotation": ["2.5-math.sin(q.anim_time*90*0.5)*4", 0, "0-math.sin(q.anim_time*75*0.5)*4"],
					"position": [0, -0.2, 0]
				},
				"skirt_front_left8": {
					"rotation": [-2, 0, 0]
				},
				"skirt_front_right7": {
					"rotation": ["8.4541-math.sin(q.anim_time*90*0.5)*4", 5.10533, "8.0504-math.sin(q.anim_time*75*0.5)*4"],
					"position": [-0.1, -0.3, 0]
				},
				"skirt_front_right8": {
					"rotation": ["-1.4436-math.sin(q.anim_time*90*0.5)*4", 0.8709, "-2.8798-math.sin(q.anim_time*75*0.5)*4"]
				},
				"skirt_front_right9": {
					"rotation": ["-1.5-math.sin(q.anim_time*90*0.5)*4", 0, "-math.sin(q.anim_time*75*0.5)*4"]
				},
				"skirt_front_right4": {
					"rotation": ["-1.5-math.sin(q.anim_time*90*0.5)*4", 0, "0-math.sin(q.anim_time*75*0.5)*4"]
				},
				"skirt_front_right5": {
					"rotation": ["0.5-math.sin(q.anim_time*90*0.5)*4", 0, "0-math.sin(q.anim_time*75*0.5)*4"]
				},
				"skirt_back_right": {
					"rotation": ["2.5+math.sin(q.anim_time*90*0.5)*2", 0, "0-math.sin(q.anim_time*75*0.5)*2"],
					"position": [-0.5, -0.2, 0.3]
				},
				"skirt_back_right2": {
					"rotation": ["-5.8389+math.sin(q.anim_time*90*0.5)*2", 1.99949, "4.5545+math.sin(q.anim_time*90*0.5)*2"]
				},
				"skirt_back_right4": {
					"rotation": ["-1.5+math.sin(q.anim_time*90*0.5)*2", 0, "0-math.sin(q.anim_time*75*0.5)*2"],
					"position": [0, -0.4, 0]
				},
				"skirt_back_right5": {
					"rotation": ["-5.5+math.sin(q.anim_time*90*0.5)*2", 0, 0]
				},
				"skirt_back_right6": {
					"position": [-0.3, 0, 0]
				},
				"head_side_right2": {
					"rotation": [14, 0, 0],
					"scale": [1, 1, 1.9]
				},
				"head_side_left2": {
					"rotation": [-25, 0, 0],
					"position": [-0.4, 0, 0],
					"scale": [1, 0.8, 1.3]
				}
			}
		},
		"animation.megagardevoir.ground_walk": {
			"loop": true,
			"bones": {
				"skirt_back_left3": {
					"rotation": [0, 0, -3]
				},
				"chest": {
					"rotation": ["-5.5+math.sin(q.anim_time*90*0.5)*2", 0, "-math.sin(q.anim_time*90*0.5)*1"]
				},
				"arm_left": {
					"rotation": ["3.062+math.sin(q.anim_time*90*0.5)*2", -5.73651, "61.8464-math.sin(q.anim_time*90*0.5)*4"],
					"scale": 0.9
				},
				"arm_left2": {
					"rotation": [-3.44936, 14.60688, "-13.4422+math.sin(q.anim_time*90*0.5)*1"],
					"position": [0, 0.2, 0]
				},
				"hand_left": {
					"rotation": [0, 0, 10]
				},
				"arm_right": {
					"rotation": [-0.30602, 4.99065, "-61.0133+math.sin(q.anim_time*90*0.5)*4"],
					"scale": 0.9
				},
				"arm_right2": {
					"rotation": [-2.27144, -9.74117, "13.1936-math.sin(q.anim_time*90*0.5)*1"],
					"position": [0.2, 0.3, 0]
				},
				"hand_right": {
					"rotation": [0, 0, -7.5]
				},
				"neck": {
					"rotation": ["7.5-math.sin(q.anim_time*90*0.5)*4", 0, "-math.sin(q.anim_time*75*0.5)*4"]
				},
				"head": {
					"rotation": ["4.5-math.sin(q.anim_time*90*0.5)*4", 0, "0-math.sin(q.anim_time*75*0.5)*4"]
				},
				"leg_left": {
					"rotation": ["2.5-math.sin(q.anim_time*90*0.5)*4", 0, "0-math.sin(q.anim_time*75*0.5)*4"]
				},
				"leg_left2": {
					"rotation": ["2.5-math.sin(q.anim_time*90*0.5)*4", 0, "0-math.sin(q.anim_time*75*0.5)*4"]
				},
				"leg_right": {
					"rotation": ["10+math.sin(q.anim_time*90*0.5)*4", 0, "0-math.sin(q.anim_time*75*0.5)*4"]
				},
				"skirt": {
					"rotation": ["2.5-math.sin(q.anim_time*30*0.5)*2", "0-math.sin(q.anim_time*30*0.5)*2", "0-math.sin(q.anim_time*30*0.5)*2"],
					"position": [0, -0.3, 0.4],
					"scale": [1.32, 1.1, 1.47]
				},
				"skirt_front_left": {
					"rotation": ["2.5-math.sin(q.anim_time*90*0.5)*4", 0, "0-math.sin(q.anim_time*75*0.5)*4"]
				},
				"skirt_front_right": {
					"rotation": ["1.5-math.sin(q.anim_time*75*0.5)*4", 0, "-math.sin(q.anim_time*75*0.5)*4"]
				},
				"skirt_back_left": {
					"rotation": ["-0.5+math.sin(q.anim_time*90*0.5)*2", 0, "0-math.sin(q.anim_time*75*0.5)*2"],
					"position": [0, 0, 0.2]
				},
				"skirt_back_left2": {
					"rotation": ["-6.5032+math.sin(q.anim_time*90*0.5)*2", 0.91354, "-0.4068+math.sin(q.anim_time*90*0.5)*2"]
				},
				"skirt_front_left4": {
					"rotation": ["2.5-math.sin(q.anim_time*90*0.5)*4", 0, "0-math.sin(q.anim_time*75*0.5)*4"],
					"position": [0, -0.2, 0]
				},
				"skirt_front_left5": {
					"rotation": [-2, 0, 0]
				},
				"waist": {
					"rotation": ["0.5+math.sin(q.anim_time*90*0.5)*4", 0, "-math.sin(q.anim_time*90*0.5)*1"]
				},
				"hair": {
					"rotation": ["2.5-math.sin(q.anim_time*90*0.5)*2", 0, "0-math.sin(q.anim_time*75*0.5)*3"]
				},
				"head_side_left": {
					"rotation": [14, 0, "0-math.sin(q.anim_time*75*0.5)*4"],
					"scale": [1, 1, 1.9]
				},
				"head_side_right": {
					"rotation": [-25, 0, "0-math.sin(q.anim_time*75*0.5)*4"],
					"position": [0.2, 0, 0],
					"scale": [1, 0.8, 1.3]
				},
				"skirt_front_left7": {
					"rotation": ["2.5-math.sin(q.anim_time*90*0.5)*4", 0, "0-math.sin(q.anim_time*75*0.5)*4"],
					"position": [0, -0.2, 0]
				},
				"skirt_front_left8": {
					"rotation": [-2, 0, 0]
				},
				"skirt_front_right7": {
					"rotation": ["8.4541-math.sin(q.anim_time*90*0.5)*4", 5.10533, "8.0504-math.sin(q.anim_time*75*0.5)*4"],
					"position": [-0.1, -0.3, 0]
				},
				"skirt_front_right8": {
					"rotation": ["-1.4436-math.sin(q.anim_time*90*0.5)*4", 0.8709, "-2.8798-math.sin(q.anim_time*75*0.5)*4"]
				},
				"skirt_front_right9": {
					"rotation": ["-1.5-math.sin(q.anim_time*90*0.5)*4", 0, "-math.sin(q.anim_time*75*0.5)*4"]
				},
				"skirt_front_right4": {
					"rotation": ["-1.5-math.sin(q.anim_time*90*0.5)*4", 0, "0-math.sin(q.anim_time*75*0.5)*4"]
				},
				"skirt_front_right5": {
					"rotation": ["0.5-math.sin(q.anim_time*90*0.5)*4", 0, "0-math.sin(q.anim_time*75*0.5)*4"]
				},
				"skirt_back_right": {
					"rotation": ["2.5+math.sin(q.anim_time*90*0.5)*2", 0, "0-math.sin(q.anim_time*75*0.5)*2"],
					"position": [-0.5, -0.2, 0.3]
				},
				"skirt_back_right2": {
					"rotation": ["-5.8389+math.sin(q.anim_time*90*0.5)*2", 1.99949, "4.5545+math.sin(q.anim_time*90*0.5)*2"]
				},
				"skirt_back_right4": {
					"rotation": ["-1.5+math.sin(q.anim_time*90*0.5)*2", 0, "0-math.sin(q.anim_time*75*0.5)*2"],
					"position": [0, -0.4, 0]
				},
				"skirt_back_right5": {
					"rotation": ["-5.5+math.sin(q.anim_time*90*0.5)*2", 0, 0]
				},
				"skirt_back_right6": {
					"position": [-0.3, 0, 0]
				},
				"head_side_right2": {
					"rotation": [14, 0, "0-math.sin(q.anim_time*75*0.5)*4"],
					"scale": [1, 1, 1.9]
				},
				"head_side_left2": {
					"rotation": [-25, 0, "0-math.sin(q.anim_time*75*0.5)*4"],
					"position": [-0.4, 0, 0],
					"scale": [1, 0.8, 1.3]
				},
				"hair_back_left": {
					"rotation": ["2.5-math.sin(q.anim_time*90*0.5)*4", 0, "0-math.sin(q.anim_time*75*0.5)*4"]
				},
				"hair_back_left2": {
					"rotation": ["2.5-math.sin(q.anim_time*90*0.5)*2", 0, "0-math.sin(q.anim_time*75*0.5)*2"]
				},
				"hair_back_left3": {
					"rotation": ["2.5-math.sin(q.anim_time*90*0.5)*4", 0, "0-math.sin(q.anim_time*75*0.5)*4"]
				},
				"hair_back_left4": {
					"rotation": ["2.5-math.sin(q.anim_time*90*0.5)*4", 0, "0-math.sin(q.anim_time*75*0.5)*4"]
				},
				"hair_back_right": {
					"rotation": ["2.5-math.sin(q.anim_time*90*0.5)*4", 0, "0-math.sin(q.anim_time*75*0.5)*4"]
				},
				"hair_back_right2": {
					"rotation": ["2.5-math.sin(q.anim_time*90*0.5)*2", 0, "0-math.sin(q.anim_time*75*0.5)*2"]
				},
				"hair_back_right3": {
					"rotation": ["2.5-math.sin(q.anim_time*90*0.5)*4", 0, "0-math.sin(q.anim_time*75*0.5)*4"]
				},
				"hair_back_right4": {
					"rotation": ["2.5-math.sin(q.anim_time*90*0.5)*4", 0, "0-math.sin(q.anim_time*75*0.5)*4"]
				},
				"leg_right2": {
					"rotation": ["2.5+math.sin(q.anim_time*90*0.5)*4", 0, "0-math.sin(q.anim_time*75*0.5)*4"]
				}
			}
		},
		"animation.megagardevoir.blink": {
			"animation_length": 0.16667,
			"bones": {
				"eyelid_left": {
					"position": {
						"0.0": [0, 0, -0.1],
						"0.125": [0, 0, -0.1],
						"0.1667": [0, 0, 0]
					}
				},
				"eyelid_right": {
					"position": {
						"0.0": [0, 0, -0.1],
						"0.125": [0, 0, -0.1],
						"0.1667": [0, 0, 0]
					}
				}
			}
		},
		"animation.megagardevoir.cry": {
			"animation_length": 1.5,
			"bones": {
				"head": {
					"rotation": {
						"0.0": [0, 0, 0],
						"0.25": [-20, 0, 0],
						"1.25": [-20, 0, 0],
						"1.5": [0, 0, 0]
					}
				},
				"mouth_open": {
					"position": {
						"0.0": [0, 0, 0],
						"0.125": [0, -0.1, -0.1],
						"1.375": [0, -0.1, -0.1],
						"1.5": [0, 0, 0]
					}
				}
			}
		}
	}
}