{
 "enabled": true,
 "neededInstalledMods": [],
 "neededUninstalledMods": [],
 "spawns": [
   {
     "id": "sneasler-1",
     "pokemon": "sneasler",
     "presets": [ "natural" ],
     "type": "pokemon",
     "context": "grounded",
     "bucket": "rare",
     "level": "45-60",
     "weight": 8,
     "condition":  {
      "biomes": [
          "#cobblemon:is_tundra" ]
  }
},
{
    "id": "sneasler-2",
    "pokemon": "sneasler",
  "presets": [ "natural" ],
  "type": "pokemon",
  "context": "grounded",
  "bucket": "rare",
  "level": "45-60",
  "weight": 8,
  "condition":  {
   "biomes": [
       "#cobblemon:is_mountain" ]
      
}
}
 ]
}

       