{
    "enabled": true,
    "neededInstalledMods": [],
    "neededUninstalledMods": [],
    "spawns": [
    {
       "id": "wiglett-1",
       "pokemon": "wiglett",
       "presets": [
           "natural"
       ],
       "type": "pokemon",
       "context": "grounded",
       "bucket": "common",
       "level": "12-16",
       "weight": 9.0,
       "condition": {
           "biomes": [
               "#cobblemon:is_beach"
           ],
	"canSeeSky": true
       }
    }
    ]
}