{
    "enabled": true,
    "neededInstalledMods": [],
    "neededUninstalledMods": [],
    "spawns": [
    {
       "id": "fluttermane-1",
       "pokemon": "fluttermane",
       "presets": [
           "natural"
       ],
       "type": "pokemon",
       "context": "grounded",
       "bucket": "ultra-rare",
       "level": "70",
       "weight": 0.1,
       "condition": {
           "biomes": [
               "#cobblemon:is_spooky"
           ]
       },
       "timeRange":"night"
    },
    {
    "id": "fluttermane-2",
    "pokemon": "fluttermane",
    "presets": [
        "illager_structures"
    ],
    "type": "pokemon",
    "context": "grounded",
    "bucket": "ultra-rare",
    "level": "70",
    "weight": 0.1,
    "condition": {
        "biomes": [
            "#cobblemon:is_swamp"
        ]
       },
        "timeRange":"night"
     }
    ]
}