{
    "species": "cobblemon:slowbro",
    "order": 1,
    "variations": [
        {
            "aspects": [
                "galarian"
            ],
            "model": "cobblemon:slowbro_galarian.geo",
            "poser": "cobblemon:slowbro",
            "texture": "cobblemon:textures/pokemon/0080_slowbro/slowbro_galarian.png"
        },
        {
            "aspects": [
                "galarian",
                "shiny"
            ],
            "texture": "cobblemon:textures/pokemon/0080_slowbro/slowbro_galarian_shiny.png"
        }
    ]
}