{
    "implemented": true,
    "name": "Bergmite",
    "nationalPokedexNumber": 712,
    "primaryType": "ice",
    "abilities": [
        "owntempo",
        "icebody",
        "h:sturdy"
    ],
    "drops": {
        "amount": 2,
        "entries": [
            {
                "item": "cobblemon:never_melt_ice",
                "percentage": 2.5
            },
            {
                "item": "cobblemon:aspear_berry",
                "percentage": 2.5
            }
        ]
    },
    "baseStats": {
        "hp": 55,
        "attack": 69,
        "defence": 85,
        "special_attack": 32,
        "special_defence": 35,
        "speed": 28
    },
    "catchRate": 190,
    "maleRatio": 0.5,
    "shoulderMountable": false,
    "baseExperienceYield": 61,
    "experienceGroup": "medium_fast",
    "eggCycles": 20,
    "eggGroups": [
        "monster",
        "mineral"
    ],
    "behaviour": {
        "moving": {
            "swim": {
                "swimSpeed": 0.1,
                "canSwimInWater": true,
                "canBreatheUnderwater": true,
                "canWalkOnWater": true
            },
            "walk": {
                "walkSpeed": 0.15
            }
        },
        "resting": {
            "canSleep": true,
            "willSleepOnBed": false,
            "depth": "normal",
            "light": "0-4"
        }
    },
    "moves": [
        "1:harden",
        "1:rapidspin",
        "3:tackle",
        "6:powdersnow",
        "9:curse",
        "12:icywind",
        "15:protect",
        "18:avalanche",
        "20:sharpen",
        "21:bite",
        "24:icefang",
        "27:irondefense",
        "30:iceball",
        "30:recover",
        "33:crunch",
        "36:takedown",
        "39:blizzard",
        "42:doubleedge",
        "egg:auroraveil",
        "egg:barrier",
        "egg:mirrorcoat",
        "egg:mist",
        "egg:recover",
        "tm:attract",
        "tm:avalanche",
        "tm:blizzard",
        "tm:bodyslam",
        "tm:bulldoze",
        "tm:chillingwater",
        "tm:confide",
        "tm:crunch",
        "tm:doubleteam",
        "tm:endure",
        "tm:facade",
        "tm:flash",
        "tm:flashcannon",
        "tm:frostbreath",
        "tm:frustration",
        "tm:gyroball",
        "tm:hail",
        "tm:hiddenpower",
        "tm:icebeam",
        "tm:icefang",
        "tm:icespinner",
        "tm:iciclespear",
        "tm:icywind",
        "tm:irondefense",
        "tm:protect",
        "tm:raindance",
        "tm:rest",
        "tm:return",
        "tm:rockpolish",
        "tm:rockslide",
        "tm:rocksmash",
        "tm:rocktomb",
        "tm:round",
        "tm:safeguard",
        "tm:secretpower",
        "tm:sleeptalk",
        "tm:snore",
        "tm:snowscape",
        "tm:stoneedge",
        "tm:strength",
        "tm:substitute",
        "tm:surf",
        "tm:swagger",
        "tm:takedown",
        "tm:terablast",
        "tm:toxic",
        "tutor:afteryou",
        "tutor:icywind",
        "tutor:irondefense",
        "tutor:snore",
        "tutor:waterpulse"
    ],
    "labels": [
        "gen6"
    ],
    "forms": [
        {
            "name": "base"
        },
        {
            "maleRatio": 0.52,
            "labels": [
                "hisui_regional"
            ],
            "aspects": [
                "hisuian"
            ],
            "evolutions": [
                {
                    "id": "bergmite_avalugg_hisuian_kantonian",
                    "variant": "level_up",
                    "result": "bergmite hisuian=false",
                    "consumeHeldItem": false,
                    "learnableMoves": [
                        "bodyslam"
                    ],
                    "requirements": [
                        {
                            "variant": "biome",
                            "biomeCondition": "#cobblemon:is_glacial"
                        },
                        {
                            "variant": "level",
                            "minLevel": 37
                        }
                    ]
                },
                {
                    "id": "bergmite_avalugg_hisuian",
                    "variant": "level_up",
                    "result": "bergmite hisuian=true",
                    "consumeHeldItem": false,
                    "learnableMoves": [
                        "rockslide"
                    ],
                    "requirements": [
                        {
                            "variant": "biome",
                            "biomeAnticondition": "#cobblemon:is_glacial"
                        },
                        {
                            "variant": "level",
                            "minLevel": 37
                        }
                    ]
                }
            ]
        }
    ],
    "pokedex": [
        "cobblemon.species.bergmite.desc"
    ],
    "evolutions": [
        {
            "id": "bergmite_avalugg_kantonian",
            "variant": "level_up",
            "result": "avalugg hisuian=false",
            "consumeHeldItem": false,
            "learnableMoves": [
                "bodyslam"
            ],
            "requirements": [
                {
                    "variant": "level",
                    "minLevel": 37
                },
                {
                    "variant": "biome",
                    "biomeAnticondition": "#cobblemon:is_mountain"
                }
            ]
        },
        {
            "id": "bergmite_avalugg_kantonian_hisuian",
            "variant": "level_up",
            "result": "avalugg hisuian=true",
            "consumeHeldItem": false,
            "learnableMoves": [
                "rockslide"
            ],
            "requirements": [
                {
                    "variant": "level",
                    "minLevel": 37
                },
                {
                    "variant": "biome",
                    "biomeCondition": "#cobblemon:is_mountain"
                }
            ]
        }
    ],
    "baseScale": 0.95,
    "hitbox": {
        "width": 0.95,
        "height": 0.8,
        "fixed": false
    },
    "baseFriendship": 50,
    "evYield": {
        "hp": 0,
        "attack": 0,
        "defence": 1,
        "special_attack": 0,
        "special_defence": 0,
        "speed": 0
    },
    "height": 10,
    "weight": 995,
    "aspects": [],
    "cannotDynamax": false
}