{
	"format_version": "1.8.0",
	"animations": {
		"animation.cursola.sleep": {
			"loop": true,
			"bones": {
				"head": {
					"rotation": ["0+math.sin(q.anim_time*90*2-20)*1.5", "0+math.sin(q.anim_time*90*1-20+180)*1.5", "0+math.sin(q.anim_time*90*1-20+180)*1.5"]
				},
				"ghost": {
					"rotation": ["0+math.sin(q.anim_time*90*2-20)*1.5", 0, "0+math.sin(q.anim_time*90*1-20+180)*1.5"],
					"scale": ["1+math.sin(q.anim_time*90*1-20+180)*0.05", "1+math.sin(q.anim_time*90*1-20+180)*0.02", "1+math.sin(q.anim_time*90*1-20+180)*0.05"]
				},
				"ghost2": {
					"rotation": ["18+math.sin(q.anim_time*90*2-20)*1.5", 0, "0+math.sin(q.anim_time*90*1-20+180)*1.5"],
					"scale": ["1+math.sin(q.anim_time*90*1-20+180)*-0.05", "1+math.sin(q.anim_time*90*1-20+180)*-0.02", "1+math.sin(q.anim_time*90*1-20+180)*-0.05"]
				},
				"ghost3": {
					"rotation": ["16+math.sin(q.anim_time*90*2-20)*1.5", 0, "math.sin(q.anim_time*90*1-20+180)*1.5"],
					"position": [0, -0.7, 0],
					"scale": ["1+math.sin(q.anim_time*90*1-20+180)*0.05", "1+math.sin(q.anim_time*90*1-20+180)*0.02", "1+math.sin(q.anim_time*90*1-20+180)*0.05"]
				},
				"ghost4": {
					"rotation": ["25+math.sin(q.anim_time*90*2-20)*1.5", 0, "0+math.sin(q.anim_time*90*1-20+180)*1.5"],
					"scale": ["1+math.sin(q.anim_time*90*1-20+180)*0.07", "1+math.sin(q.anim_time*90*1-20+180)*0.02", "1+math.sin(q.anim_time*90*1-20+180)*0.07"]
				},
				"arms": {
					"rotation": ["-28+math.sin(q.anim_time*40*2-20)*7", 0, "math.sin(q.anim_time*90*1-20+180)*1.5"]
				},
				"eyes": {
					"position": [0, 0, 1.19]
				},
				"mouth": {
					"position": [0, 0.5, 0],
					"scale": [1, 0.7, 1]
				},
				"eyelids": {
					"position": [0, 0, -0.9]
				}
			}
		},
		"animation.cursola.faint": {
			"animation_length": 1.33333,
			"bones": {
				"head": {
					"rotation": ["0+math.sin(q.anim_time*90*2-20)*1.5", "0+math.sin(q.anim_time*90*1-20+180)*1.5", "0+math.sin(q.anim_time*90*1-20+180)*1.5"]
				},
				"ghost": {
					"rotation": ["0+math.sin(q.anim_time*90*2-20)*1.5", 0, "0+math.sin(q.anim_time*90*1-20+180)*1.5"],
					"scale": ["1+math.sin(q.anim_time*90*1-20+180)*0.05", "1+math.sin(q.anim_time*90*1-20+180)*0.02", "1+math.sin(q.anim_time*90*1-20+180)*0.05"]
				},
				"ghost2": {
					"rotation": {
						"0.0": ["-12+math.sin(q.anim_time*90*2-20)*1.5", 0, "math.sin(q.anim_time*90*1-20+180)*1.5"],
						"0.5": ["-19.5+math.sin(q.anim_time*90*2-20)*1.5", 0, "math.sin(q.anim_time*90*1-20+180)*1.5"],
						"1.2083": ["-32+math.sin(q.anim_time*90*2-20)*1.5", 0, "0+math.sin(q.anim_time*90*1-20+180)*1.5"]
					},
					"position": {
						"0.0": [0, 0, 0],
						"1.2083": [0, -1.2, -1]
					},
					"scale": {
						"0.0": ["1+math.sin(q.anim_time*90*1-20+180)*-0.05", "1+math.sin(q.anim_time*90*1-20+180)*-0.02", "1+math.sin(q.anim_time*90*1-20+180)*-0.05"],
						"1.3333": [
							"1+math.sin(q.anim_time*90*1-20+180)*-0.05",
							"0.93+math.sin(q.anim_time*90*1-20+180)*-0.02",
							"0.94+math.sin(q.anim_time*90*1-20+180)*-0.05"
						]
					}
				},
				"ghost3": {
					"rotation": {
						"0.0": ["16+math.sin(q.anim_time*90*2-20)*1.5", 0, "math.sin(q.anim_time*90*1-20+180)*1.5"],
						"0.5": ["-16.5+math.sin(q.anim_time*90*2-20)*1.5", 0, "math.sin(q.anim_time*90*1-20+180)*1.5"]
					},
					"position": [0, -0.7, 0],
					"scale": ["1+math.sin(q.anim_time*90*1-20+180)*0.05", "1+math.sin(q.anim_time*90*1-20+180)*0.02", "1+math.sin(q.anim_time*90*1-20+180)*0.05"]
				},
				"ghost4": {
					"rotation": {
						"0.0": ["-5+math.sin(q.anim_time*90*2-20)*1.5", 0, "0+math.sin(q.anim_time*90*1-20+180)*1.5"],
						"0.5": ["-15+math.sin(q.anim_time*90*2-20)*1.5", 0, "0+math.sin(q.anim_time*90*1-20+180)*1.5"],
						"0.8333": ["5+math.sin(q.anim_time*90*2-20)*1.5", 0, "math.sin(q.anim_time*90*1-20+180)*1.5"],
						"1.2083": ["-12.5+math.sin(q.anim_time*90*2-20)*1.5", 0, "math.sin(q.anim_time*90*1-20+180)*1.5"]
					},
					"scale": ["1+math.sin(q.anim_time*90*1-20+180)*0.07", "1+math.sin(q.anim_time*90*1-20+180)*0.02", "1+math.sin(q.anim_time*90*1-20+180)*0.07"]
				},
				"arms": {
					"rotation": {
						"0.0": ["12+math.sin(q.anim_time*40*2-20)*7", 0, "math.sin(q.anim_time*90*1-20+180)*1.5"],
						"0.5": ["-23+math.sin(q.anim_time*40*2-20)*7", 0, "0+math.sin(q.anim_time*90*1-20+180)*1.5"],
						"1.0417": ["-63+math.sin(q.anim_time*40*2-20)*7", 0, "0+math.sin(q.anim_time*90*1-20+180)*1.5"]
					}
				},
				"eyes": {
					"position": [0, 0, 0.19]
				},
				"mouth": {
					"position": [0, 0.5, 0],
					"scale": [1, 0.7, 1]
				},
				"eyelids": {
					"position": [0, 0, 0.1]
				}
			}
		},
		"animation.cursola.ground_idle": {
			"loop": true,
			"bones": {
				"head": {
					"rotation": ["0+math.sin(q.anim_time*90*2-20)*1.5", "0+math.sin(q.anim_time*90*1-20+180)*1.5", "0+math.sin(q.anim_time*90*1-20+180)*1.5"]
				},
				"ghost": {
					"rotation": ["0+math.sin(q.anim_time*90*2-20)*1.5", 0, "0+math.sin(q.anim_time*90*1-20+180)*1.5"],
					"scale": ["1+math.sin(q.anim_time*90*1-20+180)*0.05", "1+math.sin(q.anim_time*90*1-20+180)*0.02", "1+math.sin(q.anim_time*90*1-20+180)*0.05"]
				},
				"ghost2": {
					"rotation": ["0+math.sin(q.anim_time*90*2-20)*1.5", 0, "0+math.sin(q.anim_time*90*1-20+180)*1.5"],
					"scale": ["1+math.sin(q.anim_time*90*1-20+180)*-0.05", "1+math.sin(q.anim_time*90*1-20+180)*-0.02", "1+math.sin(q.anim_time*90*1-20+180)*-0.05"]
				},
				"ghost3": {
					"rotation": ["0+math.sin(q.anim_time*90*2-20)*1.5", 0, "0+math.sin(q.anim_time*90*1-20+180)*1.5"],
					"scale": ["1+math.sin(q.anim_time*90*1-20+180)*0.05", "1+math.sin(q.anim_time*90*1-20+180)*0.02", "1+math.sin(q.anim_time*90*1-20+180)*0.05"]
				},
				"ghost4": {
					"rotation": ["0+math.sin(q.anim_time*90*2-20)*1.5", 0, "0+math.sin(q.anim_time*90*1-20+180)*1.5"],
					"scale": ["1+math.sin(q.anim_time*90*1-20+180)*0.07", "1+math.sin(q.anim_time*90*1-20+180)*0.02", "1+math.sin(q.anim_time*90*1-20+180)*0.07"]
				},
				"arms": {
					"rotation": ["0+math.sin(q.anim_time*40*2-20)*7", 0, "0+math.sin(q.anim_time*90*1-20+180)*1.5"]
				},
				"eyes": {
					"position": [0, 0, 0.19]
				}
			}
		},
		"animation.cursola.ground_walk": {
			"loop": true,
			"bones": {
				"ghost": {
					"rotation": ["0+math.sin(q.anim_time*90*2-20)*1.5", 0, "0+math.sin(q.anim_time*90*1-20+180)*1.5"],
					"scale": ["1+math.sin(q.anim_time*90*1-20+180)*0.05", "1+math.sin(q.anim_time*90*1-20+180)*0.02", "1+math.sin(q.anim_time*90*1-20+180)*0.05"]
				},
				"ghost2": {
					"rotation": ["0+math.sin(q.anim_time*90*2-20)*1.5", 0, "0+math.sin(q.anim_time*90*1-20+180)*1.5"],
					"scale": ["1+math.sin(q.anim_time*90*1-20+180)*-0.05", "1+math.sin(q.anim_time*90*1-20+180)*-0.02", "1+math.sin(q.anim_time*90*1-20+180)*-0.05"]
				},
				"ghost3": {
					"rotation": ["0+math.sin(q.anim_time*90*2-20)*1.5", 0, "0+math.sin(q.anim_time*90*1-20+180)*1.5"],
					"scale": ["1+math.sin(q.anim_time*90*1-20+180)*0.05", "1+math.sin(q.anim_time*90*1-20+180)*0.02", "1+math.sin(q.anim_time*90*1-20+180)*0.05"]
				},
				"ghost4": {
					"rotation": ["0+math.sin(q.anim_time*90*2-20)*1.5", 0, "0+math.sin(q.anim_time*90*1-20+180)*1.5"],
					"scale": ["1+math.sin(q.anim_time*90*1-20+180)*0.07", "1+math.sin(q.anim_time*90*1-20+180)*0.02", "1+math.sin(q.anim_time*90*1-20+180)*0.07"]
				},
				"arms": {
					"rotation": ["0+math.sin(q.anim_time*40*2-20)*7", 0, "0+math.sin(q.anim_time*90*1-20+180)*1.5"]
				},
				"eyes": {
					"position": [0, 0, 0.19]
				},
				"head": {
					"rotation": ["0+math.sin(q.anim_time*90*2-20)*6", 0, "0+math.sin(q.anim_time*90*1-20+180)*2"]
				}
			}
		}
	}
}