{
    "species": "cobblemon:megagallade",
    "order": 0,
    "variations": [
        {
            "aspects": [],
            "poser": "cobblemon:megagallade",
            "model": "cobblemon:megagallade.geo",
            "texture": "cobblemon:textures/pokemon/gallade/megagallade.png",
            "layers": []
        },
        {
            "aspects": [
                "shiny"
            ],
            "texture": "cobblemon:textures/pokemon/gallade/megagallade_shiny.png",
            "layers": []
        }
    ]
}