{
    "species": "cobblemon:megametagross",
    "order": 0,
    "variations": [
        {
            "aspects": [],
            "poser": "cobblemon:megametagross",
            "model": "cobblemon:megametagross.geo",
            "texture": "cobblemon:textures/pokemon/0376_metagross/megametagross.png",
            "layers": [
                {
                    "name": "emissive",
                    "texture": "cobblemon:textures/pokemon/0376_metagross/megametagross_emissive.png",
                    "emissive": true
                }
            ]
        },
        {
            "aspects": [
                "shiny"
            ],
            "texture": "cobblemon:textures/pokemon/0376_metagross/megametagross_shiny.png",
            "layers": [
                {
                    "name": "emissive",
                    "texture": "cobblemon:textures/pokemon/0376_metagross/megametagross_shiny_emissive.png",
                    "emissive": true
                }
            ]
        }
    ]
}