{
	"format_version": "1.12.0",
	"minecraft:geometry": [
		{
			"description": {
				"identifier": "geometry.krokorok",
				"texture_width": 128,
				"texture_height": 128,
				"visible_bounds_width": 5,
				"visible_bounds_height": 4,
				"visible_bounds_offset": [0, 1, 0]
			},
			"bones": [
				{
					"name": "krokorok",
					"pivot": [0, 0, 0]
				},
				{
					"name": "body",
					"parent": "krokorok",
					"pivot": [0, -2, 0]
				},
				{
					"name": "torso",
					"parent": "body",
					"pivot": [0, -2, 0],
					"cubes": [
						{"origin": [-4, 6, -2], "size": [8, 5, 6], "uv": [0, 0]},
						{"origin": [3, 7, 4], "size": [0, 2, 3], "uv": [0, 31]},
						{"origin": [-3, 7, 4], "size": [0, 2, 3], "uv": [0, 12]}
					]
				},
				{
					"name": "torso2",
					"parent": "torso",
					"pivot": [0, 11, 1],
					"cubes": [
						{"origin": [-3.5, 10, -1.5], "size": [7, 6, 5], "uv": [23, 6]},
						{"origin": [2.5, 12, 3.5], "size": [0, 2, 3], "uv": [0, 35]},
						{"origin": [-2.5, 12, 3.5], "size": [0, 2, 3], "uv": [10, 33]}
					]
				},
				{
					"name": "torso3",
					"parent": "torso2",
					"pivot": [0, 16, 1],
					"cubes": [
						{"origin": [-3, 15, -1], "size": [6, 4, 4], "uv": [16, 31]},
						{"origin": [2, 16, 3], "size": [0, 2, 3], "uv": [0, 33]},
						{"origin": [-2, 16, 3], "size": [0, 2, 3], "uv": [10, 31]}
					]
				},
				{
					"name": "head",
					"parent": "torso3",
					"pivot": [0, 19, 1],
					"cubes": [
						{"origin": [-3.5, 19, -2], "size": [7, 6, 6], "uv": [0, 11]},
						{"origin": [2.5, 18.9, -1.9], "size": [2, 4, 6], "uv": [30, 35]},
						{"origin": [-4.5, 18.9, -1.9], "size": [2, 4, 6], "uv": [0, 34]},
						{"origin": [0.4, 23, -2.001], "size": [3, 3, 3], "uv": [37, 55]},
						{"origin": [-3.4, 23, -2.001], "size": [3, 3, 3], "uv": [55, 8]},
						{"origin": [-1.6, 22, -2.02], "size": [3, 2, 0], "uv": [0, 0]}
					]
				},
				{
					"name": "snout",
					"parent": "head",
					"pivot": [0, 21.1, -2],
					"cubes": [
						{"origin": [-4, 20.1, -5], "size": [8, 2, 4], "uv": [22, 0]},
						{"origin": [3.1, 19.1, -5], "size": [0, 1, 1], "uv": [1, 87]},
						{"origin": [-3.1, 19.1, -5], "size": [0, 1, 1], "uv": [1, 87], "mirror": true},
						{"origin": [1.9, 19.1, -10], "size": [0, 1, 1], "uv": [1, 87]},
						{"origin": [-1.9, 19.1, -10], "size": [0, 1, 1], "uv": [1, 87], "mirror": true},
						{"origin": [-3.5, 20.09, -4], "size": [7, 0, 3], "uv": [-3, 75]},
						{"origin": [-2.5, 20.09, -7], "size": [5, 0, 3], "uv": [-3, 78]},
						{"origin": [-1.5, 20.09, -11], "size": [3, 0, 4], "uv": [-4, 82]},
						{"origin": [-2, 21.9, -5], "size": [4, 1, 4], "uv": [24, 45]},
						{"origin": [-3, 20.1, -8], "size": [6, 2, 3], "uv": [40, 35]},
						{"origin": [-2, 20.1, -13], "size": [4, 2, 5], "uv": [41, 40]},
						{"origin": [-2.3, 21.1, -13.1], "size": [2, 2, 2], "uv": [0, 90]},
						{"origin": [0.3, 21.1, -13.1], "size": [2, 2, 2], "uv": [0, 90], "mirror": true}
					]
				},
				{
					"name": "snout_bottom",
					"parent": "snout",
					"pivot": [0, 20.1, -2],
					"cubes": [
						{"origin": [-4, 19.1, -4], "size": [8, 1, 3], "uv": [32, 31]},
						{"origin": [-3.5, 20.11, -3], "size": [7, 0, 2], "uv": [-2, 68]},
						{"origin": [-2.5, 20.11, -6], "size": [5, 0, 3], "uv": [-3, 71]},
						{"origin": [-1.5, 20.11, -10], "size": [3, 0, 4], "uv": [-4, 70]},
						{"origin": [-3, 19.1, -7], "size": [6, 1, 3], "uv": [45, 22]},
						{"origin": [-2, 19.1, -11], "size": [4, 1, 4], "uv": [0, 45]}
					]
				},
				{
					"name": "eye_left",
					"parent": "head",
					"pivot": [0, 19, 1],
					"cubes": [
						{"origin": [0.4, 21.6, -2.01], "size": [3, 4, 0], "uv": [14, 59]}
					]
				},
				{
					"name": "eye_left_pupil",
					"parent": "eye_left",
					"pivot": [0, 19, 1],
					"cubes": [
						{"origin": [0.9, 22.7, -2.03], "size": [2, 2, 0], "uv": [48, 0]}
					]
				},
				{
					"name": "eye_left_close",
					"parent": "eye_left_pupil",
					"pivot": [0, 19, 2],
					"cubes": [
						{"origin": [0.4, 22, -1.04], "size": [3, 4, 0], "uv": [8, 59]}
					]
				},
				{
					"name": "eye_left_half_close",
					"parent": "eye_left_pupil",
					"pivot": [0, 19, 1],
					"cubes": [
						{"origin": [0.4, 24, -2.04], "size": [3, 2, 0], "uv": [47, 11]}
					]
				},
				{
					"name": "eye_right",
					"parent": "head",
					"pivot": [0, 19, 1],
					"cubes": [
						{"origin": [-3.4, 21.6, -2.01], "size": [3, 4, 0], "uv": [58, 4]}
					]
				},
				{
					"name": "eye_right_pupil",
					"parent": "eye_right",
					"pivot": [0, 19, 1],
					"cubes": [
						{"origin": [-2.9, 22.7, -2.03], "size": [2, 2, 0], "uv": [36, 47]}
					]
				},
				{
					"name": "eye_right_close",
					"parent": "eye_right_pupil",
					"pivot": [0, 19, 2],
					"cubes": [
						{"origin": [-3.4, 22, -1.04], "size": [3, 4, 0], "uv": [24, 39]}
					]
				},
				{
					"name": "eye_right_half_close",
					"parent": "eye_right_pupil",
					"pivot": [0, 19, 1],
					"cubes": [
						{"origin": [-3.4, 24, -2.04], "size": [3, 2, 0], "uv": [42, 0]}
					]
				},
				{
					"name": "left_arm",
					"parent": "torso2",
					"pivot": [3, 13, 1],
					"cubes": [
						{"origin": [2, 12, 0], "size": [5, 2, 2], "uv": [10, 55]}
					]
				},
				{
					"name": "left_arm2",
					"parent": "left_arm",
					"pivot": [7, 13, 1],
					"cubes": [
						{"origin": [7, 12, 0], "size": [5, 2, 2], "inflate": 0.05, "uv": [54, 40]}
					]
				},
				{
					"name": "left_hand",
					"parent": "left_arm2",
					"pivot": [12, 13, 1],
					"cubes": [
						{"origin": [12, 12, -0.5], "size": [3, 2, 3], "uv": [58, 35]}
					]
				},
				{
					"name": "claw_left",
					"parent": "left_hand",
					"pivot": [13, 13, -0.5],
					"cubes": [
						{"origin": [13, 12, -2], "size": [0, 2, 2], "uv": [16, 21]}
					]
				},
				{
					"name": "claw_left2",
					"parent": "left_hand",
					"pivot": [15, 13, 0],
					"cubes": [
						{"origin": [15, 12, 0], "size": [2, 2, 0], "uv": [0, 46]}
					]
				},
				{
					"name": "claw_left3",
					"parent": "left_hand",
					"pivot": [15, 13, 2],
					"cubes": [
						{"origin": [15, 12, 2], "size": [2, 2, 0], "uv": [36, 45]}
					]
				},
				{
					"name": "right_arm",
					"parent": "torso2",
					"pivot": [-3, 13, 1],
					"cubes": [
						{"origin": [-7, 12, 0], "size": [5, 2, 2], "uv": [54, 31]}
					]
				},
				{
					"name": "right_arm2",
					"parent": "right_arm",
					"pivot": [-7, 13, 1],
					"cubes": [
						{"origin": [-12, 12, 0], "size": [5, 2, 2], "inflate": 0.05, "uv": [54, 0]}
					]
				},
				{
					"name": "right_hand",
					"parent": "right_arm2",
					"pivot": [-12, 13, 1],
					"cubes": [
						{"origin": [-15, 12, -0.5], "size": [3, 2, 3], "uv": [21, 56]}
					]
				},
				{
					"name": "claw_right",
					"parent": "right_hand",
					"pivot": [-13, 13, -0.5],
					"cubes": [
						{"origin": [-13, 12, -2], "size": [0, 2, 2], "uv": [0, 21]}
					]
				},
				{
					"name": "claw_right2",
					"parent": "right_hand",
					"pivot": [-15, 13, 0],
					"cubes": [
						{"origin": [-17, 12, 0], "size": [2, 2, 0], "uv": [42, 2]}
					]
				},
				{
					"name": "claw_right3",
					"parent": "right_hand",
					"pivot": [-15, 13, 2],
					"cubes": [
						{"origin": [-17, 12, 2], "size": [2, 2, 0], "uv": [22, 0]}
					]
				},
				{
					"name": "left_leg",
					"parent": "torso",
					"pivot": [4, 9, 0],
					"cubes": [
						{"origin": [2, 5, -2], "size": [4, 5, 4], "pivot": [4, 8, 0], "rotation": [-42.5, 0, 0], "uv": [42, 2]}
					]
				},
				{
					"name": "left_leg2",
					"parent": "left_leg",
					"pivot": [4, 6, 0],
					"cubes": [
						{"origin": [3, 1, -2], "size": [2, 6, 3], "pivot": [4, 8, 0], "rotation": [15, 0, 0], "uv": [49, 52]}
					]
				},
				{
					"name": "left_leg3",
					"parent": "left_leg2",
					"pivot": [4, 2, 1],
					"cubes": [
						{"origin": [2.5, 0, -1], "size": [3, 2, 4], "uv": [26, 50]}
					]
				},
				{
					"name": "left_leg4",
					"parent": "left_leg3",
					"pivot": [4, 1, -1],
					"cubes": [
						{"origin": [2, 0, -4], "size": [4, 2, 3], "uv": [52, 47]},
						{"origin": [6, 0, -6], "size": [0, 2, 2], "uv": [0, 42]},
						{"origin": [4, 0, -6], "size": [0, 2, 2], "uv": [30, 37]},
						{"origin": [2, 0, -6], "size": [0, 2, 2], "uv": [10, 36]}
					]
				},
				{
					"name": "right_leg",
					"parent": "torso",
					"pivot": [-4, 9, 0],
					"cubes": [
						{"origin": [-6, 5, -2], "size": [4, 5, 4], "pivot": [-4, 8, 0], "rotation": [-42.5, 0, 0], "uv": [12, 40]}
					]
				},
				{
					"name": "right_leg2",
					"parent": "right_leg",
					"pivot": [-4, 6, 0],
					"cubes": [
						{"origin": [-5, 1, -2], "size": [2, 6, 3], "pivot": [-4, 8, 0], "rotation": [15, 0, 0], "uv": [0, 50]}
					]
				},
				{
					"name": "right_leg3",
					"parent": "right_leg2",
					"pivot": [-4, 2, 1],
					"cubes": [
						{"origin": [-5.5, 0, -1], "size": [3, 2, 4], "uv": [12, 49]}
					]
				},
				{
					"name": "right_leg4",
					"parent": "right_leg3",
					"pivot": [-4, 1, -1],
					"cubes": [
						{"origin": [-6, 0, -4], "size": [4, 2, 3], "uv": [45, 26]},
						{"origin": [-6, 0, -6], "size": [0, 2, 2], "uv": [16, 23]},
						{"origin": [-4, 0, -6], "size": [0, 2, 2], "uv": [0, 23]},
						{"origin": [-2, 0, -6], "size": [0, 2, 2], "uv": [22, 0]}
					]
				},
				{
					"name": "tail",
					"parent": "torso",
					"pivot": [0, 6, 1],
					"cubes": [
						{"origin": [-3.5, 0, -1.5], "size": [7, 8, 5], "uv": [21, 18]}
					]
				},
				{
					"name": "tail2",
					"parent": "tail",
					"pivot": [0, 0, 1],
					"cubes": [
						{"origin": [-3, -6, -1], "size": [6, 7, 4], "uv": [0, 23]},
						{"origin": [0, -4, 3], "size": [0, 2, 3], "uv": [0, 10]}
					]
				},
				{
					"name": "tail3",
					"parent": "tail2",
					"pivot": [0, -6, 1],
					"cubes": [
						{"origin": [-2.5, -10, -0.5], "size": [5, 5, 3], "uv": [44, 14]},
						{"origin": [0, -9, 2.5], "size": [0, 2, 3], "uv": [0, 8]}
					]
				},
				{
					"name": "tail4",
					"parent": "tail3",
					"pivot": [0, -10, 1],
					"cubes": [
						{"origin": [-2, -15, 0], "size": [4, 6, 2], "uv": [40, 47]},
						{"origin": [0, -14, 2], "size": [0, 2, 3], "uv": [0, 0]}
					]
				},
				{
					"name": "tail5",
					"parent": "tail4",
					"pivot": [0, -15, 1],
					"cubes": [
						{"origin": [-1.5, -20, 0.5], "size": [3, 6, 1], "uv": [0, 59]}
					]
				}
			]
		}
	]
}