{
	"format_version": "1.12.0",
	"minecraft:geometry": [
		{
			"description": {
				"identifier": "geometry.trapinch",
				"texture_width": 64,
				"texture_height": 64,
				"visible_bounds_width": 2,
				"visible_bounds_height": 2.5,
				"visible_bounds_offset": [0, 0.75, 0]
			},
			"bones": [
				{
					"name": "trapinch",
					"pivot": [0, 0, 0]
				},
				{
					"name": "body",
					"parent": "trapinch",
					"pivot": [0, 0, 0]
				},
				{
					"name": "torso",
					"parent": "body",
					"pivot": [0, 0, 0],
					"cubes": [
						{"origin": [-2, 2, -3], "size": [4, 3, 6], "uv": [12, 14]}
					]
				},
				{
					"name": "head",
					"parent": "torso",
					"pivot": [0, 5, -3],
					"cubes": [
						{"origin": [-3.5, 5, -3.01], "size": [7, 4, 0], "uv": [21, 9]},
						{"origin": [3.5, 4, -10.01], "size": [0, 5, 7], "uv": [14, 16]},
						{"origin": [-3.5, 4, -10.01], "size": [0, 5, 7], "uv": [0, 16]},
						{"origin": [-3.5, 4, -10.01], "size": [7, 5, 0], "uv": [21, 0]},
						{"origin": [-3.5, 9, -10.01], "size": [7, 0, 7], "uv": [0, 7]}
					]
				},
				{
					"name": "bottom_jaw",
					"parent": "head",
					"pivot": [0, 4, -3],
					"cubes": [
						{"origin": [-3.5, 3, -3.01], "size": [7, 2, 0], "uv": [26, 13]},
						{"origin": [3.49, 3, -10.01], "size": [0, 2, 7], "uv": [21, 0]},
						{"origin": [-3.49, 3, -10.01], "size": [0, 2, 7], "uv": [0, 21]},
						{"origin": [-3.5, 3, -10.01], "size": [7, 0, 7], "uv": [0, 0]},
						{"origin": [-3, 3.01, -9.01], "size": [6, 0, 6], "uv": [0, 14]},
						{"origin": [-3.5, 3, -9.99], "size": [7, 2, 0], "uv": [21, 5]}
					]
				},
				{
					"name": "eye_left",
					"parent": "head",
					"pivot": [1, 5, -3],
					"cubes": [
						{"origin": [3.51, 5.8, -6], "size": [0, 2, 2], "uv": [0, 2]},
						{"origin": [3.52, 6.3, -5.5], "size": [0, 1, 1], "pivot": [3.5, 6.8, -5], "rotation": [-45, 0, 0], "uv": [2, 0]}
					]
				},
				{
					"name": "eye_right",
					"parent": "head",
					"pivot": [-1, 5, -3],
					"cubes": [
						{"origin": [-3.51, 5.8, -6], "size": [0, 2, 2], "uv": [0, 0]},
						{"origin": [-3.52, 6.3, -5.5], "size": [0, 1, 1], "pivot": [-3.5, 6.8, -5], "rotation": [-45, 0, 0], "uv": [0, 0]}
					]
				},
				{
					"name": "back_leg_right",
					"parent": "body",
					"pivot": [-2, 3, 1.8],
					"cubes": [
						{"origin": [-3, 0, 0.8], "size": [2, 3, 2], "uv": [0, 18]}
					]
				},
				{
					"name": "back_leg_left",
					"parent": "body",
					"pivot": [2, 3, 1.8],
					"cubes": [
						{"origin": [1, 0, 0.8], "size": [2, 3, 2], "uv": [26, 15]}
					]
				},
				{
					"name": "front_leg_right",
					"parent": "body",
					"pivot": [-2, 3, -1.7],
					"cubes": [
						{"origin": [-3, 0, -2.7], "size": [2, 3, 2], "uv": [26, 26]}
					]
				},
				{
					"name": "front_leg_left",
					"parent": "body",
					"pivot": [2, 3, -1.7],
					"cubes": [
						{"origin": [1, 0, -2.7], "size": [2, 3, 2], "uv": [12, 28]}
					]
				},
				{
					"name": "z",
					"parent": "body",
					"pivot": [0, 0, 0],
					"cubes": [
						{"origin": [2, 6, 0], "size": [0, 1, 3], "uv": [26, 19]},
						{"origin": [2, 5.7, 0.7], "size": [0, 1, 3], "pivot": [2, 6, 0], "rotation": [45, 0, 0], "uv": [26, 19]}
					]
				}
			]
		}
	]
}