{
	"format_version": "1.12.0",
	"minecraft:geometry": [
		{
			"description": {
				"identifier": "geometry.unknown",
				"texture_width": 32,
				"texture_height": 32,
				"visible_bounds_width": 2,
				"visible_bounds_height": 2.5,
				"visible_bounds_offset": [0, 0.75, 0]
			},
			"bones": [
				{
					"name": "alomomola",
					"pivot": [0, 0, 0]
				},
				{
					"name": "torso",
					"parent": "alomomola",
					"pivot": [0, 5.7686, -2.61802],
					"cubes": [
						{"origin": [-1, 6, -3.3], "size": [2, 2, 5], "pivot": [0, 7, 0], "rotation": [2, 0, 0], "uv": [16, 2]},
						{"origin": [-1, 4, -2.7], "size": [2, 2, 5], "pivot": [0, -5, 0], "rotation": [2, 0, 0], "uv": [1, 2]},
						{"origin": [-1, 6, 1.7], "size": [2, 2, 0.2], "pivot": [0, 7, 0], "rotation": [2, 0, 0], "uv": [4, 12]},
						{"origin": [-1, 8, -2.8], "size": [2, 0.4, 4.3], "pivot": [0, 6, 0], "rotation": [2, 0, 0], "uv": [23, 17]},
						{"origin": [-1, 3.6, -2.3], "size": [2, 0.4, 4.2], "pivot": [0, -5, 0], "rotation": [2, 0, 0], "uv": [2, 15]}
					]
				},
				{
					"name": "butt",
					"parent": "torso",
					"pivot": [0, 6.13297, 1.65517],
					"cubes": [
						{"origin": [-0.9, 6.7, 2.1], "size": [1.8, 1.2, 1], "pivot": [-0.1, -5, -1.2], "rotation": [2, 0, 0], "uv": [3, 25]},
						{"origin": [-0.9, 5.12549, 1.58936], "size": [1.8, 2, 1], "pivot": [-0.1, 6.82549, 2.18936], "rotation": [-37, 0, 0], "uv": [6, 24]},
						{"origin": [-0.9, 3.07451, 7.78936], "size": [1.8, 2, 1], "pivot": [-0.1, -4.82549, 2.18936], "rotation": [37, 0, 0], "uv": [3, 25]},
						{"origin": [-0.9, 4.1, 2.1], "size": [1.8, 1.2, 1], "pivot": [-0.1, -5, -1.2], "rotation": [2, 0, 0], "uv": [4, 29]}
					]
				},
				{
					"name": "righteye",
					"parent": "torso",
					"pivot": [0.98771, 5.0313, -1.82369],
					"rotation": [14, 0, 0],
					"cubes": [
						{"origin": [0.93, 6.99511, -1.65794], "size": [0.1, 0.5, 0.2], "pivot": [1.05, 5.27549, -1.11064], "rotation": [-24, 0, 0], "uv": [24, 31]},
						{"origin": [0.93, 6.96608, -0.9268], "size": [0.1, 0.4, 0.2], "uv": [24, 31]},
						{"origin": [0.93, 7.06608, -1.9268], "size": [0.1, 0.4, 1], "uv": [24, 29]},
						{"origin": [0.93, 6.66608, -2.1268], "size": [0.1, 0.7, 0.2], "uv": [24, 31]},
						{"origin": [0.93, 6.26608, -1.9268], "size": [0.1, 0.8, 1], "uv": [29, 26]},
						{"origin": [0.956, 6.36608, -1.7268], "size": [0.1, 0.7, 0.6], "uv": [27, 30]},
						{"origin": [0.958, 6.56608, -1.7268], "size": [0.1, 0.4, 0.4], "uv": [30, 30]}
					]
				},
				{
					"name": "righteyeclose",
					"parent": "torso",
					"pivot": [0.88771, 5.0313, -1.82369],
					"rotation": [14, 0, 0],
					"cubes": [
						{"origin": [0.83, 6.99511, -1.65794], "size": [0.1, 0.5, 0.2], "pivot": [0.95, 5.27549, -1.11064], "rotation": [-24, 0, 0], "uv": [1, 30]},
						{"origin": [0.83, 6.86608, -0.9268], "size": [0.1, 0.5, 0.2], "uv": [1, 30]},
						{"origin": [0.83, 7.06608, -1.9268], "size": [0.1, 0.4, 1], "uv": [1, 28]},
						{"origin": [0.83, 6.66608, -2.1268], "size": [0.1, 0.7, 0.2], "uv": [1, 30]},
						{"origin": [0.83, 6.26608, -1.9268], "size": [0.1, 0.8, 1], "uv": [6, 25]},
						{"origin": [0.856, 6.36608, -1.7268], "size": [0.1, 0.7, 0.6], "uv": [4, 29]},
						{"origin": [0.858, 6.56608, -1.7268], "size": [0.1, 0.4, 0.4], "uv": [7, 29]}
					]
				},
				{
					"name": "lefteye",
					"parent": "torso",
					"pivot": [-0.98771, 5.0313, -1.82369],
					"rotation": [14, 0, 0],
					"cubes": [
						{"origin": [-1.03, 6.99511, -1.65794], "size": [0.1, 0.5, 0.2], "pivot": [-1.05, 5.27549, -1.11064], "rotation": [-24, 0, 0], "uv": [24, 31], "mirror": true},
						{"origin": [-1.03, 6.86608, -0.9268], "size": [0.1, 0.5, 0.2], "uv": [24, 31], "mirror": true},
						{"origin": [-1.03, 7.06608, -1.9268], "size": [0.1, 0.4, 1], "uv": [24, 29], "mirror": true},
						{"origin": [-1.03, 6.66608, -2.1268], "size": [0.1, 0.7, 0.2], "uv": [24, 31], "mirror": true},
						{"origin": [-1.03, 6.26608, -1.9268], "size": [0.1, 0.8, 1], "uv": [29, 26], "mirror": true},
						{"origin": [-1.056, 6.36608, -1.7268], "size": [0.1, 0.7, 0.6], "uv": [27, 30], "mirror": true},
						{"origin": [-1.058, 6.56608, -1.7268], "size": [0.1, 0.4, 0.4], "uv": [30, 30], "mirror": true}
					]
				},
				{
					"name": "lefteyeclose",
					"parent": "torso",
					"pivot": [-0.88771, 5.0313, -1.82369],
					"rotation": [14, 0, 0],
					"cubes": [
						{"origin": [-0.93, 6.99511, -1.65794], "size": [0.1, 0.5, 0.2], "pivot": [-0.95, 5.27549, -1.11064], "rotation": [-24, 0, 0], "uv": [1, 30], "mirror": true},
						{"origin": [-0.93, 6.86608, -0.9268], "size": [0.1, 0.5, 0.2], "uv": [1, 30], "mirror": true},
						{"origin": [-0.93, 7.06608, -1.9268], "size": [0.1, 0.4, 1], "uv": [1, 28], "mirror": true},
						{"origin": [-0.93, 6.66608, -2.1268], "size": [0.1, 0.7, 0.2], "uv": [1, 30], "mirror": true},
						{"origin": [-0.93, 6.26608, -1.9268], "size": [0.1, 0.8, 1], "uv": [6, 25], "mirror": true},
						{"origin": [-0.956, 6.36608, -1.7268], "size": [0.1, 0.7, 0.6], "uv": [4, 29], "mirror": true},
						{"origin": [-0.958, 6.56608, -1.7268], "size": [0.1, 0.4, 0.4], "uv": [7, 29], "mirror": true}
					]
				},
				{
					"name": "righfin",
					"parent": "torso",
					"pivot": [1.05, 4.63259, -0.77345],
					"rotation": [0, 12.5, 0],
					"cubes": [
						{"origin": [0.94, 6.39878, 0.4698], "size": [0.1, 1.3, 1], "pivot": [0.1, -6.7, -3.1], "rotation": [2, 0, 0], "uv": [14, 26]},
						{"origin": [0.94, 5.52519, -0.34554], "size": [0.1, 1, 1], "pivot": [0.1, 4.72549, 0.28936], "rotation": [-1, 0, 0], "uv": [12, 26]},
						{"origin": [0.94, 6.39878, -0.3302], "size": [0.1, 1.3, 1], "pivot": [0.1, -6.7, -3.1], "rotation": [2, 0, 0], "uv": [15, 24]},
						{"origin": [0.94, 5.13639, 1.13038], "size": [0.1, 1, 0.6], "pivot": [1.05, 3.87425, -0.03516], "rotation": [40, 0, 0], "uv": [16, 29]},
						{"origin": [0.94, 5.39878, -0.2302], "size": [0.1, 1, 0.6], "pivot": [0.1, -7.1, -3.3], "rotation": [2, 0, 0], "uv": [17, 28]}
					]
				},
				{
					"name": "leftfin",
					"parent": "torso",
					"pivot": [-1.05, 4.63259, -0.77345],
					"rotation": [0, -12.5, 0],
					"cubes": [
						{"origin": [-1.04, 6.39878, 0.4698], "size": [0.1, 1.3, 1], "pivot": [-0.1, -6.7, -3.1], "rotation": [2, 0, 0], "uv": [14, 26], "mirror": true},
						{"origin": [-1.04, 5.52519, -0.34554], "size": [0.1, 1, 1], "pivot": [-0.1, 4.72549, 0.28936], "rotation": [-1, 0, 0], "uv": [12, 26], "mirror": true},
						{"origin": [-1.04, 6.39878, -0.3302], "size": [0.1, 1.3, 1], "pivot": [-0.1, -6.7, -3.1], "rotation": [2, 0, 0], "uv": [15, 24], "mirror": true},
						{"origin": [-1.04, 5.13639, 1.13038], "size": [0.1, 1, 0.6], "pivot": [-1.05, 3.87425, -0.03516], "rotation": [40, 0, 0], "uv": [16, 29], "mirror": true},
						{"origin": [-1.04, 5.39878, -0.2302], "size": [0.1, 1, 0.6], "pivot": [-0.1, -7.1, -3.3], "rotation": [2, 0, 0], "uv": [17, 28], "mirror": true}
					]
				},
				{
					"name": "topfin",
					"parent": "torso",
					"pivot": [0, 8.23341, -0.72858],
					"rotation": [-4, 0, 0],
					"cubes": [
						{"origin": [0, 7.5, -2.7], "size": [0, 2, 4], "pivot": [0, 5.5, -0.4], "rotation": [2, 0, 0], "uv": [2, 22]}
					]
				},
				{
					"name": "toptopfin",
					"parent": "topfin",
					"pivot": [0, 9.52042, -0.81195],
					"cubes": [
						{"origin": [0, 9.72084, -1.80633], "size": [0, 2, 3], "pivot": [0, 10.42084, -0.00633], "rotation": [-5, 0, 0], "uv": [3, 22]},
						{"origin": [0, 9.7583, -2.8134], "size": [0, 1, 2], "pivot": [0, 10.5083, -2.00344], "rotation": [-4, 0, 0], "uv": [5, 25]},
						{"origin": [0, 10.6583, -2.8134], "size": [0, 0.5, 1], "pivot": [0, 10.5083, -2.00344], "rotation": [-4, 0, 0], "uv": [5, 26]},
						{"origin": [0, 11.72084, -1.80633], "size": [0, 0.6, 3], "pivot": [0, 10.42084, -0.00633], "rotation": [-5, 0, 0], "uv": [21, 23]},
						{"origin": [0, 11.1583, -2.8134], "size": [0, 0.5, 1], "pivot": [0, 10.5083, -2.00344], "rotation": [-4, 0, 0], "uv": [26, 26]},
						{"origin": [-0.01, 10.72084, -0.8263], "size": [0.02, 1.6, 0.02], "pivot": [0, 10.42084, -0.00633], "rotation": [-5, 0, 0], "uv": [31, 30]},
						{"origin": [-0.01, 10.72084, 0.1737], "size": [0.02, 1.6, 0.02], "pivot": [0, 10.42084, -0.00633], "rotation": [-5, 0, 0], "uv": [31, 30]},
						{"origin": [0, 9.5, -2.7], "size": [0, 0.4, 4], "pivot": [0, 5.5, -0.4], "rotation": [2, 0, 0], "uv": [2, 22]}
					]
				},
				{
					"name": "bottomfin",
					"parent": "torso",
					"pivot": [0, 3.66659, -0.52858],
					"rotation": [8, 0, 0],
					"cubes": [
						{"origin": [0, 2.79611, -2.44433], "size": [0, 2, 4], "pivot": [0, 6.79611, -0.14433], "rotation": [-2, 0, 0], "uv": [2, 22]}
					]
				},
				{
					"name": "bottomtopfin",
					"parent": "bottomfin",
					"pivot": [0, 2.77569, -0.55628],
					"cubes": [
						{"origin": [0, 0.57527, -1.55066], "size": [0, 2, 3], "pivot": [0, 1.87527, 0.24934], "rotation": [5, 0, 0], "uv": [3, 22]},
						{"origin": [0, 1.53781, -2.55773], "size": [0, 1, 2], "pivot": [0, 1.78781, -1.74777], "rotation": [4, 0, 0], "uv": [5, 25]},
						{"origin": [0, 1.13781, -2.55773], "size": [0, 0.5, 1], "pivot": [0, 1.78781, -1.74777], "rotation": [4, 0, 0], "uv": [5, 26]},
						{"origin": [0, -0.02473, -1.55066], "size": [0, 0.6, 3], "pivot": [0, 1.87527, 0.24934], "rotation": [5, 0, 0], "uv": [21, 23]},
						{"origin": [0, 0.63781, -2.55773], "size": [0, 0.5, 1], "pivot": [0, 1.78781, -1.74777], "rotation": [4, 0, 0], "uv": [26, 26]},
						{"origin": [-0.01, -0.02473, -0.57063], "size": [0.02, 1.6, 0.02], "pivot": [0, 1.87527, 0.24934], "rotation": [5, 0, 0], "uv": [31, 30]},
						{"origin": [-0.01, -0.02473, 0.42937], "size": [0.02, 1.6, 0.02], "pivot": [0, 1.87527, 0.24934], "rotation": [5, 0, 0], "uv": [31, 30]},
						{"origin": [0, 2.39611, -2.44433], "size": [0, 0.4, 4], "pivot": [0, 6.79611, -0.14433], "rotation": [-2, 0, 0], "uv": [2, 22]}
					]
				}
			]
		}
	]
}