{
    "enabled": true,
    "neededInstalledMods": [],
    "neededUninstalledMods": [],
    "spawns": [
    {
       "id": "alomomola-1",
       "pokemon": "alomomola",
       "presets": [
           "underwater"
       ],
       "type": "pokemon",
       "context": "submerged",
       "bucket": "rare",
       "level": "15-35",
       "weight": 5.0,
       "canSeeSky": true,
       "condition": {
           "biomes": [
               "#cobblemon:is_ocean"
           ]
       }
    },
    {
        "id": "alomomola-2",
        "pokemon": "alomomola",
        "presets": [
            "underwater"
        ],
        "type": "pokemon",
        "context": "submerged",
        "bucket": "uncommon",
        "level": "15-35",
        "weight": 5.0,
        "canSeeSky": true,
        "condition": {
            "biomes": [
                "#cobblemon:is_lukewarm_ocean"
            ]
        }
     }
    ]
}
