{
    "enabled": true,
    "neededInstalledMods": [],
    "neededUninstalledMods": [],
    "spawns": [
        {
            "id": "feebas-1",
            "pokemon": "feebas",
            "presets": [
                "freshwater",
                "underwater"
            ],
            "type": "pokemon",
            "context": "submerged",
            "bucket": "rare",
            "level": "5-30",
            "weight": 5,
            "condition": {
                "canSeeSky": true
            }
        }
    ]
}