{
    "species": "cobblemon:bergmite",
    "order": 1,
    "variations": [
        {
            "aspects": [
                "hisuian"
            ],
            "model": "cobblemon:bergmite_hisuian.geo",
            "poser": "cobblemon:bergmite",
            "texture": "cobblemon:textures/pokemon/0712_bergmite/bergmite_hisuian.png"
        },
        {
            "aspects": [
                "hisuian",
                "shiny"
            ],
            "texture": "cobblemon:textures/pokemon/0712_bergmite/bergmite_hisuian_shiny.png"
        }
    ]
}