{
	"format_version": "1.12.0",
	"minecraft:geometry": [
		{
			"description": {
				"identifier": "geometry.capsakid",
				"texture_width": 64,
				"texture_height": 64,
				"visible_bounds_width": 3,
				"visible_bounds_height": 2.5,
				"visible_bounds_offset": [0, 0.75, 0]
			},
			"bones": [
				{
					"name": "capsakid",
					"pivot": [0, 0, 0]
				},
				{
					"name": "body",
					"parent": "capsakid",
					"pivot": [0, 1, 0],
					"cubes": [
						{"origin": [-2.5, 4, -3], "size": [5, 3, 5], "uv": [23, 42]},
						{"origin": [-1.5, 7, -2], "size": [3, 2, 3], "uv": [0, 6]},
						{"origin": [-3.5, 1, -4], "size": [7, 3, 7], "uv": [36, 45]},
						{"origin": [-2.5, 8, -6], "size": [5, 0, 4], "pivot": [0, 8, -2], "rotation": [45, 0, 0], "uv": [35, 7]},
						{"origin": [-2.5, 8, 1], "size": [5, 0, 4], "pivot": [0, 8, 1], "rotation": [-45, 0, 0], "uv": [35, 1]},
						{"origin": [-5.5, 8, -3], "size": [4, 0, 5], "pivot": [-1.5, 8, -0.5], "rotation": [0, 0, -45], "uv": [35, 22]},
						{"origin": [-2.5, 8, -2], "size": [4, 0, 5], "pivot": [1.5, 8, 0], "rotation": [0, 180, 45], "uv": [35, 22]}
					]
				},
				{
					"name": "head",
					"parent": "body",
					"pivot": [0, 9, 0],
					"cubes": [
						{"origin": [-2, 9, -4], "size": [6, 1, 6], "pivot": [0, 9, 0], "rotation": [0, 45, 0], "uv": [37, 37]},
						{"origin": [0, 10, -3], "size": [0, 1, 4], "uv": [1, 55]}
					]
				},
				{
					"name": "upper_head",
					"parent": "head",
					"pivot": [0, 10, 1],
					"cubes": [
						{"origin": [-3, 18, -3.95], "size": [7, 2, 7], "pivot": [0, 12.5, 0], "rotation": [0, 45, 0], "uv": [27, 13]},
						{"origin": [0, 21, -0.95], "size": [1, 1, 1], "pivot": [0, 12.5, 0], "rotation": [0, 45, 0], "uv": [9, 0]},
						{"origin": [-6, 19, -6.95], "size": [13, 0, 13], "pivot": [0, 12.5, 0], "rotation": [0, 45, 0], "uv": [0, 0]},
						{"origin": [-2, 20, -2.95], "size": [5, 1, 5], "pivot": [0, 12.5, 0], "rotation": [0, 45, 0], "uv": [0, 44]},
						{"origin": [-3.75, 14, -9.75], "size": [2, 0, 2], "pivot": [0, 13, -6], "rotation": [90, 0, -45], "uv": [-2, 13]},
						{"origin": [3, 9, -6], "size": [3, 3, 3], "pivot": [0, 12.5, 0], "rotation": [0, 45, 0], "uv": [0, 0]},
						{"origin": [-4, 10, -5], "size": [9, 8, 9], "pivot": [0, 12.5, 0], "rotation": [0, 45, 0], "uv": [0, 18]},
						{"origin": [-0.2, 11.6, -4.1], "size": [7, 5, 0], "pivot": [3, 15, -4], "rotation": [14.51082, -43.07952, -20.75357], "uv": [15, 56]},
						{"origin": [-6.8, 11.6, -4.1], "size": [7, 5, 0], "pivot": [-3, 15, -4], "rotation": [14.51082, 43.07952, 20.75357], "uv": [15, 56], "mirror": true}
					]
				},
				{
					"name": "tail",
					"parent": "body",
					"pivot": [0, 3, 2],
					"rotation": [25, 0, 0],
					"cubes": [
						{"origin": [-0.5, 3, 5], "size": [1, 1, 1], "uv": [25, 50]},
						{"origin": [-1.5, 2, 2], "size": [3, 2, 3], "uv": [1, 50]}
					]
				},
				{
					"name": "r_leg",
					"parent": "capsakid",
					"pivot": [-3, 1, 0],
					"rotation": [0, 15, 0],
					"cubes": [
						{"origin": [-3.5, 0, -4], "size": [2, 1, 5], "uv": [46, 57]}
					]
				},
				{
					"name": "l_leg",
					"parent": "capsakid",
					"pivot": [2, 1, 0],
					"rotation": [0, -15, 0],
					"cubes": [
						{"origin": [1.5, 0, -4], "size": [2, 1, 5], "uv": [46, 57]}
					]
				}
			]
		}
	]
}