{
	"format_version": "1.12.0",
	"minecraft:geometry": [
		{
			"description": {
				"identifier": "geometry.archaludon",
				"texture_width": 256,
				"texture_height": 256,
				"visible_bounds_width": 9,
				"visible_bounds_height": 3.5,
				"visible_bounds_offset": [0, 1.25, 0]
			},
			"bones": [
				{
					"name": "archaludon",
					"pivot": [0, 0, 0]
				},
				{
					"name": "body",
					"parent": "archaludon",
					"pivot": [0, 0, 0]
				},
				{
					"name": "torso",
					"parent": "body",
					"pivot": [-11, 9.7, 1],
					"cubes": [
						{"origin": [-17, 6.2, -5.4], "size": [17, 9, 40], "uv": [0, 0]},
						{"origin": [-17, 16.2, -5.4], "size": [1, 3, 40], "uv": [0, 89]},
						{"origin": [-1, 16.2, -5.4], "size": [1, 3, 40], "uv": [52, 50]},
						{"origin": [-17, 17.1, 24.6], "size": [1, 15, 6], "inflate": -0.005, "pivot": [-16, 19.5, 29.3], "rotation": [-15.5, 0, 0], "uv": [119, 93]},
						{"origin": [-17, 19, 28.6], "size": [1, 14, 6], "inflate": -0.001, "pivot": [-16, 18.5, 31.3], "rotation": [2, 0, 0], "uv": [96, 93]},
						{"origin": [-1, 19, 28.6], "size": [1, 14, 6], "inflate": -0.001, "pivot": [0, 18.5, 31.3], "rotation": [2, 0, 0], "uv": [94, 61]},
						{"origin": [-1, 17.1, 24.5], "size": [1, 15, 6], "inflate": -0.005, "pivot": [0, 19.5, 29.3], "rotation": [-15.5, 0, 0], "uv": [42, 89]},
						{"origin": [-12.9, 15.2, -5.4], "size": [8, 1, 40], "uv": [56, 179]},
						{"origin": [-9.9, 16.2, -5.4], "size": [2, 2, 40], "uv": [118, 211]},
						{"origin": [-17, 15.2, -5.4], "size": [4, 1, 40], "uv": [168, 215]},
						{"origin": [-5.1, 15.2, -5.4], "size": [1, 1, 40], "inflate": -0.0001, "uv": [73, 215]},
						{"origin": [-4, 15.2, -5.4], "size": [4, 1, 40], "uv": [168, 215]},
						{"origin": [-13.9, 15.1, -5.4], "size": [10, 1, 40], "inflate": 0.001, "uv": [2, 166]}
					]
				},
				{
					"name": "chest",
					"parent": "torso",
					"pivot": [-10, 11.7, -4.7],
					"cubes": [
						{"origin": [-17, 6.2, -25.4], "size": [17, 9, 20], "uv": [42, 93]},
						{"origin": [-1, 16.2, -25.4], "size": [1, 3, 20], "uv": [94, 38]},
						{"origin": [-17, 16.2, -25.4], "size": [1, 3, 20], "uv": [94, 61]},
						{"origin": [-12.9, 15.2, -25.4], "size": [8, 1, 20], "uv": [9, 235]},
						{"origin": [-9.9, 16.2, -25.4], "size": [2, 2, 20], "uv": [60, 223]},
						{"origin": [-17, 15.2, -25.4], "size": [4, 1, 20], "uv": [188, 176]},
						{"origin": [-5.1, 15.2, -25.4], "size": [1, 1, 20], "inflate": -0.0001, "uv": [93, 235]},
						{"origin": [-4, 15.2, -25.4], "size": [4, 1, 20], "uv": [125, 176]},
						{"origin": [-13.9, 15.1, -25.4], "size": [10, 1, 20], "inflate": 0.001, "uv": [22, 186]}
					]
				},
				{
					"name": "chest2",
					"parent": "chest",
					"pivot": [-10, 11.7, -24.7],
					"cubes": [
						{"origin": [-17, 6.2, -54.4], "size": [17, 9, 29], "uv": [0, 50]},
						{"origin": [-17, 8.2, -54.4], "size": [17, 0, 16], "inflate": -0.001, "uv": [160, 94]},
						{"origin": [-4, 6.2, -60.4], "size": [4, 10, 6], "uv": [0, 50]},
						{"origin": [-4, 15.2, -54.4], "size": [4, 1, 29], "uv": [116, 167]},
						{"origin": [-17, 6.2, -60.4], "size": [4, 10, 6], "uv": [63, 50]},
						{"origin": [-17, 15.2, -54.4], "size": [4, 1, 29], "uv": [179, 167]},
						{"origin": [-12.9, 15.2, -58.4], "size": [8, 1, 4], "uv": [198, 123]},
						{"origin": [-13.9, 15.1, -58.4], "size": [10, 1, 4], "inflate": 0.001, "uv": [118, 63]},
						{"origin": [-5.1, 15.2, -58.4], "size": [1, 1, 4], "inflate": -0.0001, "uv": [202, 142]},
						{"origin": [-13.9, 15.1, -54.4], "size": [10, 1, 29], "inflate": 0.001, "uv": [13, 177]},
						{"origin": [-5.1, 15.2, -54.4], "size": [1, 1, 29], "inflate": -0.0001, "uv": [84, 226]},
						{"origin": [-12.9, 15.2, -54.4], "size": [8, 1, 29], "uv": [0, 226]},
						{"origin": [-9.9, 16.2, -51.4], "size": [2, 2, 26], "uv": [200, 90]},
						{"origin": [-10.2, 16.2, -58.75], "size": [2, 4, 10], "pivot": [-10, 16.7, -52], "rotation": [-29.05929, 3.49781, -1.94165], "uv": [213, 147]},
						{"origin": [-9.6, 16.2, -58.9], "size": [2, 4, 10], "inflate": 0.001, "pivot": [-10, 16.7, -52], "rotation": [-29.05929, -3.49781, 1.94165], "uv": [213, 147]},
						{"origin": [-10.9, 16, -58.9], "size": [4, 4, 1], "pivot": [-10, 16.7, -52], "rotation": [-29.05929, 0, 0], "uv": [246, 167]},
						{"origin": [-10.9, 19.3, -58.9], "size": [4, 1, 1], "inflate": -0.001, "pivot": [-10, 16.7, -52], "rotation": [-29.05929, 0, 0], "uv": [243, 163]},
						{"origin": [-10.2, 15.5, -58.15], "size": [2, 4, 6], "pivot": [-10, 16, -51.4], "rotation": [0, 3.99024, -0.27948], "uv": [217, 151]},
						{"origin": [-10.9, 15.5, -58.35], "size": [4, 4, 1], "uv": [232, 176]},
						{"origin": [-9.6, 15.5, -58.3], "size": [2, 4, 6], "pivot": [-10, 16, -51.4], "rotation": [0, -3.99024, 0.27948], "uv": [217, 151]},
						{"origin": [-4, 6.61, -71.55], "size": [4, 1, 12.1], "pivot": [-6, 12.1, -63.9], "rotation": [-6, 0, 0], "uv": [74, 16]},
						{"origin": [-17, 6.61, -71.55], "size": [4, 1, 12.1], "pivot": [-6, 12.1, -63.9], "rotation": [-6, 0, 0], "uv": [116, 38]},
						{"origin": [-4, 7.30629, -71.85312], "size": [4, 1, 12], "pivot": [-6, 12.1, -63.9], "rotation": [-2, 0, 0], "uv": [111, 0]},
						{"origin": [-17, 7.30629, -71.85312], "size": [4, 1, 12], "pivot": [-6, 12.1, -63.9], "rotation": [-2, 0, 0], "uv": [111, 13]},
						{"origin": [-1, 16.2, -60.4], "size": [1, 3, 35], "uv": [82, 93]},
						{"origin": [-17, 16.2, -60.4], "size": [1, 3, 35], "uv": [74, 0]},
						{"origin": [-1, 18.6, -60.5], "size": [1, 14, 5], "inflate": -0.001, "pivot": [0, 18.1, -57], "rotation": [-7, 0, 0], "uv": [101, 131]},
						{"origin": [-1, 16.6, -57.3], "size": [1, 15, 5], "inflate": -0.002, "pivot": [0, 19.1, -59], "rotation": [6.5, 0, 0], "uv": [89, 131]},
						{"origin": [-17, 16.6, -57.3], "size": [1, 15, 5], "inflate": -0.002, "pivot": [-16, 19.1, -59], "rotation": [6.5, 0, 0], "uv": [77, 131]},
						{"origin": [-17, 18.6, -60.5], "size": [1, 14, 5], "inflate": -0.001, "pivot": [-16, 18.1, -57], "rotation": [-7, 0, 0], "uv": [128, 109]}
					]
				},
				{
					"name": "neck",
					"parent": "chest2",
					"pivot": [-8.7, 11.7, -51.8],
					"cubes": [
						{"origin": [-10.03654, 6.85025, -61], "size": [3, 3, 7], "pivot": [-8, 13.7, -61.8], "rotation": [32.5, 0, 0], "uv": [174, 133]}
					]
				},
				{
					"name": "head",
					"parent": "neck",
					"pivot": [-8.8, 7.7, -55.8],
					"cubes": [
						{"origin": [-16, -4.3, -61.5], "size": [7, 7, 7], "pivot": [0, -1.3, -22.8], "rotation": [0, 0, 45], "uv": [74, 0]},
						{"origin": [-16, -4.3, -57.5], "size": [7, 7, 0], "pivot": [0, -1.3, -22.8], "rotation": [0, 0, 45], "uv": [182, 43]},
						{"origin": [-13, 7.7, -61.4], "size": [1, 5, 2], "pivot": [-12, 7.7, -59.8], "rotation": [5, 0, 0], "uv": [79, 5]},
						{"origin": [-11.9, 7.7, -61.4], "size": [1, 5, 2], "pivot": [-12, 7.7, -59.8], "rotation": [5, 0, 0], "uv": [79, 5]},
						{"origin": [-5, 7.7, -61.4], "size": [1, 5, 2], "pivot": [-12, 7.7, -59.8], "rotation": [5, 0, 0], "uv": [79, 5]},
						{"origin": [-6.1, 7.7, -61.4], "size": [1, 5, 2], "pivot": [-12, 7.7, -59.8], "rotation": [5, 0, 0], "uv": [79, 5]},
						{"origin": [-10, -2.3, -61.8], "size": [1, 1, 7], "inflate": 0.02, "pivot": [0, -1.3, -22.8], "rotation": [0, 0, 45], "uv": [162, 66]},
						{"origin": [-10, -1.3, -62.8], "size": [1, 1, 7], "inflate": 0.02, "pivot": [0, -1.3, -22.8], "rotation": [0, 0, 45], "uv": [162, 66]},
						{"origin": [-12, -4.3, -61.8], "size": [1, 1, 7], "inflate": 0.02, "pivot": [0, -1.3, -22.8], "rotation": [0, 0, 45], "uv": [164, 47]},
						{"origin": [-13, -4.3, -62.8], "size": [1, 1, 7], "inflate": 0.02, "pivot": [0, -1.3, -22.8], "rotation": [0, 0, 45], "uv": [164, 47]},
						{"origin": [-11, -4.3, -60.5], "size": [2, 2, 7], "inflate": 0.02, "pivot": [0, -1.3, -22.8], "rotation": [0, 0, 45], "uv": [145, 23]},
						{"origin": [-10, -3.3, -62.5], "size": [1, 7, 2], "inflate": 0.1, "pivot": [0, -1.3, -22.8], "rotation": [0, 0, 45], "uv": [214, 82]},
						{"origin": [55.05382, 25.54618, -65.9], "size": [1, 7, 2], "inflate": 0.09, "pivot": [0, 90.7, -22.5], "rotation": [4, 0, 45], "uv": [214, 82]},
						{"origin": [-17, -4.3, -62.5], "size": [8, 1, 2], "inflate": 0.1, "pivot": [0, -1.3, -22.8], "rotation": [0, 0, 45], "uv": [192, 62]},
						{"origin": [-19.7, -4.3, -60.5], "size": [8, 1, 2], "inflate": 0.09, "pivot": [0, -1.3, -22.5], "rotation": [0, -4, 45], "uv": [192, 62]}
					]
				},
				{
					"name": "jaw",
					"parent": "head",
					"pivot": [-9, 9.7, -53.8],
					"cubes": [
						{"origin": [-16, -4.3, -56.7], "size": [7, 7, 3], "inflate": 0.01, "pivot": [0, -1.3, -22.8], "rotation": [0, 0, 45], "uv": [169, 30]},
						{"origin": [-16, -4.3, -54.7], "size": [7, 7, 0], "inflate": 0.01, "pivot": [0, -1.3, -22.8], "rotation": [0, 0, 45], "uv": [189, 43]}
					]
				},
				{
					"name": "eyes",
					"parent": "head",
					"pivot": [0, -1.3, -21.8]
				},
				{
					"name": "bone2",
					"parent": "eyes",
					"pivot": [-11.6, 8.3, -57.2],
					"cubes": [
						{"origin": [-3.21, 10.9, -58.6], "size": [0, 1, 1], "pivot": [0, -1.3, -21.8], "rotation": [0, 0, -45], "uv": [171, 11], "mirror": true},
						{"origin": [-3.2, 9.7, -59.5], "size": [0, 4, 3], "pivot": [0, -1.3, -21.8], "rotation": [0, 0, -45], "uv": [0, 0]}
					]
				},
				{
					"name": "bone",
					"parent": "eyes",
					"pivot": [-5.3, 6.7, -57.8],
					"cubes": [
						{"origin": [-8.8, -2.3, -59.5], "size": [0, 4, 3], "pivot": [0, -1.3, -21.8], "rotation": [0, 0, 45], "uv": [33, 0]},
						{"origin": [-8.79, -1.2, -58.7], "size": [0, 1, 1], "pivot": [0, -1.3, -21.8], "rotation": [0, 0, 45], "uv": [171, 11]}
					]
				},
				{
					"name": "electric7",
					"parent": "chest2",
					"pivot": [-16, 18.1, -57],
					"cubes": [
						{"origin": [-17, 29.6, -60.5], "size": [1, 3, 5], "inflate": 0.001, "pivot": [-16, 18.1, -57], "rotation": [-7, 0, 0], "uv": [211, 2]},
						{"origin": [-17, 29.5, -60.5], "size": [1, 1, 5], "inflate": 0.001, "pivot": [-16, 18.1, -57], "rotation": [-7, 0, 0], "uv": [211, 2]},
						{"origin": [-17, 28.85, -53.1], "size": [1, 3, 1], "inflate": 0.001, "pivot": [-16, 18.1, -57], "rotation": [6.5, 0, 0], "uv": [215, 6]},
						{"origin": [-1, 29.5, -60.5], "size": [1, 1, 5], "inflate": 0.001, "pivot": [0, 18.1, -57], "rotation": [-7, 0, 0], "uv": [211, 2]},
						{"origin": [-1, 29.6, -60.5], "size": [1, 3, 5], "inflate": 0.001, "pivot": [0, 18.1, -57], "rotation": [-7, 0, 0], "uv": [211, 2]},
						{"origin": [-1, 28.85, -53.1], "size": [1, 3, 1], "inflate": 0.001, "pivot": [0, 18.1, -57], "rotation": [6.5, 0, 0], "uv": [215, 6]}
					]
				},
				{
					"name": "left_arm",
					"parent": "chest2",
					"pivot": [-16.2, 10, -31],
					"cubes": [
						{"origin": [-20.5, 7.5, -30.7], "size": [4, 4, 3], "uv": [13, 0]},
						{"origin": [-24.2, -4, -34.4], "size": [4, 2, 4], "uv": [94, 84]},
						{"origin": [-24.2, -4, -28], "size": [4, 2, 4], "uv": [94, 50]},
						{"origin": [-24.2, -2.4, -28.4], "size": [4, 10, 4], "inflate": -0.0002, "pivot": [-22, -0.2, -26.6], "rotation": [10, 0, 0], "uv": [16, 132]},
						{"origin": [-24.2, -3.4, -33.9], "size": [4, 10, 4], "inflate": -0.0001, "pivot": [-22, -0.2, -26.2], "rotation": [-10, 0, 0], "uv": [0, 132]},
						{"origin": [-24.2, 7, -32.7], "size": [3, 29, 7], "uv": [0, 0]},
						{"origin": [-20.9, 7, -32.7], "size": [1, 29, 7], "inflate": -0.001, "pivot": [-16.2, -2, -31], "rotation": [0, 0, -2], "uv": [0, 89]}
					]
				},
				{
					"name": "electric4",
					"parent": "left_arm",
					"pivot": [-22.3, 34, -28],
					"cubes": [
						{"origin": [-24.2, 33, -32.7], "size": [3, 3, 7], "inflate": 0.001, "uv": [207, 0]},
						{"origin": [-21.9, 32.7, -32.7], "size": [2, 3, 7], "inflate": 0.001, "pivot": [-29.3, -2, -31], "rotation": [0, 0, -2], "uv": [207, 0]}
					]
				},
				{
					"name": "zap",
					"parent": "left_arm",
					"pivot": [-22.5, 34.5, -25.7],
					"cubes": [
						{"origin": [-22.6, 34.1, -25.7], "size": [0, 1, 24], "inflate": 0.001, "uv": [208, 5]}
					]
				},
				{
					"name": "zap2",
					"parent": "left_arm",
					"pivot": [-22.5, 34.5, -25.7],
					"cubes": [
						{"origin": [-22.6, 34.1, -25.7], "size": [0, 1, 24], "inflate": 0.001, "uv": [208, 5]}
					]
				},
				{
					"name": "zap15",
					"parent": "left_arm",
					"pivot": [-22.5, 34.5, -32.7],
					"cubes": [
						{"origin": [-22.6, 34.1, -56.7], "size": [0, 1, 24], "inflate": 0.001, "uv": [208, 5]}
					]
				},
				{
					"name": "zap16",
					"parent": "left_arm",
					"pivot": [-22.5, 34.5, -32.7],
					"cubes": [
						{"origin": [-22.6, 34.1, -56.7], "size": [0, 1, 24], "inflate": 0.001, "uv": [208, 5]}
					]
				},
				{
					"name": "right_arm",
					"parent": "chest2",
					"pivot": [-1.2, 9, -28],
					"cubes": [
						{"origin": [-0.2, 7.5, -30.7], "size": [4, 4, 3], "uv": [9, 89]},
						{"origin": [2.8, -4, -34.4], "size": [4, 2, 4], "uv": [111, 26]},
						{"origin": [2.8, -4, -28], "size": [4, 2, 4], "uv": [110, 84]},
						{"origin": [2.8, -2.4, -28.4], "size": [4, 10, 4], "inflate": -0.0002, "pivot": [4.6, -0.2, -26.6], "rotation": [10, 0, 0], "uv": [48, 132]},
						{"origin": [2.8, -3.4, -33.9], "size": [4, 10, 4], "inflate": -0.0001, "pivot": [4.6, -0.2, -26.2], "rotation": [-10, 0, 0], "uv": [32, 132]},
						{"origin": [3.8, 7, -32.7], "size": [3, 29, 7], "uv": [20, 0]},
						{"origin": [2.5, 7, -32.7], "size": [1, 29, 7], "inflate": -0.001, "pivot": [-1.2, -2, -31], "rotation": [0, 0, 2], "uv": [16, 89]}
					]
				},
				{
					"name": "electric3",
					"parent": "right_arm",
					"pivot": [5.8, 34.6, -29.3],
					"cubes": [
						{"origin": [3.8, 33, -32.7], "size": [3, 3, 7], "inflate": 0.001, "uv": [207, 0]},
						{"origin": [2.4, 33.2, -32.7], "size": [2, 3, 7], "inflate": 0.001, "pivot": [-1.2, -2, -31], "rotation": [0, 0, 2], "uv": [207, 0]}
					]
				},
				{
					"name": "zap3",
					"parent": "right_arm",
					"pivot": [5.5, 34.5, -25.7],
					"cubes": [
						{"origin": [5.4, 34.1, -25.7], "size": [0, 1, 24], "inflate": 0.001, "uv": [208, 5]}
					]
				},
				{
					"name": "zap4",
					"parent": "right_arm",
					"pivot": [5.5, 34.5, -25.7],
					"cubes": [
						{"origin": [5.4, 34.1, -25.7], "size": [0, 1, 24], "inflate": 0.001, "uv": [208, 5]}
					]
				},
				{
					"name": "zap13",
					"parent": "right_arm",
					"pivot": [5.5, 34.5, -32.7],
					"cubes": [
						{"origin": [5.4, 34.1, -56.7], "size": [0, 1, 24], "inflate": 0.001, "uv": [208, 5]}
					]
				},
				{
					"name": "zap14",
					"parent": "right_arm",
					"pivot": [5.5, 34.5, -32.7],
					"cubes": [
						{"origin": [5.4, 34.1, -56.7], "size": [0, 1, 24], "inflate": 0.001, "uv": [208, 5]}
					]
				},
				{
					"name": "enigmaticpart",
					"parent": "chest",
					"pivot": [0, -1.3, -1.7],
					"cubes": [
						{"origin": [-17, 6.2, -25.4], "size": [17, 2, 3], "uv": [99, 156]}
					]
				},
				{
					"name": "electric5",
					"parent": "torso",
					"pivot": [-0.7, 31.5, 30.9],
					"cubes": [
						{"origin": [-1, 29.8, 28.6], "size": [1, 1, 6], "inflate": 0.001, "pivot": [0, 18.5, 31.3], "rotation": [2, 0, 0], "uv": [209, 1]},
						{"origin": [-1, 30, 28.6], "size": [1, 3, 6], "inflate": 0.001, "pivot": [0, 18.5, 31.3], "rotation": [2, 0, 0], "uv": [209, 1]},
						{"origin": [-1, 28.5, 24.3], "size": [1, 3, 1], "inflate": 0.001, "pivot": [0, 18.5, 31.3], "rotation": [-15.5, 0, 0], "uv": [214, 6]},
						{"origin": [-17, 29.8, 28.6], "size": [1, 1, 6], "inflate": 0.001, "pivot": [-16, 18.5, 31.3], "rotation": [2, 0, 0], "uv": [209, 1]},
						{"origin": [-17, 30, 28.6], "size": [1, 3, 6], "inflate": 0.001, "pivot": [-16, 18.5, 31.3], "rotation": [2, 0, 0], "uv": [209, 1]},
						{"origin": [-17, 28.5, 24.4], "size": [1, 3, 1], "inflate": 0.001, "pivot": [-16, 18.5, 31.3], "rotation": [-15.5, 0, 0], "uv": [214, 6]}
					]
				},
				{
					"name": "enigmaticpart2",
					"parent": "torso",
					"pivot": [0, -1.3, 18.3],
					"cubes": [
						{"origin": [-17, 6.2, -5.4], "size": [17, 2, 5], "uv": [144, 153]}
					]
				},
				{
					"name": "right_leg",
					"parent": "body",
					"pivot": [0, 10, 2],
					"cubes": [
						{"origin": [0, 7.5, 0.3], "size": [4, 3, 3], "uv": [77, 50]},
						{"origin": [4, -2, -3.4], "size": [4, 2, 4], "uv": [116, 72]},
						{"origin": [4, -2, 3], "size": [4, 2, 4], "uv": [116, 51]},
						{"origin": [4, -0.4, 2.6], "size": [4, 10, 4], "inflate": -0.0002, "pivot": [5.8, 1.8, 4.4], "rotation": [10, 0, 0], "uv": [136, 72]},
						{"origin": [4, -1.4, -2.9], "size": [4, 10, 4], "inflate": -0.0001, "pivot": [5.8, 1.8, 4.8], "rotation": [-10, 0, 0], "uv": [133, 89]},
						{"origin": [4, 9, -1.7], "size": [4, 3, 7], "uv": [63, 66]},
						{"origin": [4.9, 12, -0.7], "size": [1, 4, 5], "uv": [111, 13]},
						{"origin": [5.28486, 12.01671, -0.7], "size": [1, 4, 5], "inflate": -0.001, "pivot": [5.9, 12, 0], "rotation": [0, 0, -1], "uv": [111, 0]},
						{"origin": [6.08486, 12.01671, -0.7], "size": [1, 4, 5], "inflate": -0.002, "pivot": [5.9, 12, 0], "rotation": [0, 0, -1], "uv": [94, 16]}
					]
				},
				{
					"name": "left_leg",
					"parent": "body",
					"pivot": [-17, 11, 2],
					"cubes": [
						{"origin": [-25, -2, -3.4], "size": [4, 2, 4], "uv": [90, 29]},
						{"origin": [-25, -2, 3], "size": [4, 2, 4], "uv": [74, 29]},
						{"origin": [-25, -0.4, 2.6], "size": [4, 10, 4], "inflate": -0.0002, "pivot": [-22.8, 1.8, 4.4], "rotation": [10, 0, 0], "uv": [129, 131]},
						{"origin": [-25, -1.4, -2.9], "size": [4, 10, 4], "inflate": -0.0001, "pivot": [-22.8, 1.8, 4.8], "rotation": [-10, 0, 0], "uv": [113, 131]},
						{"origin": [-25, 9, -1.7], "size": [4, 3, 7], "uv": [0, 66]},
						{"origin": [-22.9, 12, -0.7], "size": [1, 4, 5], "uv": [78, 61]},
						{"origin": [-21, 7.5, 0.3], "size": [4, 3, 3], "uv": [14, 50]},
						{"origin": [-23.28486, 12.01671, -0.7], "size": [1, 4, 5], "inflate": -0.001, "pivot": [-22.9, 12, 0], "rotation": [0, 0, 1], "uv": [74, 16]},
						{"origin": [-24.08486, 12.01671, -0.7], "size": [1, 4, 5], "inflate": -0.002, "pivot": [-22.9, 12, 0], "rotation": [0, 0, 1], "uv": [15, 61]}
					]
				},
				{
					"name": "right_arm2",
					"parent": "body",
					"pivot": [-1.2, 9, 3],
					"cubes": [
						{"origin": [-0.2, 7.5, 0.3], "size": [4, 4, 3], "uv": [9, 89]},
						{"origin": [2.8, -4, -3.4], "size": [4, 2, 4], "uv": [111, 26]},
						{"origin": [2.8, -4, 3], "size": [4, 2, 4], "uv": [110, 84]},
						{"origin": [2.8, -2.4, 2.6], "size": [4, 10, 4], "inflate": -0.0002, "pivot": [4.6, -0.2, 4.4], "rotation": [10, 0, 0], "uv": [48, 132]},
						{"origin": [2.8, -3.4, -2.9], "size": [4, 10, 4], "inflate": -0.0001, "pivot": [4.6, -0.2, 4.8], "rotation": [-10, 0, 0], "uv": [32, 132]},
						{"origin": [3.8, 7, -1.7], "size": [3, 29, 7], "uv": [20, 0]},
						{"origin": [2.5, 7, -1.7], "size": [1, 29, 7], "inflate": -0.001, "pivot": [-1.2, -2, 0], "rotation": [0, 0, 2], "uv": [16, 89]}
					]
				},
				{
					"name": "electric",
					"parent": "right_arm2",
					"pivot": [5.8, 34.6, 1.7],
					"cubes": [
						{"origin": [3.8, 33, -1.7], "size": [3, 3, 7], "inflate": 0.001, "uv": [207, 0]},
						{"origin": [2.4, 33.2, -1.7], "size": [2, 3, 7], "inflate": 0.001, "pivot": [-1.2, -2, 0], "rotation": [0, 0, 2], "uv": [207, 0]}
					]
				},
				{
					"name": "electric2",
					"parent": "right_arm2",
					"pivot": [-21.9, 34, 3],
					"cubes": [
						{"origin": [-23.8, 33, -1.7], "size": [3, 3, 7], "inflate": 0.001, "uv": [207, 0]},
						{"origin": [-21.5, 32.7, -1.7], "size": [2, 3, 7], "inflate": 0.001, "pivot": [-28.9, -2, 0], "rotation": [0, 0, -2], "uv": [207, 0]}
					]
				},
				{
					"name": "zap5",
					"parent": "right_arm2",
					"pivot": [5.5, 34.5, -1.7],
					"cubes": [
						{"origin": [5.4, 34.1, -25.7], "size": [0, 1, 24], "inflate": 0.001, "uv": [208, 5]}
					]
				},
				{
					"name": "zap6",
					"parent": "right_arm2",
					"pivot": [5.5, 34.5, -1.7],
					"cubes": [
						{"origin": [5.4, 34.1, -25.7], "size": [0, 1, 24], "inflate": 0.001, "uv": [208, 5]}
					]
				},
				{
					"name": "zap11",
					"parent": "right_arm2",
					"pivot": [5.5, 34.5, 5.3],
					"cubes": [
						{"origin": [5.4, 34.1, 5.3], "size": [0, 1, 24], "inflate": 0.001, "uv": [208, 5]}
					]
				},
				{
					"name": "zap12",
					"parent": "right_arm2",
					"pivot": [5.5, 34.5, 5.3],
					"cubes": [
						{"origin": [5.4, 34.1, 5.3], "size": [0, 1, 24], "inflate": 0.001, "uv": [208, 5]}
					]
				},
				{
					"name": "left_arm2",
					"parent": "body",
					"pivot": [-15.8, 9, 3],
					"cubes": [
						{"origin": [-20.8, 7.5, 0.3], "size": [4, 4, 3], "uv": [9, 89], "mirror": true},
						{"origin": [-23.8, -4, -3.4], "size": [4, 2, 4], "uv": [111, 26], "mirror": true},
						{"origin": [-23.8, -4, 3], "size": [4, 2, 4], "uv": [110, 84], "mirror": true},
						{"origin": [-23.8, -2.4, 2.6], "size": [4, 10, 4], "inflate": -0.0002, "pivot": [-21.6, -0.2, 4.4], "rotation": [10, 0, 0], "uv": [48, 132], "mirror": true},
						{"origin": [-23.8, -3.4, -2.9], "size": [4, 10, 4], "inflate": -0.0001, "pivot": [-21.6, -0.2, 4.8], "rotation": [-10, 0, 0], "uv": [32, 132], "mirror": true},
						{"origin": [-23.8, 7, -1.7], "size": [3, 29, 7], "uv": [20, 0], "mirror": true},
						{"origin": [-20.5, 7, -1.7], "size": [1, 29, 7], "inflate": -0.001, "pivot": [-15.8, -2, 0], "rotation": [0, 0, -2], "uv": [16, 89], "mirror": true}
					]
				},
				{
					"name": "zap7",
					"parent": "left_arm2",
					"pivot": [-22.5, 34.5, -1.7],
					"cubes": [
						{"origin": [-22.6, 34.1, -25.7], "size": [0, 1, 24], "inflate": 0.001, "uv": [208, 5]}
					]
				},
				{
					"name": "zap8",
					"parent": "left_arm2",
					"pivot": [-22.5, 34.5, -1.7],
					"cubes": [
						{"origin": [-22.6, 34.1, -25.7], "size": [0, 1, 24], "inflate": 0.001, "uv": [208, 5]}
					]
				},
				{
					"name": "zap9",
					"parent": "left_arm2",
					"pivot": [-22.5, 34.5, 5.3],
					"cubes": [
						{"origin": [-22.6, 34.1, 5.3], "size": [0, 1, 24], "inflate": 0.001, "uv": [208, 5]}
					]
				},
				{
					"name": "zap10",
					"parent": "left_arm2",
					"pivot": [-22.5, 34.5, 5.3],
					"cubes": [
						{"origin": [-22.6, 34.1, 5.3], "size": [0, 1, 24], "inflate": 0.001, "uv": [208, 5]}
					]
				}
			]
		}
	]
}