{
    "species": "cobblemon:fluttermane",
    "order": 0,
    "variations": [
        {
            "aspects": [],
            "poser": "cobblemon:fluttermane",
            "model": "cobblemon:fluttermane.geo",
            "texture": "cobblemon:textures/pokemon/0987_fluttermane/fluttermane.png",
            "layers": [
                {
                    "name": "emissive",
                    "texture": "cobblemon:textures/pokemon/0987_fluttermane/fluttermane_emmisive.png",
                    "emissive": true
                }
            ]
        },
        {
            "aspects": [
                "shiny"
            ],
            "texture": "cobblemon:textures/pokemon/0987_fluttermane/fluttermane_shiny.png",
            "layers": [
                {
                    "name": "emissive",
                    "texture": "cobblemon:textures/pokemon/0987_fluttermane/fluttermane_emmisive.png",
                    "emissive": true
                }
            ]
        }
    ]
}