{
    "enabled": true,
    "neededInstalledMods": [],
    "neededUninstalledMods": [],
    "spawns": [
    {
       "id": "ironvaliant-1",
       "pokemon": "ironvaliant",
       "presets": [
           "natural"
       ],
       "type": "pokemon",
       "context": "grounded",
       "bucket": "ultra-rare",
       "level": "70",
       "weight": 0.1,
       "condition": {
           "biomes": [
               "#cobblemon:is_lush"
           ]
       }
    },
    {
    "id": "ironvaliant-2",
    "pokemon": "ironvaliant",
    "presets": [
        "natural"
    ],
    "type": "pokemon",
    "context": "grounded",
    "bucket": "ultra-rare",
    "level": "70",
    "weight": 0.1,
    "condition": {
        "biomes": [
            "#cobblemon:is_magical"
        ]
       }
    }
    ]
}