{
	"format_version": "1.12.0",
	"minecraft:geometry": [
		{
			"description": {
				"identifier": "geometry.golem",
				"texture_width": 128,
				"texture_height": 128,
				"visible_bounds_width": 4,
				"visible_bounds_height": 3.5,
				"visible_bounds_offset": [0, 1.25, 0]
			},
			"bones": [
				{
					"name": "golem_alolan",
					"pivot": [0, 0, 0]
				},
				{
					"name": "body",
					"parent": "golem_alolan",
					"pivot": [-2, 23.1, 1.25]
				},
				{
					"name": "torso",
					"parent": "body",
					"pivot": [2, 24.1, 1.25],
					"rotation": [0, 0, 1.5],
					"cubes": [
						{"origin": [-7.5, 7, -6.25], "size": [15, 15, 15], "inflate": 0.1, "uv": [0, 0]},
						{"origin": [-7.5, 7, -6.25], "size": [15, 15, 15], "uv": [68, 83]},
						{"origin": [-2.5, 21.7, -2.75], "size": [5, 1, 7], "uv": [6, 120]},
						{"origin": [-5, 30.5, -4.25], "size": [3, 2, 11], "pivot": [-4, 21, 1.25], "rotation": [0, 0, -11], "uv": [5, 85]},
						{"origin": [2, 30.5, -4.25], "size": [3, 2, 11], "pivot": [4, 21, 1.25], "rotation": [0, 0, 11], "uv": [5, 85], "mirror": true},
						{"origin": [2, 20.5, -5.25], "size": [4, 10, 13], "pivot": [4, 21, 1.25], "rotation": [0, 0, 11], "uv": [2, 75], "mirror": true},
						{"origin": [-6, 20.5, -5.25], "size": [4, 10, 13], "pivot": [-4, 21, 1.25], "rotation": [0, 0, -11], "uv": [2, 75]}
					]
				},
				{
					"name": "head",
					"parent": "torso",
					"pivot": [0, 13.75, -6.25],
					"rotation": [5, 0, 0],
					"cubes": [
						{"origin": [-3, 13.75, -9.25], "size": [6, 3, 4], "uv": [40, 54]},
						{"origin": [-3, 16.45, -11.25], "size": [1, 1, 2], "uv": [42, 56]},
						{"origin": [-3, 11.75, -12.25], "size": [6, 5, 3], "uv": [57, 58]},
						{"origin": [-3.5, 10.75, -9.25], "size": [7, 3, 4], "uv": [45, 0]},
						{"origin": [0.2, 11.95, -10.95], "size": [4, 2, 1], "inflate": -0.2, "pivot": [-0.9, 3.15, -9.05], "rotation": [9.87932, 1.55661, -2.86546], "uv": [59, 36]},
						{"origin": [2.6, 11.75, -11.95], "size": [3, 2, 1], "inflate": -0.5, "pivot": [-0.9, 3.15, -9.05], "rotation": [10.0379, -10.26389, -4.94302], "uv": [59, 36]},
						{"origin": [-5.6, 11.75, -11.95], "size": [3, 2, 1], "inflate": -0.5, "pivot": [0.9, 3.15, -9.05], "rotation": [10.0379, 10.26389, 4.94302], "uv": [59, 36], "mirror": true},
						{"origin": [-4.2, 11.95, -10.95], "size": [4, 2, 1], "inflate": -0.2, "pivot": [0.9, 3.15, -9.05], "rotation": [9.87932, -1.55661, 2.86546], "uv": [59, 36], "mirror": true},
						{"origin": [2, 16.75, -9.25], "size": [1, 1, 4], "uv": [40, 54], "mirror": true},
						{"origin": [2, 16.45, -11.25], "size": [1, 1, 2], "uv": [42, 56], "mirror": true},
						{"origin": [-3, 16.75, -9.25], "size": [1, 1, 4], "uv": [40, 54]}
					]
				},
				{
					"name": "left_eye",
					"parent": "head",
					"pivot": [5.91, 16.7, -11.2],
					"cubes": [
						{"origin": [2.92, 13.3, -9.2], "size": [0, 2.9, 2.4], "inflate": 0.01, "uv": [111, 60]},
						{"origin": [2.91, 12.9, -11.3], "size": [0, 3, 3], "inflate": 0.01, "uv": [94, 66]},
						{"origin": [3.11, 14.2, -10.7], "size": [0, 1, 1], "inflate": 0.02, "uv": [97, 59]}
					]
				},
				{
					"name": "jaw",
					"parent": "head",
					"pivot": [0, 11.75, -9.25],
					"cubes": [
						{"origin": [-2.5, 10.75, -12.25], "size": [5, 1, 3], "uv": [25, 41]},
						{"origin": [-3, 6.75, -9.25], "size": [6, 4, 3], "uv": [57, 34]},
						{"origin": [-2.1, 7.75, -7.55], "size": [6, 4, 3], "inflate": -0.2, "pivot": [0, 2.75, -9.75], "rotation": [10, 0, 0], "uv": [57, 34]},
						{"origin": [-2.25, 11.54952, -12.27181], "size": [1, 1, 0], "pivot": [-1.75, 12.24952, -12.27181], "rotation": [2.5, 0, 0], "uv": [11, 0]},
						{"origin": [1.25, 11.54952, -12.27181], "size": [1, 1, 0], "pivot": [1.75, 12.24952, -12.27181], "rotation": [2.5, 0, 0], "uv": [11, 0], "mirror": true},
						{"origin": [-2.8, 7.75, -9.65], "size": [6, 4, 3], "inflate": -0.2, "pivot": [0, 2.75, -9.75], "rotation": [10, 0, 0], "uv": [57, 34], "mirror": true},
						{"origin": [-2.2, 7.75, -7.55], "size": [6, 4, 3], "inflate": -0.2, "pivot": [0, 2.75, -9.75], "rotation": [10, 0, 0], "uv": [57, 34], "mirror": true},
						{"origin": [-3.9, 7.75, -7.55], "size": [6, 4, 3], "inflate": -0.2, "pivot": [0, 2.75, -9.75], "rotation": [10, 0, 0], "uv": [57, 34], "mirror": true}
					]
				},
				{
					"name": "right_eye",
					"parent": "head",
					"pivot": [-5.91, 16.7, -11.2],
					"cubes": [
						{"origin": [-2.92, 13.3, -9.2], "size": [0, 2.9, 2.4], "inflate": 0.01, "uv": [111, 60], "mirror": true},
						{"origin": [-2.91, 12.9, -11.3], "size": [0, 3, 3], "inflate": 0.01, "uv": [94, 66], "mirror": true},
						{"origin": [-3.11, 14.2, -10.7], "size": [0, 1, 1], "inflate": 0.02, "uv": [97, 59], "mirror": true}
					]
				},
				{
					"name": "arm_right",
					"parent": "torso",
					"pivot": [-7.5, 12.75, -1.25],
					"cubes": [
						{"origin": [-9.5, 14.55, 0.25], "size": [2, 1, 1], "inflate": 0.2, "uv": [12, 62]},
						{"origin": [-9.5, 14.55, -2.75], "size": [2, 1, 3], "inflate": 0.2, "uv": [10, 60]},
						{"origin": [-9.5, 11.15, 0.25], "size": [2, 3, 1], "inflate": 0.2, "uv": [12, 62]},
						{"origin": [-9.5, 11.15, -2.75], "size": [2, 3, 3], "inflate": 0.2, "uv": [10, 60]}
					]
				},
				{
					"name": "arm_right2",
					"parent": "arm_right",
					"pivot": [-9.5, 12.75, 0.25],
					"cubes": [
						{"origin": [-13.5, 14.25, 0.25], "size": [4, 1, 1], "uv": [2, 8]},
						{"origin": [-13.5, 14.25, -2.75], "size": [4, 1, 3], "uv": [0, 6]},
						{"origin": [-13.5, 11.25, 0.25], "size": [4, 3, 1], "uv": [2, 8]},
						{"origin": [-13.5, 11.25, -2.75], "size": [4, 3, 3], "uv": [0, 6]}
					]
				},
				{
					"name": "hand_right",
					"parent": "arm_right2",
					"pivot": [-13.5, 12.75, -1.25],
					"cubes": [
						{"origin": [-16.5, 11.35, 0.25], "size": [3, 3, 1], "inflate": 0.01, "uv": [2, 62]},
						{"origin": [-16.5, 11.35, -2.75], "size": [3, 3, 3], "inflate": 0.01, "uv": [0, 60]}
					]
				},
				{
					"name": "finger_right",
					"parent": "hand_right",
					"pivot": [-16.4, 12.8, -0.05],
					"cubes": [
						{"origin": [-19.4, 11.8, -1.75], "size": [3, 2, 2], "uv": [51, 10]},
						{"origin": [-22.3, 11.8, -0.85], "size": [3, 2, 0], "uv": [64, 18]}
					]
				},
				{
					"name": "finger_right2",
					"parent": "hand_right",
					"pivot": [-15, 12.6, 1],
					"cubes": [
						{"origin": [-15.9, 11.7, 1.1], "size": [2, 2, 3], "uv": [44, 40]},
						{"origin": [-14.9, 11.7, 4.1], "size": [0, 2, 3], "uv": [72, 12]}
					]
				},
				{
					"name": "finger_right3",
					"parent": "hand_right",
					"pivot": [-15, 12.9, -2.5],
					"cubes": [
						{"origin": [-16, 11.8, -5.8], "size": [2, 2, 3], "uv": [39, 32]},
						{"origin": [-15, 11.8, -8.7], "size": [0, 2, 3], "uv": [64, 17]}
					]
				},
				{
					"name": "arm_left",
					"parent": "torso",
					"pivot": [7.5, 12.75, -1.25],
					"cubes": [
						{"origin": [7.5, 11.15, -2.75], "size": [2, 3, 3], "inflate": 0.2, "uv": [10, 60], "mirror": true},
						{"origin": [7.5, 11.15, 0.25], "size": [2, 3, 1], "inflate": 0.2, "uv": [12, 62], "mirror": true},
						{"origin": [7.5, 14.55, -2.75], "size": [2, 1, 3], "inflate": 0.2, "uv": [10, 60], "mirror": true},
						{"origin": [7.5, 14.55, 0.25], "size": [2, 1, 1], "inflate": 0.2, "uv": [12, 62], "mirror": true}
					]
				},
				{
					"name": "arm_left2",
					"parent": "arm_left",
					"pivot": [9.5, 12.75, 0.25],
					"cubes": [
						{"origin": [9.5, 11.25, -2.75], "size": [4, 3, 3], "uv": [0, 6], "mirror": true},
						{"origin": [9.5, 11.25, 0.25], "size": [4, 3, 1], "uv": [2, 8], "mirror": true},
						{"origin": [9.5, 14.25, -2.75], "size": [4, 1, 3], "uv": [0, 6], "mirror": true},
						{"origin": [9.5, 14.25, 0.25], "size": [4, 1, 1], "uv": [2, 8], "mirror": true}
					]
				},
				{
					"name": "hand_left",
					"parent": "arm_left2",
					"pivot": [13.5, 12.75, -1.25],
					"cubes": [
						{"origin": [13.5, 11.35, -2.75], "size": [3, 3, 3], "inflate": 0.01, "uv": [0, 60], "mirror": true},
						{"origin": [13.5, 11.35, 0.25], "size": [3, 3, 1], "inflate": 0.01, "uv": [2, 62], "mirror": true}
					]
				},
				{
					"name": "finger_left",
					"parent": "hand_left",
					"pivot": [16.4, 13.3, -0.35],
					"cubes": [
						{"origin": [16.4, 11.8, -1.75], "size": [3, 2, 2], "uv": [51, 10], "mirror": true},
						{"origin": [19.3, 11.8, -0.85], "size": [3, 2, 0], "uv": [64, 18], "mirror": true}
					]
				},
				{
					"name": "finger_left2",
					"parent": "hand_left",
					"pivot": [15, 12.8, 1],
					"cubes": [
						{"origin": [13.9, 11.7, 1.2], "size": [2, 2, 3], "uv": [44, 40], "mirror": true},
						{"origin": [14.9, 11.7, 4.2], "size": [0, 2, 3], "uv": [72, 12], "mirror": true}
					]
				},
				{
					"name": "finger_left3",
					"parent": "hand_left",
					"pivot": [15, 12.6, -2.5],
					"cubes": [
						{"origin": [14, 11.8, -5.8], "size": [2, 2, 3], "uv": [39, 32], "mirror": true},
						{"origin": [15, 11.8, -8.7], "size": [0, 2, 3], "uv": [64, 17], "mirror": true}
					]
				},
				{
					"name": "electric6",
					"parent": "torso",
					"pivot": [4, 26.9, 1.25],
					"cubes": [
						{"origin": [0, 26.6, 0.75], "size": [2, 1, 0], "pivot": [4, 17.5, 1.25], "rotation": [0, 0, 11], "uv": [60, 81], "mirror": true},
						{"origin": [0, 26.6, 0.75], "size": [2, 1, 0], "inflate": -0.1, "pivot": [4, 17.5, 1.25], "rotation": [0, 0, 11], "uv": [93, 127], "mirror": true}
					]
				},
				{
					"name": "electric7",
					"parent": "electric6",
					"pivot": [2, 26.9, 1.25],
					"rotation": [0, 0, 19],
					"cubes": [
						{"origin": [-2, 26.6, 0.75], "size": [2, 1, 0], "pivot": [2, 17.5, 1.25], "rotation": [0, 0, 11], "uv": [60, 81], "mirror": true},
						{"origin": [-2, 26.6, 0.75], "size": [2, 1, 0], "inflate": -0.1, "pivot": [2, 17.5, 1.25], "rotation": [0, 0, 11], "uv": [93, 127], "mirror": true}
					]
				},
				{
					"name": "electric8",
					"parent": "electric7",
					"pivot": [0.3, 27.5, 1.25],
					"rotation": [0, 0, -43.5],
					"cubes": [
						{"origin": [-3.8, 26.8, 0.75], "size": [2, 1, 0], "pivot": [0.3, 18.1, 1.25], "rotation": [0, 0, 11], "uv": [60, 81], "mirror": true},
						{"origin": [-3.8, 26.8, 0.75], "size": [2, 1, 0], "inflate": -0.1, "pivot": [0.3, 18.1, 1.25], "rotation": [0, 0, 11], "uv": [93, 127], "mirror": true}
					]
				},
				{
					"name": "electric9",
					"parent": "electric8",
					"pivot": [-1.3, 28, 1.25],
					"rotation": [0, 0, 11.5],
					"cubes": [
						{"origin": [-5.3, 27.5, 0.75], "size": [2, 1, 0], "pivot": [-1.3, 18.6, 1.25], "rotation": [0, 0, 11], "uv": [60, 81], "mirror": true},
						{"origin": [-5.3, 27.5, 0.75], "size": [2, 1, 0], "inflate": -0.1, "pivot": [-1.3, 18.6, 1.25], "rotation": [0, 0, 11], "uv": [93, 127], "mirror": true}
					]
				},
				{
					"name": "electric11",
					"parent": "torso",
					"pivot": [-1.3, 24.1, 1.25],
					"rotation": [0, 0, -19],
					"cubes": [
						{"origin": [-4.2, 23.3, 0.75], "size": [2, 1, 0], "pivot": [-0.2, 14.2, 1.25], "rotation": [0, 0, 33], "uv": [60, 81], "mirror": true}
					]
				},
				{
					"name": "electric12",
					"parent": "electric11",
					"pivot": [2.7, 24.1, 1.25],
					"rotation": [0, 0, 19],
					"cubes": [
						{"origin": [-1.3, 23.8, 0.75], "size": [2, 1, 0], "pivot": [2.7, 14.7, 1.25], "rotation": [0, 0, 11], "uv": [60, 81], "mirror": true},
						{"origin": [-1.3, 23.8, 0.75], "size": [2, 1, 0], "pivot": [2.7, 14.7, 1.25], "rotation": [0, 0, 11], "uv": [93, 127], "mirror": true}
					]
				},
				{
					"name": "electric13",
					"parent": "electric12",
					"pivot": [1, 24.7, 1.25],
					"rotation": [0, 0, -43.5],
					"cubes": [
						{"origin": [-3.1, 24, 0.75], "size": [2, 1, 0], "pivot": [1, 15.3, 1.25], "rotation": [0, 0, 11], "uv": [60, 81], "mirror": true},
						{"origin": [-3.1, 24, 0.75], "size": [2, 1, 0], "inflate": -0.1, "pivot": [1, 15.3, 1.25], "rotation": [0, 0, 11], "uv": [93, 127], "mirror": true}
					]
				},
				{
					"name": "electric14",
					"parent": "electric13",
					"pivot": [-0.6, 25.2, 1.25],
					"rotation": [0, 0, 11.5],
					"cubes": [
						{"origin": [-4.6, 24.7, 0.75], "size": [2, 1, 0], "pivot": [-0.6, 15.8, 1.25], "rotation": [0, 0, 11], "uv": [60, 81], "mirror": true},
						{"origin": [-4.6, 24.7, 0.75], "size": [2, 1, 0], "inflate": -0.1, "pivot": [-0.6, 15.8, 1.25], "rotation": [0, 0, 11], "uv": [93, 127], "mirror": true}
					]
				},
				{
					"name": "leg_right",
					"parent": "body",
					"pivot": [-6.25, 8, 1.25],
					"rotation": [-10, 0, 0],
					"cubes": [
						{"origin": [-8.75, 4, -1.75], "size": [5, 5, 6], "inflate": 0.01, "uv": [41, 35]}
					]
				},
				{
					"name": "leg_right2",
					"parent": "leg_right",
					"pivot": [-6.25, 4, -1.75],
					"rotation": [20, 0, 0],
					"cubes": [
						{"origin": [-8.25, 0, -1.75], "size": [4, 4, 5], "uv": [56, 49]}
					]
				},
				{
					"name": "foot_right",
					"parent": "leg_right2",
					"pivot": [-6.25, 1, 0.75],
					"rotation": [-10, 0, 0],
					"cubes": [
						{"origin": [-8.25, -1, -2.25], "size": [4, 2, 6], "inflate": 0.01, "uv": [40, 46]}
					]
				},
				{
					"name": "toe_right_back",
					"parent": "foot_right",
					"pivot": [-6.25, 1, 3.75],
					"cubes": [
						{"origin": [-6.25, -1, 3.75], "size": [0, 2, 2], "uv": [0, 28]}
					]
				},
				{
					"name": "toes_right_front",
					"parent": "foot_right",
					"pivot": [-6.25, 1, -1.75],
					"cubes": [
						{"origin": [-7.93026, -1, -5.14816], "size": [0, 2, 3], "pivot": [-8.42266, 0, -3.23498], "rotation": [0, 10, 0], "uv": [25, 29]},
						{"origin": [-6.85, -1, -5.25], "size": [0, 2, 3], "uv": [25, 31]},
						{"origin": [-5.65, -1, -5.25], "size": [0, 2, 3], "uv": [0, 39]},
						{"origin": [-4.56777, -1, -5.14781], "size": [0, 2, 3], "pivot": [-4.07537, 0, -3.23463], "rotation": [0, -10, 0], "uv": [7, 33]}
					]
				},
				{
					"name": "leg_left",
					"parent": "body",
					"pivot": [6.25, 8, 1.25],
					"rotation": [-10, 0, 0],
					"cubes": [
						{"origin": [3.75, 4, -1.75], "size": [5, 5, 6], "inflate": 0.01, "uv": [25, 30]}
					]
				},
				{
					"name": "leg_left2",
					"parent": "leg_left",
					"pivot": [6.25, 4, -1.75],
					"rotation": [20, 0, 0],
					"cubes": [
						{"origin": [4.25, 0, -1.75], "size": [4, 4, 5], "uv": [55, 25]}
					]
				},
				{
					"name": "foot_left",
					"parent": "leg_left2",
					"pivot": [6.25, 1, 0.75],
					"rotation": [-10, 0, 0],
					"cubes": [
						{"origin": [4.25, -1, -2.25], "size": [4, 2, 6], "inflate": 0.01, "uv": [45, 7]}
					]
				},
				{
					"name": "toe_left_back",
					"parent": "foot_left",
					"pivot": [6.25, 1, 3.75],
					"cubes": [
						{"origin": [6.25, -1, 3.75], "size": [0, 2, 2], "uv": [11, 4]}
					]
				},
				{
					"name": "toes_left_front",
					"parent": "foot_left",
					"pivot": [6.25, 1, -1.75],
					"cubes": [
						{"origin": [7.93026, -1, -5.14816], "size": [0, 2, 3], "pivot": [8.42266, 0, -3.23498], "rotation": [0, -10, 0], "uv": [6, 29]},
						{"origin": [6.85, -1, -5.25], "size": [0, 2, 3], "uv": [25, 27]},
						{"origin": [5.65, -1, -5.25], "size": [0, 2, 3], "uv": [6, 27]},
						{"origin": [4.56777, -1, -5.14781], "size": [0, 2, 3], "pivot": [4.07537, 0, -3.23463], "rotation": [0, 10, 0], "uv": [8, 9]}
					]
				}
			]
		}
	]
}