{
    "species": "cobblemon:alomomola",
    "order": 0,
    "variations": [
        {
            "aspects": [],
            "poser": "cobblemon:alomomola",
            "model": "cobblemon:alomomola.geo",
            "texture": "cobblemon:textures/pokemon/0594_alomomola/alomomola.png",
            "layers": []
        },
        {
            "aspects": [
                "shiny"
            ],
            "texture": "cobblemon:textures/pokemon/0594_alomomola/alomomola_shiny.png",
            "layers": []
        }
    ]
}