{
    "species": "cobblemon:pawmo",
    "order": 0,
    "variations": [
        {
            "aspects": [],
            "poser": "cobblemon:pawmo",
            "model": "cobblemon:pawmo.geo",
            "texture": "cobblemon:textures/pokemon/0922_pawmo/pawmo.png",
            "layers": []
        },
        {
            "aspects": [
                "shiny"
            ],
            "texture": "cobblemon:textures/pokemon/0922_pawmo/pawmo_shiny.png",
            "layers": []
        }
    ]
}