{
    "species": "cobblemon:palpitoad",
    "order": 0,
    "variations": [
        {
            "aspects": [],
            "poser": "cobblemon:palpitoad",
            "model": "cobblemon:palpitoad.geo",
            "texture": "cobblemon:textures/pokemon/0536_palpitoad/palpitoad.png",
            "layers": []
        },
        {
            "aspects": [
                "shiny"
            ],
            "texture": "cobblemon:textures/pokemon/0536_palpitoad/palpitoad_shiny.png",
            "layers": []
        }
    ]
}