{
	"format_version": "1.12.0",
	"minecraft:geometry": [
		{
			"description": {
				"identifier": "geometry.flygon",
				"texture_width": 128,
				"texture_height": 128,
				"visible_bounds_width": 8,
				"visible_bounds_height": 7,
				"visible_bounds_offset": [0, 0.5, 0]
			},
			"bones": [
				{
					"name": "flygon",
					"pivot": [0, 0, 0]
				},
				{
					"name": "body",
					"parent": "flygon",
					"pivot": [0, 2, 0]
				},
				{
					"name": "torso",
					"parent": "body",
					"pivot": [0, 10, 2.5],
					"cubes": [
						{"origin": [-4.5, 9, -2], "size": [9, 6, 9], "uv": [28, 0]}
					]
				},
				{
					"name": "torso2",
					"parent": "torso",
					"pivot": [0, 15, 2.5],
					"cubes": [
						{"origin": [-4, 13, -1.5], "size": [8, 7, 8], "uv": [28, 15]}
					]
				},
				{
					"name": "torso3",
					"parent": "torso2",
					"pivot": [0, 20, 2.5],
					"cubes": [
						{"origin": [-3, 19, -0.5], "size": [6, 7, 6], "uv": [41, 45]}
					]
				},
				{
					"name": "torso4",
					"parent": "torso3",
					"pivot": [0, 26, 2.5],
					"cubes": [
						{"origin": [-2, 25, 0.5], "size": [4, 5, 4], "uv": [55, 0]}
					]
				},
				{
					"name": "head",
					"parent": "torso4",
					"pivot": [0, 29, 2.9],
					"cubes": [
						{"origin": [-3, 29, -3], "size": [6, 5, 8], "uv": [0, 0]}
					]
				},
				{
					"name": "mouth",
					"parent": "head",
					"pivot": [0, 30, -1.1],
					"cubes": [
						{"origin": [-3, 29, -2.1], "size": [6, 2, 0], "uv": [116, 1]}
					]
				},
				{
					"name": "hair_left",
					"parent": "head",
					"pivot": [2, 34, 2.9],
					"rotation": [-10, 0, 0],
					"cubes": [
						{"origin": [0.9, 33, 1.9], "size": [2, 4, 2], "pivot": [0, 34, 2.9], "rotation": [-30, 0, 0], "uv": [28, 15]},
						{"origin": [1.4, 35.26795, 3.36795], "size": [1, 4, 2], "pivot": [0, 36, 4.9], "rotation": [-45, 0, 0], "uv": [0, 38]},
						{"origin": [1.9, 38.25496, 6.33049], "size": [0, 12, 2], "pivot": [2, 39, 6.9], "rotation": [-70, 0, 0], "uv": [58, 67]}
					]
				},
				{
					"name": "hair_right",
					"parent": "head",
					"pivot": [-2, 34, 2.9],
					"rotation": [-10, 0, 0],
					"cubes": [
						{"origin": [-2.9, 33, 1.9], "size": [2, 4, 2], "pivot": [0, 34, 2.9], "rotation": [-30, 0, 0], "uv": [0, 0]},
						{"origin": [-2.4, 35.26795, 3.36795], "size": [1, 4, 2], "pivot": [0, 36, 4.9], "rotation": [-45, 0, 0], "uv": [28, 30]},
						{"origin": [-1.9, 38.25496, 6.33049], "size": [0, 12, 2], "pivot": [-2, 39, 6.9], "rotation": [-70, 0, 0], "uv": [26, 64]}
					]
				},
				{
					"name": "eye_protector_left",
					"parent": "head",
					"pivot": [0, 29, 2.9],
					"cubes": [
						{"origin": [4.01, 33.6, 3.4], "size": [-1, -3, -4], "uv": [84, 61], "mirror": true}
					]
				},
				{
					"name": "eye_left",
					"parent": "eye_protector_left",
					"pivot": [0, 29, 2.9],
					"cubes": [
						{"origin": [3.02, 31, -0.1], "size": [0, 2, 3], "pivot": [3, 32, 0.9], "rotation": [12.5, 0, 0], "uv": [30, 1]}
					]
				},
				{
					"name": "eye_left_blink",
					"parent": "eye_protector_left",
					"pivot": [-1, 29, 2.9],
					"cubes": [
						{"origin": [2.01, 31, -0.1], "size": [0, 2, 3], "pivot": [2, 32, 0.9], "rotation": [12.5, 0, 0], "uv": [28, 18]}
					]
				},
				{
					"name": "eye_protector_right",
					"parent": "head",
					"pivot": [0, 29, 2.9],
					"cubes": [
						{"origin": [-3.01, 33.6, 3.4], "size": [-1, -3, -4], "uv": [84, 61]}
					]
				},
				{
					"name": "eye_right",
					"parent": "eye_protector_right",
					"pivot": [0, 29, 2.9],
					"cubes": [
						{"origin": [-3.02, 31, -0.1], "size": [0, 2, 3], "pivot": [-3, 32, 0.9], "rotation": [12.5, 0, 0], "uv": [28, 4]}
					]
				},
				{
					"name": "eye_right_blink",
					"parent": "eye_protector_right",
					"pivot": [1, 29, 2.9],
					"cubes": [
						{"origin": [-2.01, 31, -0.1], "size": [0, 2, 3], "pivot": [-2, 32, 0.9], "rotation": [12.5, 0, 0], "uv": [0, 3]}
					]
				},
				{
					"name": "wing_right",
					"parent": "torso3",
					"pivot": [-2, 21, 5.5],
					"cubes": [
						{"origin": [-2, 14.5, 4.5], "size": [0, 13, 10], "uv": [0, 87]}
					]
				},
				{
					"name": "wing_right2",
					"parent": "wing_right",
					"pivot": [-2, 21, 14.5],
					"cubes": [
						{"origin": [-2, 12.5, 14.5], "size": [0, 17, 23], "uv": [0, 88]}
					]
				},
				{
					"name": "wing_left",
					"parent": "torso3",
					"pivot": [2, 21, 5.5],
					"cubes": [
						{"origin": [2, 14.5, 4.5], "size": [0, 13, 10], "uv": [0, 87], "mirror": true}
					]
				},
				{
					"name": "wing_left2",
					"parent": "wing_left",
					"pivot": [2, 21, 14.5],
					"cubes": [
						{"origin": [2, 12.5, 14.5], "size": [0, 17, 23], "uv": [0, 88], "mirror": true}
					]
				},
				{
					"name": "arm_left",
					"parent": "torso2",
					"pivot": [3, 18.9, 2.5],
					"cubes": [
						{"origin": [3, 17.9, 1.5], "size": [4, 2, 2], "uv": [67, 0]}
					]
				},
				{
					"name": "arm_left2",
					"parent": "arm_left",
					"pivot": [7, 18.9, 2.5],
					"cubes": [
						{"origin": [7, 17.9, 1.5], "size": [3, 2, 2], "inflate": -0.01, "uv": [71, 4]}
					]
				},
				{
					"name": "hand_left",
					"parent": "arm_left2",
					"pivot": [10, 18.9, 2.5],
					"cubes": [
						{"origin": [10, 17.9, 1], "size": [3, 2, 3], "uv": [64, 9]}
					]
				},
				{
					"name": "finger_left_left",
					"parent": "hand_left",
					"pivot": [11, 18.9, 1],
					"cubes": [
						{"origin": [10.5, 18.4, -0.5], "size": [1, 1, 2], "uv": [52, 18]}
					]
				},
				{
					"name": "finger_left_left2",
					"parent": "finger_left_left",
					"pivot": [11, 18.9, -0.5],
					"cubes": [
						{"origin": [10.5, 18.4, -1.5], "size": [1, 1, 1], "inflate": -0.01, "uv": [23, 40]},
						{"origin": [11, 18.4, -2.5], "size": [0, 1, 1], "uv": [6, 0]}
					]
				},
				{
					"name": "finger_left_middle",
					"parent": "hand_left",
					"pivot": [13, 18.9, 1.8],
					"cubes": [
						{"origin": [13, 18.4, 1.3], "size": [2, 1, 1], "uv": [57, 43]}
					]
				},
				{
					"name": "finger_left_middle2",
					"parent": "finger_left_middle",
					"pivot": [15, 18.9, 1.8],
					"cubes": [
						{"origin": [15, 18.4, 1.3], "size": [1, 1, 1], "inflate": -0.01, "uv": [17, 40]},
						{"origin": [16, 18.4, 1.8], "size": [1, 1, 0], "uv": [6, 7]}
					]
				},
				{
					"name": "finger_left_right",
					"parent": "hand_left",
					"pivot": [13, 18.9, 3.4],
					"cubes": [
						{"origin": [13, 18.4, 2.9], "size": [2, 1, 1], "uv": [52, 42]}
					]
				},
				{
					"name": "finger_left_right2",
					"parent": "finger_left_right",
					"pivot": [15, 18.9, 3.4],
					"cubes": [
						{"origin": [15, 18.4, 2.9], "size": [1, 1, 1], "inflate": -0.01, "uv": [23, 38]},
						{"origin": [16, 18.4, 3.4], "size": [1, 1, 0], "uv": [6, 6]}
					]
				},
				{
					"name": "arm_right",
					"parent": "torso2",
					"pivot": [-3, 18.9, 2.5],
					"cubes": [
						{"origin": [-7, 17.9, 1.5], "size": [4, 2, 2], "uv": [60, 26]}
					]
				},
				{
					"name": "arm_right2",
					"parent": "arm_right",
					"pivot": [-7, 18.9, 2.5],
					"cubes": [
						{"origin": [-10, 17.9, 1.5], "size": [3, 2, 2], "inflate": -0.01, "uv": [26, 0]}
					]
				},
				{
					"name": "hand_right",
					"parent": "arm_right2",
					"pivot": [-10, 18.9, 2.5],
					"cubes": [
						{"origin": [-13, 17.9, 1], "size": [3, 2, 3], "uv": [34, 45]}
					]
				},
				{
					"name": "finger_right_left",
					"parent": "hand_right",
					"pivot": [-11, 18.9, 1],
					"cubes": [
						{"origin": [-11.5, 18.4, -0.5], "size": [1, 1, 2], "uv": [52, 15]}
					]
				},
				{
					"name": "finger_right_left2",
					"parent": "finger_right_left",
					"pivot": [-11, 18.9, -0.5],
					"cubes": [
						{"origin": [-11.5, 18.4, -1.5], "size": [1, 1, 1], "inflate": -0.01, "uv": [17, 38]},
						{"origin": [-11, 18.4, -2.5], "size": [0, 1, 1], "uv": [0, 0]}
					]
				},
				{
					"name": "finger_right_middle",
					"parent": "hand_right",
					"pivot": [-13, 18.9, 1.8],
					"cubes": [
						{"origin": [-15, 18.4, 1.3], "size": [2, 1, 1], "uv": [52, 21]}
					]
				},
				{
					"name": "finger_right_middle2",
					"parent": "finger_right_middle",
					"pivot": [-15, 18.9, 1.8],
					"cubes": [
						{"origin": [-16, 18.4, 1.3], "size": [1, 1, 1], "inflate": -0.01, "uv": [20, 2]},
						{"origin": [-17, 18.4, 1.8], "size": [1, 1, 0], "uv": [6, 0]}
					]
				},
				{
					"name": "finger_right_right3",
					"parent": "hand_right",
					"pivot": [-13, 18.9, 3.4],
					"cubes": [
						{"origin": [-15, 18.4, 2.9], "size": [2, 1, 1], "uv": [34, 50]}
					]
				},
				{
					"name": "finger_right_right4",
					"parent": "finger_right_right3",
					"pivot": [-15, 18.9, 3.4],
					"cubes": [
						{"origin": [-16, 18.4, 2.9], "size": [1, 1, 1], "inflate": -0.01, "uv": [20, 0]},
						{"origin": [-17, 18.4, 3.4], "size": [1, 1, 0], "uv": [0, 0]}
					]
				},
				{
					"name": "tail",
					"parent": "torso",
					"pivot": [0, 10, 4.5],
					"cubes": [
						{"origin": [-3, 2, 1.5], "size": [6, 9, 6], "uv": [28, 30]}
					]
				},
				{
					"name": "tail2",
					"parent": "tail",
					"pivot": [0, 2, 4.5],
					"cubes": [
						{"origin": [-2.5, -4, 2], "size": [5, 7, 5], "uv": [52, 30]}
					]
				},
				{
					"name": "tail3",
					"parent": "tail2",
					"pivot": [0, -4, 4.5],
					"cubes": [
						{"origin": [-2, -13, 2.5], "size": [4, 10, 4], "uv": [32, 58]}
					]
				},
				{
					"name": "tail4",
					"parent": "tail3",
					"pivot": [0, -13, 4.7],
					"cubes": [
						{"origin": [-1.5, -21, 3], "size": [3, 9, 3], "uv": [14, 66]}
					]
				},
				{
					"name": "tail5",
					"parent": "tail4",
					"pivot": [0, -21, 4.7],
					"cubes": [
						{"origin": [-1, -29, 3.5], "size": [2, 9, 2], "uv": [0, 70]}
					]
				},
				{
					"name": "tail6",
					"parent": "tail5",
					"pivot": [0, -29, 4.7],
					"cubes": [
						{"origin": [-0.5, -37, 4], "size": [1, 9, 1], "uv": [8, 70]}
					]
				},
				{
					"name": "tail_segment_middle",
					"parent": "tail6",
					"pivot": [0, -37, 4.7],
					"cubes": [
						{"origin": [-3.5, -48, 4.5], "size": [7, 11, 0], "uv": [60, 15]}
					]
				},
				{
					"name": "tail_segment_left",
					"parent": "tail6",
					"pivot": [0, -37, 4.5],
					"cubes": [
						{"origin": [-3.5, -48, 4.4], "size": [7, 11, 0], "pivot": [0, -37, 4.5], "rotation": [0, 0, -50], "uv": [48, 58]}
					]
				},
				{
					"name": "tail_segment_right",
					"parent": "tail6",
					"pivot": [0, -37, 4.5],
					"cubes": [
						{"origin": [-3.5, -48, 4.4], "size": [7, 11, 0], "pivot": [0, -37, 4.5], "rotation": [0, 0, 50], "uv": [0, 59]}
					]
				},
				{
					"name": "leg_left",
					"parent": "body",
					"pivot": [4, 11, 2.4],
					"cubes": [
						{"origin": [1, 6, -1.1], "size": [5, 6, 7], "uv": [17, 45]},
						{"origin": [3.9, 9, -0.1], "size": [2, 5, 5], "uv": [62, 63]}
					]
				},
				{
					"name": "leg_left2",
					"parent": "leg_left",
					"pivot": [4, 6, 3.3],
					"cubes": [
						{"origin": [2, -1, 2.3], "size": [3, 8, 2], "uv": [48, 69]}
					]
				},
				{
					"name": "leg_left3",
					"parent": "leg_left2",
					"pivot": [4, 0, 3.3],
					"cubes": [
						{"origin": [2, -3, 2.3], "size": [3, 3, 2], "inflate": -0.05, "uv": [67, 30]}
					]
				},
				{
					"name": "leg_right",
					"parent": "body",
					"pivot": [-4, 11, 2.4],
					"cubes": [
						{"origin": [-6, 6, -1.1], "size": [5, 6, 7], "uv": [0, 38]},
						{"origin": [-5.9, 9, -0.1], "size": [2, 5, 5], "uv": [62, 53]}
					]
				},
				{
					"name": "leg_right2",
					"parent": "leg_right",
					"pivot": [-4, 6, 3.3],
					"cubes": [
						{"origin": [-5, -1, 2.3], "size": [3, 8, 2], "uv": [65, 42]}
					]
				},
				{
					"name": "leg_right3",
					"parent": "leg_right2",
					"pivot": [-4, 0, 3.3],
					"cubes": [
						{"origin": [-5, -3, 2.3], "size": [3, 3, 2], "inflate": -0.05, "uv": [46, 30]}
					]
				}
			]
		}
	]
}