{
	"format_version": "1.12.0",
	"minecraft:geometry": [
		{
			"description": {
				"identifier": "geometry.scovillain",
				"texture_width": 128,
				"texture_height": 128,
				"visible_bounds_width": 3,
				"visible_bounds_height": 3.5,
				"visible_bounds_offset": [0, 1.25, 0]
			},
			"bones": [
				{
					"name": "body",
					"pivot": [0, 0, 0],
					"cubes": [
						{"origin": [-3.5, 2, 1.5], "size": [7, 7, 7], "pivot": [0, 3, 0], "rotation": [45, 0, 0], "uv": [0, 34]}
					]
				},
				{
					"name": "torso",
					"parent": "body",
					"pivot": [0, 8, 0],
					"cubes": [
						{"origin": [-1, 17.8, -1], "size": [2, 2, 2], "pivot": [0, 15.5, 0], "rotation": [0, -45, 0], "uv": [0, 17]},
						{"origin": [-1.5, 16, -1.5], "size": [3, 3, 3], "uv": [60, 27]},
						{"origin": [-2.5, 9, -2.5], "size": [5, 7, 5], "uv": [44, 45]}
					]
				},
				{
					"name": "l_arm",
					"parent": "torso",
					"pivot": [1.5, 17, 0],
					"rotation": [0, 0, 50],
					"cubes": [
						{"origin": [0.5, 17, -1], "size": [6, 1, 2], "uv": [44, 21]}
					]
				},
				{
					"name": "lowerarm",
					"parent": "l_arm",
					"pivot": [6.5, 17.5, 0],
					"cubes": [
						{"origin": [5.5, 17, -1.5], "size": [4, 1, 3], "uv": [61, 12]},
						{"origin": [9.4, 17, 1.1], "size": [2, 1, 2], "pivot": [12.5, 17, 0], "rotation": [0, -45, 0], "uv": [61, 58]}
					]
				},
				{
					"name": "r_arm",
					"parent": "torso",
					"pivot": [-1.5, 17, 0],
					"rotation": [0, 180, -50],
					"cubes": [
						{"origin": [-2.5, 17, -1], "size": [6, 1, 2], "uv": [30, 20]}
					]
				},
				{
					"name": "lowerarm2",
					"parent": "r_arm",
					"pivot": [1.5, 17.5, 0],
					"cubes": [
						{"origin": [2.5, 17, -1.5], "size": [4, 1, 3], "uv": [61, 7]},
						{"origin": [6.4, 17, 1.1], "size": [2, 1, 2], "pivot": [9.5, 17, 0], "rotation": [0, -45, 0], "uv": [60, 47]}
					]
				},
				{
					"name": "l_neck",
					"parent": "torso",
					"pivot": [1, 19.5, 0],
					"rotation": [0, -135, 10],
					"cubes": [
						{"origin": [0.5, 19.5, -0.5], "size": [1, 2, 1], "uv": [6, 5]}
					]
				},
				{
					"name": "neck_3",
					"parent": "l_neck",
					"pivot": [1, 19.5, 0],
					"cubes": [
						{"origin": [0.5, 21, -0.5], "size": [1, 3, 1], "pivot": [1, 21.5, 0], "rotation": [0, 0, -15], "uv": [0, 5]}
					]
				},
				{
					"name": "neck_4",
					"parent": "neck_3",
					"pivot": [0.5, 23.5, 0],
					"cubes": [
						{"origin": [0.2, 24, -0.5], "size": [1, 2, 1], "pivot": [1, 23.5, 0], "rotation": [0, 0, -40], "uv": [30, 23]},
						{"origin": [-3.5, 25.4, -4], "size": [8, 0, 8], "pivot": [0.5, 23.5, 0], "rotation": [0, -45, -40], "uv": [36, 37]}
					]
				},
				{
					"name": "green_head",
					"parent": "neck_4",
					"pivot": [0.5, 23.5, 0],
					"cubes": [
						{"origin": [-10.5, 25, -0.5], "size": [10, 3, 10], "pivot": [-1, 26, 0], "rotation": [0, -42.63087, 7.82642], "uv": [30, 24]},
						{"origin": [-10.5, 25, -0.5], "size": [10, 3, 1], "inflate": -0.001, "pivot": [-1, 26, 0], "rotation": [0, -42.63087, 7.82642], "uv": [11, 29]},
						{"origin": [-0.5, 25, -0.5], "size": [0, 3, 10], "inflate": -0.001, "pivot": [-1, 26, 0], "rotation": [0, -42.63087, 7.82642], "uv": [10, 21]},
						{"origin": [-10.5, 25.6, -0.5], "size": [10, 0, 10], "pivot": [-1, 26, 0], "rotation": [0, -42.63087, 7.82642], "uv": [40, 24]},
						{"origin": [-10, 23, 0], "size": [9, 6, 9], "pivot": [-1, 26, 0], "rotation": [0, -42.63087, 7.82642], "uv": [15, 88]},
						{"origin": [-12.5, 24.5, 0], "size": [11, 2, 0], "pivot": [0.5, 23.5, 0], "rotation": [0, 0, 17.5], "uv": [0, 73]}
					]
				},
				{
					"name": "jaw",
					"parent": "green_head",
					"pivot": [-1.5, 27.5, 0],
					"rotation": [0, 0, 7.5],
					"cubes": [
						{"origin": [-10.5, 27, -0.5], "size": [10, 7, 10], "pivot": [-1, 26, 0], "rotation": [0, -42.63087, 7.82642], "uv": [0, 17]},
						{"origin": [-10.5, 27, -0.5], "size": [10, 7, 1], "inflate": -0.001, "pivot": [-1, 26, 0], "rotation": [0, -42.63087, 7.82642], "uv": [9, 26]},
						{"origin": [-2.5, 27, 0.5], "size": [2, 7, 9], "inflate": -0.001, "pivot": [-1, 26, 0], "rotation": [0, -42.63087, 7.82642], "uv": [11, 18]},
						{"origin": [-10.5, 28, -0.5], "size": [10, 3, 10], "inflate": -0.51, "pivot": [-1, 26, 0], "rotation": [0, -42.63087, 7.82642], "uv": [30, 24]},
						{"origin": [-10, 27, 0], "size": [9, 6, 9], "pivot": [-1, 26, 0], "rotation": [0, -42.63087, 7.82642], "uv": [15, 71]}
					]
				},
				{
					"name": "eyegreen",
					"parent": "jaw",
					"pivot": [-12, 31, 0],
					"cubes": [
						{"origin": [-8.6, 28.5, 9.6], "size": [9, 4, 0], "pivot": [-1, 26, 0], "rotation": [11.26815, -41.39286, -8.94246], "uv": [77, 7]},
						{"origin": [-10.6, 28.7, -1.2], "size": [0, 4, 9], "pivot": [-1, 26, 0], "rotation": [-13.7682, -42.63087, 7.82642], "uv": [77, -2]}
					]
				},
				{
					"name": "r_neck",
					"parent": "torso",
					"pivot": [-1, 19.5, 0],
					"rotation": [0, -45, -10],
					"cubes": [
						{"origin": [-1.5, 19.5, -0.5], "size": [1, 2, 1], "uv": [6, 0]}
					]
				},
				{
					"name": "neck_2",
					"parent": "r_neck",
					"pivot": [-1, 19.5, 0],
					"cubes": [
						{"origin": [-1.5, 21, -0.5], "size": [1, 3, 1], "pivot": [-1, 21.5, 0], "rotation": [0, 0, -15], "uv": [0, 0]}
					]
				},
				{
					"name": "neck_5",
					"parent": "neck_2",
					"pivot": [-1.5, 23.5, 0],
					"cubes": [
						{"origin": [-1.8, 24, -0.5], "size": [1, 2, 1], "pivot": [-1, 23.5, 0], "rotation": [0, 0, -40], "uv": [30, 0]},
						{"origin": [-5.5, 25.5, -4], "size": [8, 0, 8], "pivot": [-1.5, 23.5, 0], "rotation": [0, -45, -40], "uv": [20, 37]}
					]
				},
				{
					"name": "red_head",
					"parent": "neck_5",
					"pivot": [-1.5, 23.5, 0],
					"cubes": [
						{"origin": [-12.5, 25, -0.5], "size": [10, 3, 10], "pivot": [-3, 26, 0], "rotation": [0, -42.63087, 7.82642], "uv": [30, 7]},
						{"origin": [-2.5, 25, -0.5], "size": [0, 3, 10], "pivot": [-3, 26, 0], "rotation": [0, -42.63087, 7.82642], "uv": [39, 7]},
						{"origin": [-12.5, 25, -0.5], "size": [10, 3, 0], "pivot": [-3, 26, 0], "rotation": [0, -42.63087, 7.82642], "uv": [49, 17]},
						{"origin": [-12.5, 26, -0.5], "size": [10, 0, 10], "pivot": [-3, 26, 0], "rotation": [0, -42.63087, 7.82642], "uv": [40, 7]},
						{"origin": [-12, 23, 0], "size": [9, 6, 9], "pivot": [-3, 26, 0], "rotation": [0, -42.63087, 7.82642], "uv": [15, 88]},
						{"origin": [-14.5, 24.5, 0], "size": [11, 2, 0], "pivot": [-1.5, 23.5, 0], "rotation": [0, 0, 17.5], "uv": [0, 73]}
					]
				},
				{
					"name": "jaw2",
					"parent": "red_head",
					"pivot": [-3.5, 27.5, 0],
					"rotation": [0, 0, 7.5],
					"cubes": [
						{"origin": [-12.5, 27, -0.5], "size": [10, 7, 10], "pivot": [-3, 26, 0], "rotation": [0, -42.63087, 7.82642], "uv": [0, 0]},
						{"origin": [-12.5, 29, -0.5], "size": [10, 0, 10], "pivot": [-3, 26, 0], "rotation": [0, -42.63087, 7.82642], "uv": [-10, 0]},
						{"origin": [-2.5, 26, -0.5], "size": [0, 3, 10], "pivot": [-3, 26, 0], "rotation": [0, -42.63087, 7.82642], "uv": [-10, 0]},
						{"origin": [-12.5, 26, -0.5], "size": [10, 3, 0], "pivot": [-3, 26, 0], "rotation": [0, -42.63087, 7.82642], "uv": [0, 10]},
						{"origin": [-12, 27, 0], "size": [9, 6, 9], "pivot": [-3, 26, 0], "rotation": [0, -42.63087, 7.82642], "uv": [15, 71]}
					]
				},
				{
					"name": "eyered",
					"parent": "jaw2",
					"pivot": [-15.8, 32, 0.6],
					"cubes": [
						{"origin": [-12.5, 28.9, -1], "size": [0, 4, 9], "pivot": [-3, 26, 0], "rotation": [-10, -42.63087, 7.82642], "uv": [77, -6]},
						{"origin": [-11, 29.1, 9.6], "size": [9, 4, 0], "pivot": [-3, 26, 0], "rotation": [9.96225, -41.66921, -6.97296], "uv": [77, 3]}
					]
				},
				{
					"name": "backfrills",
					"parent": "torso",
					"pivot": [0, 16.5, 0],
					"rotation": [0, 180, 0],
					"cubes": [
						{"origin": [-2, 20, -5], "size": [3, 0, 5], "pivot": [0, 19.5, 0], "rotation": [27.5, 30, 0], "uv": [41, 1]},
						{"origin": [-1, 20, -5], "size": [1, 0, 4], "pivot": [0, 19.5, 0], "rotation": [30, 75, 0], "uv": [0, 5]},
						{"origin": [-1, 20, -5], "size": [3, 0, 5], "pivot": [0, 19.5, 0], "rotation": [27.5, -30, 0], "uv": [30, 0]},
						{"origin": [0, 20, -5], "size": [1, 0, 4], "pivot": [0, 19.5, 0], "rotation": [30, -75, 0], "uv": [0, 0]}
					]
				},
				{
					"name": "frontfrills",
					"parent": "torso",
					"pivot": [0, 16.5, 0],
					"cubes": [
						{"origin": [-2, 20, -5], "size": [3, 0, 5], "pivot": [0, 19.5, 0], "rotation": [27.5, 30, 0], "uv": [59, 40]},
						{"origin": [-1, 20, -5], "size": [3, 0, 5], "pivot": [0, 19.5, 0], "rotation": [27.5, -30, 0], "uv": [52, 0]}
					]
				},
				{
					"name": "tail",
					"parent": "body",
					"pivot": [0, 8, 0],
					"cubes": [
						{"origin": [-2.5, 4, 2], "size": [5, 5, 6], "uv": [22, 45]}
					]
				},
				{
					"name": "tail_1",
					"parent": "tail",
					"pivot": [0, 8, 6],
					"cubes": [
						{"origin": [-1.5, 6, 7], "size": [3, 3, 4], "pivot": [0, 6, 8], "rotation": [15, 0, 0], "uv": [60, 20]},
						{"origin": [-0.5, 9.4, 9], "size": [1, 1, 2], "pivot": [0, 10, 11], "rotation": [45, 0, 0], "uv": [30, 6]}
					]
				},
				{
					"name": "l_leg",
					"parent": "body",
					"pivot": [3.5, 9, 1],
					"cubes": [
						{"origin": [0.5, 6, -2], "size": [8, 4, 4], "pivot": [3.5, 9, 1], "rotation": [60, 45, 45], "uv": [0, 56]}
					]
				},
				{
					"name": "calf",
					"parent": "l_leg",
					"pivot": [5, 6, -2],
					"cubes": [
						{"origin": [3.2, 0, -4.3], "size": [4, 8, 4], "pivot": [5, 6, -2], "rotation": [0, 2.5, 0], "uv": [30, 56]},
						{"origin": [5.8, -0.1, -4.5], "size": [2, 1, 2], "pivot": [5, 6, -2], "rotation": [0, 45, 0], "uv": [0, 22]}
					]
				},
				{
					"name": "r_leg",
					"parent": "body",
					"pivot": [-3.5, 9, 1],
					"cubes": [
						{"origin": [-8.5, 6, -2], "size": [8, 4, 4], "pivot": [-3.5, 9, 1], "rotation": [60, -45, -45], "uv": [0, 56], "mirror": true}
					]
				},
				{
					"name": "calf2",
					"parent": "r_leg",
					"pivot": [-5, 6, -2],
					"cubes": [
						{"origin": [-7.8, -0.1, -4.5], "size": [2, 1, 2], "pivot": [-5, 6, -2], "rotation": [0, -45, 0], "uv": [0, 22], "mirror": true},
						{"origin": [-7.2, 0, -4.3], "size": [4, 8, 4], "pivot": [-5, 6, -2], "rotation": [0, -2.5, 0], "uv": [30, 56], "mirror": true}
					]
				}
			]
		}
	]
}