{
    "head": "head",
    "portraitScale": 1.25,
    "faint": "bedrock(eternatus, faint)",
    "cry": "bedrock(eternatus, cry)",
    "portraitTranslation": [
        0,
        0.5,
        0
    ],
    "profileScale": 0.8,
    "profileTranslation": [
        0,
        0.4,
        0
    ],
    "poses": {
        "standing": {
            "poseName": "standing",
            "transformTicks": 10,
            "poseTypes": [
                "STAND",
                "NONE",
                "PORTRAIT",
                "PROFILE",
				"HOVER"
            ],
            "animations": [
                "look",
                "bedrock(eternatus, ground_idle)"
            ]
        },
        "walking": {
            "poseName": "walking",
            "transformTicks": 10,
            "poseTypes": [
                "WALK",
				"FLY"
            ],
            "animations": [
                "look",
                "bedrock(eternatus, ground_walk)"
            ]
        },
        "battle-idle": {
            "poseName": "battle-idle",
            "transformTicks": 10,
            "isBattle": true,
            "poseTypes": [
                "STAND"
            ],
            "animations": [
                "look",
                "bedrock(eternatus, battle_idle)"
            ]
        }
    }
}