{
	"format_version": "1.12.0",
	"minecraft:geometry": [
		{
			"description": {
				"identifier": "geometry.roserade",
				"texture_width": 128,
				"texture_height": 128,
				"visible_bounds_width": 3,
				"visible_bounds_height": 3.5,
				"visible_bounds_offset": [0, 1.25, 0]
			},
			"bones": [
				{
					"name": "roserade",
					"pivot": [0, 0, 0]
				},
				{
					"name": "torso",
					"parent": "roserade",
					"pivot": [0, 8, -0.5],
					"cubes": [
						{"origin": [-3, 6, -3.5], "size": [6, 4, 6], "uv": [0, 13]}
					]
				},
				{
					"name": "torso2",
					"parent": "torso",
					"pivot": [0, 10, -0.5],
					"cubes": [
						{"origin": [-2.5, 9, -3], "size": [5, 5, 5], "uv": [0, 23]}
					]
				},
				{
					"name": "torso3",
					"parent": "torso2",
					"pivot": [0, 14, -0.5],
					"cubes": [
						{"origin": [-1.5, 13, -2], "size": [3, 4, 3], "uv": [0, 45]},
						{"origin": [-1.5, 17, -2], "size": [3, 1, 3], "pivot": [0, 18, -0.5], "rotation": [0, -45, 0], "uv": [53, 27]}
					]
				},
				{
					"name": "neck",
					"parent": "torso3",
					"pivot": [0, 17, -0.5],
					"cubes": [
						{"origin": [-1, 17, -1.5], "size": [2, 2, 2], "uv": [56, 31]}
					]
				},
				{
					"name": "head",
					"parent": "neck",
					"pivot": [0, 18.5, -0.5],
					"cubes": [
						{"origin": [-4, 18.5, -3.4], "size": [8, 2, 7], "inflate": 0.01, "uv": [65, 57]},
						{"origin": [4.01, 18.5, -3.4], "size": [0, 4, 7], "pivot": [4, 18.5, -0.5], "rotation": [0, 0, 45], "uv": [75, 15]},
						{"origin": [-4.01, 18.5, -3.4], "size": [0, 4, 7], "pivot": [-4, 18.5, -0.5], "rotation": [0, 0, -45], "uv": [75, 15], "mirror": true},
						{"origin": [-4, 18.5, 3.51], "size": [8, 4, 0], "pivot": [0, 18.5, 3.5], "rotation": [-57.5, 0, 0], "uv": [68, 16]},
						{"origin": [-3, 18.6, -3.8], "size": [6, 3, 3], "uv": [109, 122]}
					]
				},
				{
					"name": "mouth",
					"parent": "head",
					"pivot": [0, 0, 0.3],
					"cubes": [
						{"origin": [-1, 19, -3.81], "size": [2, 1, 0], "uv": [0, 18]},
						{"origin": [-2, 19.2, -3.81], "size": [1, 1, 0], "uv": [0, 6]},
						{"origin": [1, 19.2, -3.81], "size": [1, 1, 0], "uv": [0, 5]}
					]
				},
				{
					"name": "mask_left",
					"parent": "head",
					"pivot": [0, 23, -4.7],
					"rotation": [0, -17.5, 0],
					"cubes": [
						{"origin": [-0.1, 21, -4.8], "size": [7, 5, 0], "uv": [0, 61]}
					]
				},
				{
					"name": "eye_left",
					"parent": "mask_left",
					"pivot": [3.7, 23.5, -4.7],
					"rotation": [0, 0, -15],
					"cubes": [
						{"origin": [1.7, 22.2, -4.81], "size": [4, 3, 0], "uv": [32, 45]},
						{"origin": [2.1, 22.7, -4.82], "size": [2, 2, 0], "uv": [0, 25]},
						{"origin": [2.6, 23.2, -4.83], "size": [1, 1, 0], "uv": [4, 1]},
						{"origin": [2, 23.6, -4.85], "size": [1, 1, 0], "uv": [4, 0]}
					]
				},
				{
					"name": "eye_lid_left",
					"parent": "eye_left",
					"pivot": [0.7, 23.5, -4.7],
					"cubes": [
						{"origin": [1.7, 24.4, -4.86], "size": [4, 1, 0], "uv": [45, 4]}
					]
				},
				{
					"name": "mask_right",
					"parent": "head",
					"pivot": [0, 23, -4.7],
					"rotation": [0, 17.5, 0],
					"cubes": [
						{"origin": [-6.9, 21, -4.8], "size": [7, 5, 0], "uv": [21, 64]}
					]
				},
				{
					"name": "eye_right",
					"parent": "mask_right",
					"pivot": [-3.7, 23.5, -4.7],
					"rotation": [0, 0, 15],
					"cubes": [
						{"origin": [-5.7, 22.2, -4.81], "size": [4, 3, 0], "uv": [9, 45]},
						{"origin": [-4.1, 22.7, -4.82], "size": [2, 2, 0], "uv": [0, 23]},
						{"origin": [-3.6, 23.2, -4.83], "size": [1, 1, 0], "uv": [0, 1]},
						{"origin": [-4, 23.6, -4.85], "size": [1, 1, 0], "uv": [0, 0]}
					]
				},
				{
					"name": "eye_lid_right",
					"parent": "eye_right",
					"pivot": [-0.7, 23.5, -4.7],
					"cubes": [
						{"origin": [-5.7, 24.4, -4.86], "size": [4, 1, 0], "uv": [34, 18]}
					]
				},
				{
					"name": "hair",
					"parent": "head",
					"pivot": [0, 19.5, -0.5],
					"cubes": [
						{"origin": [-4, 19.3, -3.5], "size": [8, 7, 7], "uv": [28, 106]},
						{"origin": [-5, 19.8, -1.5], "size": [10, 8, 7], "uv": [0, 113]}
					]
				},
				{
					"name": "hair_front",
					"parent": "hair",
					"pivot": [0, 25.5, -1.7],
					"cubes": [
						{"origin": [-5, 25.5, -3.7], "size": [10, 4, 4], "inflate": 0.1, "uv": [23, 73]}
					]
				},
				{
					"name": "hair_front2",
					"parent": "hair_front",
					"pivot": [0, 29.5, -1.7],
					"cubes": [
						{"origin": [-4, 28.5, -3], "size": [8, 4, 3], "uv": [0, 83]}
					]
				},
				{
					"name": "hair_front3",
					"parent": "hair_front2",
					"pivot": [0, 32.5, -1.6],
					"cubes": [
						{"origin": [-3.6, 31.5, -2.5], "size": [7, 4, 2], "uv": [23, 84]}
					]
				},
				{
					"name": "hair_front4",
					"parent": "hair_front3",
					"pivot": [0, 35.5, -1.5],
					"cubes": [
						{"origin": [-4.8, 33.5, -1.4], "size": [5, 5, 0], "uv": [68, 39]},
						{"origin": [-0.6, 33.5, -1.3], "size": [3, 5, 0], "uv": [81, 39]},
						{"origin": [0.9, 32.3, -1.8], "size": [3, 5, 0], "uv": [81, 39]}
					]
				},
				{
					"name": "hair_front5",
					"parent": "hair",
					"pivot": [0, 25.5, 1.3],
					"cubes": [
						{"origin": [-5, 24.5, -0.7], "size": [10, 5, 7], "inflate": 0.1, "uv": [93, 36]}
					]
				},
				{
					"name": "hair_front6",
					"parent": "hair_front5",
					"pivot": [0, 29.5, 1.3],
					"cubes": [
						{"origin": [-4, 27.5, 0], "size": [8, 4, 6], "uv": [97, 26]}
					]
				},
				{
					"name": "hair_front7",
					"parent": "hair_front6",
					"pivot": [0, 32.5, 1.6],
					"cubes": [
						{"origin": [-3.6, 31.5, 0.7], "size": [7, 2, 5], "uv": [96, 18]}
					]
				},
				{
					"name": "hair_left",
					"parent": "hair",
					"pivot": [4, 25.5, 1.7],
					"cubes": [
						{"origin": [2, 23.5, -1.3], "size": [4, 5, 6], "uv": [2, 71]}
					]
				},
				{
					"name": "hair_left2",
					"parent": "hair_left",
					"pivot": [4.4, 28.4, 1.7],
					"cubes": [
						{"origin": [3.4, 27.5, -1], "size": [2, 3, 5], "uv": [35, 64]}
					]
				},
				{
					"name": "hair_left4",
					"parent": "hair_left2",
					"pivot": [4.4, 30.5, 1.7],
					"cubes": [
						{"origin": [3.8, 29.5, 0], "size": [1, 3, 3], "uv": [44, 62]}
					]
				},
				{
					"name": "hair_left3",
					"parent": "hair_left",
					"pivot": [5.5, 28.5, 3.7],
					"cubes": [
						{"origin": [4.8, 27.5, 2.6], "size": [1, 2, 2], "uv": [18, 71]}
					]
				},
				{
					"name": "hair_left5",
					"parent": "hair_left3",
					"pivot": [5.5, 29.5, 3.6],
					"cubes": [
						{"origin": [5.5, 28.8, 3.1], "size": [0, 2, 1], "uv": [2, 73]}
					]
				},
				{
					"name": "hair_right",
					"parent": "hair",
					"pivot": [-4, 25.5, 1.7],
					"cubes": [
						{"origin": [-6, 23.5, -1.3], "size": [4, 5, 6], "uv": [0, 91], "mirror": true}
					]
				},
				{
					"name": "hair_right2",
					"parent": "hair_right",
					"pivot": [-4.4, 28.4, 1.7],
					"cubes": [
						{"origin": [-5.4, 27.5, -1], "size": [2, 3, 5], "uv": [21, 94], "mirror": true}
					]
				},
				{
					"name": "hair_right4",
					"parent": "hair_right2",
					"pivot": [-4.4, 30.5, 1.7],
					"cubes": [
						{"origin": [-4.8, 29.5, 0], "size": [1, 3, 3], "uv": [31, 92], "mirror": true}
					]
				},
				{
					"name": "hair_right3",
					"parent": "hair_right",
					"pivot": [-5.5, 28.5, 3.7],
					"cubes": [
						{"origin": [-5.8, 27.5, 2.6], "size": [1, 2, 2], "uv": [43, 85], "mirror": true}
					]
				},
				{
					"name": "hair_right5",
					"parent": "hair_right3",
					"pivot": [-5.5, 29.5, 3.6],
					"cubes": [
						{"origin": [-5.5, 28.8, 3.1], "size": [0, 2, 1], "uv": [41, 93], "mirror": true}
					]
				},
				{
					"name": "leaf_cape_middle",
					"parent": "torso3",
					"pivot": [0, 17.5, 0],
					"cubes": [
						{"origin": [-1, 17.5, 0], "size": [2, 0, 2], "uv": [48, 49]}
					]
				},
				{
					"name": "leaf_cape_middle2",
					"parent": "leaf_cape_middle",
					"pivot": [0, 17.5, 2],
					"cubes": [
						{"origin": [-1.5, 17.5, 2], "size": [3, 0, 5], "uv": [35, 30]}
					]
				},
				{
					"name": "leaf_cape_middle3",
					"parent": "leaf_cape_middle2",
					"pivot": [0, 17.5, 7],
					"cubes": [
						{"origin": [-2, 17.5, 7], "size": [4, 0, 6], "uv": [22, 7]}
					]
				},
				{
					"name": "leaf_cape_middle_middle",
					"parent": "leaf_cape_middle3",
					"pivot": [0, 17.5, 13],
					"cubes": [
						{"origin": [-1.5, 17.5, 13], "size": [3, 0, 2], "uv": [20, 44]}
					]
				},
				{
					"name": "leaf_cape_middle_left2",
					"parent": "leaf_cape_middle3",
					"pivot": [2, 17.5, 11.5],
					"cubes": [
						{"origin": [2, 17.5, 10.5], "size": [2, 0, 2], "uv": [44, 38]}
					]
				},
				{
					"name": "leaf_cape_middle_right2",
					"parent": "leaf_cape_middle3",
					"pivot": [-2, 17.5, 11.5],
					"cubes": [
						{"origin": [-4, 17.5, 10.5], "size": [2, 0, 2], "uv": [34, 28]}
					]
				},
				{
					"name": "leaf_cape_left",
					"parent": "torso3",
					"pivot": [0, 17.4, 0],
					"rotation": [0, 40, 0],
					"cubes": [
						{"origin": [-1, 17.4, 0], "size": [2, 0, 2], "uv": [48, 49]}
					]
				},
				{
					"name": "leaf_cape_left2",
					"parent": "leaf_cape_left",
					"pivot": [0, 17.4, 2],
					"cubes": [
						{"origin": [-1.5, 17.4, 2], "size": [3, 0, 5], "uv": [35, 30]}
					]
				},
				{
					"name": "leaf_cape_left3",
					"parent": "leaf_cape_left2",
					"pivot": [0, 17.4, 7],
					"cubes": [
						{"origin": [-2, 17.4, 7], "size": [4, 0, 6], "uv": [22, 7]}
					]
				},
				{
					"name": "leaf_cape_left_middle2",
					"parent": "leaf_cape_left3",
					"pivot": [0, 17.4, 13],
					"cubes": [
						{"origin": [-1.5, 17.4, 13], "size": [3, 0, 2], "uv": [20, 44]}
					]
				},
				{
					"name": "leaf_cape_left_left3",
					"parent": "leaf_cape_left3",
					"pivot": [2, 17.4, 11.5],
					"cubes": [
						{"origin": [2, 17.4, 10.5], "size": [2, 0, 2], "uv": [44, 38]}
					]
				},
				{
					"name": "leaf_cape_left_right3",
					"parent": "leaf_cape_left3",
					"pivot": [-2, 17.4, 11.5],
					"cubes": [
						{"origin": [-4, 17.4, 10.5], "size": [2, 0, 2], "uv": [34, 28]}
					]
				},
				{
					"name": "leaf_cape_right",
					"parent": "torso3",
					"pivot": [0, 17.4, 0],
					"rotation": [0, -40, 0],
					"cubes": [
						{"origin": [-1, 17.4, 0], "size": [2, 0, 2], "uv": [48, 49], "mirror": true}
					]
				},
				{
					"name": "leaf_cape_right2",
					"parent": "leaf_cape_right",
					"pivot": [0, 17.4, 2],
					"cubes": [
						{"origin": [-1.5, 17.4, 2], "size": [3, 0, 5], "uv": [35, 30], "mirror": true}
					]
				},
				{
					"name": "leaf_cape_right3",
					"parent": "leaf_cape_right2",
					"pivot": [0, 17.4, 7],
					"cubes": [
						{"origin": [-2, 17.4, 7], "size": [4, 0, 6], "uv": [22, 7], "mirror": true}
					]
				},
				{
					"name": "leaf_cape_right_middle2",
					"parent": "leaf_cape_right3",
					"pivot": [0, 17.4, 13],
					"cubes": [
						{"origin": [-1.5, 17.4, 13], "size": [3, 0, 2], "uv": [20, 44], "mirror": true}
					]
				},
				{
					"name": "leaf_cape_right_left3",
					"parent": "leaf_cape_right3",
					"pivot": [-2, 17.4, 11.5],
					"cubes": [
						{"origin": [-4, 17.4, 10.5], "size": [2, 0, 2], "uv": [44, 38], "mirror": true}
					]
				},
				{
					"name": "leaf_cape_left_right2",
					"parent": "leaf_cape_right3",
					"pivot": [2, 17.4, 11.5],
					"cubes": [
						{"origin": [2, 17.4, 10.5], "size": [2, 0, 2], "uv": [34, 28], "mirror": true}
					]
				},
				{
					"name": "arm_left",
					"parent": "torso3",
					"pivot": [1.5, 16.5, -0.5],
					"cubes": [
						{"origin": [1, 16, -1], "size": [3, 1, 1], "uv": [46, 36]}
					]
				},
				{
					"name": "arm_left2",
					"parent": "arm_left",
					"pivot": [3, 16.5, -0.5],
					"cubes": [
						{"origin": [3, 15.5, -1.5], "size": [3, 2, 2], "uv": [55, 14]}
					]
				},
				{
					"name": "arm_left3",
					"parent": "arm_left2",
					"pivot": [5, 16.5, -0.5],
					"cubes": [
						{"origin": [5, 15, -2], "size": [6, 3, 3], "uv": [40, 16]}
					]
				},
				{
					"name": "flower_left",
					"parent": "arm_left3",
					"pivot": [10, 16.5, -0.5],
					"cubes": [
						{"origin": [10, 15, -2], "size": [2, 3, 3], "inflate": 0.25, "uv": [45, 42]},
						{"origin": [11, 16.5, -3.5], "size": [2, 3, 3], "uv": [50, 52]},
						{"origin": [11, 13.5, -2], "size": [2, 3, 3], "uv": [50, 52]},
						{"origin": [11, 16.5, -0.5], "size": [2, 3, 3], "uv": [50, 52]}
					]
				},
				{
					"name": "arm_right",
					"parent": "torso3",
					"pivot": [-1.5, 16.5, -0.5],
					"cubes": [
						{"origin": [-4, 16, -1], "size": [3, 1, 1], "uv": [22, 46]}
					]
				},
				{
					"name": "arm_right2",
					"parent": "arm_right",
					"pivot": [-3, 16.5, -0.5],
					"cubes": [
						{"origin": [-6, 15.5, -1.5], "size": [3, 2, 2], "uv": [54, 47]}
					]
				},
				{
					"name": "arm_right3",
					"parent": "arm_right2",
					"pivot": [-5, 16.5, -0.5],
					"cubes": [
						{"origin": [-11, 15, -2], "size": [6, 3, 3], "uv": [0, 39]}
					]
				},
				{
					"name": "flower_right",
					"parent": "arm_right3",
					"pivot": [-10, 16.5, -0.5],
					"cubes": [
						{"origin": [-12, 15, -2], "size": [2, 3, 3], "inflate": 0.25, "uv": [15, 45]},
						{"origin": [-13, 16.5, -3.5], "size": [2, 3, 3], "uv": [10, 52]},
						{"origin": [-13, 13.5, -2], "size": [2, 3, 3], "uv": [10, 52]},
						{"origin": [-13, 16.5, -0.5], "size": [2, 3, 3], "uv": [10, 52]}
					]
				},
				{
					"name": "leg_left",
					"parent": "torso",
					"pivot": [2.2, 7, -0.3],
					"cubes": [
						{"origin": [0.2, 4, -2.5], "size": [3, 4, 4], "uv": [40, 22]}
					]
				},
				{
					"name": "leg_left2",
					"parent": "leg_left",
					"pivot": [1.7, 4, 0],
					"cubes": [
						{"origin": [0.7, 2, -1.7], "size": [2, 3, 3], "uv": [43, 49]}
					]
				},
				{
					"name": "leg_left3",
					"parent": "leg_left2",
					"pivot": [1.7, 2, 0.2],
					"cubes": [
						{"origin": [1.2, 0, -0.8], "size": [1, 3, 2], "uv": [0, 13]}
					]
				},
				{
					"name": "leg_right",
					"parent": "torso",
					"pivot": [-2.2, 7, -0.3],
					"cubes": [
						{"origin": [-3.2, 4, -2.5], "size": [3, 4, 4], "uv": [18, 36]}
					]
				},
				{
					"name": "leg_right2",
					"parent": "leg_right",
					"pivot": [-1.7, 4, 0],
					"cubes": [
						{"origin": [-2.7, 2, -1.7], "size": [2, 3, 3], "uv": [46, 30]}
					]
				},
				{
					"name": "leg_right3",
					"parent": "leg_right2",
					"pivot": [-1.7, 2, 0.2],
					"cubes": [
						{"origin": [-2.2, 0, -0.8], "size": [1, 3, 2], "uv": [0, 0]}
					]
				}
			]
		}
	]
}