{
  "implemented": true,
  "name": "megamawile",
  "nationalPokedexNumber": 0303,
  "primaryType": "steel",
  "secondaryType": "fairy",
  "abilities": [
    "hugepower",
    "h:hugepower"
  ],
  "baseStats": {
    "hp": 50,
    "attack": 105,
    "defence": 125,
    "special_attack": 55,
    "special_defence": 95,
    "speed": 50
  },
  "behaviour": {
    "resting": {
      "canSleep": true,
      "depth": "normal",
      "light": "0-4",
      "willSleepOnBed": false
    },
    "moving": {
      "canLook": true,
      "walk": {
        "canWalk": true,
        "avoidsLand": false
      },
      "swim": {
        "swimSpeed": 0.3,
        "canSwimInWater": true,
        "canBreatheUnderwater": false
      },
      "fly": {
        "canFly": false,
        "flySpeedHorizontal": 0.3
      },
      "wanderChance": 1
    }
  },
  "catchRate": 1,
  "maleRatio": 0.5,
  "shoulderMountable": false,
  "baseExperienceYield": 133,
  "eggCycles": 20,
  "eggGroups": [
    "undiscovered"
  ],
  "drops": {
    "amount": 1,
    "entries": []
  },
  "moves": [],
  "labels": [
    "custom",
    "mega"
  ],
  "baseScale": 1,
  "hitbox": {
    "width": 1,
    "height": 1,
    "fixed": false
  },
  "baseFriendship": 50,
  "evYield": {
    "hp": 0,
    "attack": 1,
    "defence": 1,
    "special_attack": 0,
    "special_defence": 0,
    "speed": 0
  },
  "height": 1,
  "weight": 1,
  "evolutions": [
    {
      "id": "megamawile-mawile-item_interact",
      "variant": "item_interact",
      "result": "mawile",
      "consumeHeldItem": true,
      "learnableMoves": [],
      "requirements": [],
      "requiredContext": "lackingmegas:key_stone"
    },
    {
      "id": "megamawile-mawile-item_interact",
      "variant": "item_interact",
      "result": "mawile",
      "consumeHeldItem": false,
      "learnableMoves": [],
      "requirements": [],
      "requiredContext": "lackingmegas:mega_ring"
    }
  ]
}