{
	"format_version": "1.8.0",
	"animations": {
		"animation.flygon.render": {
			"loop": true,
			"bones": {
				"torso": {
					"rotation": [17.5, 0, 0]
				},
				"torso2": {
					"rotation": [-2.5, 0, 0]
				},
				"torso3": {
					"rotation": [-17.5, 0, 0]
				},
				"torso4": {
					"rotation": [-2.5, 0, 0]
				},
				"head": {
					"rotation": [7.5, 0, 0]
				},
				"leg_left": {
					"rotation": [15, 0, 0]
				},
				"leg_left2": {
					"rotation": [-42.5, 0, 0]
				},
				"leg_left3": {
					"rotation": [-15, 0, 0]
				},
				"leg_right": {
					"rotation": [15, 0, 0]
				},
				"leg_right2": {
					"rotation": [-42.5, 0, 0]
				},
				"leg_right3": {
					"rotation": [-15, 0, 0]
				},
				"tail": {
					"rotation": [42.5, 0, 0]
				},
				"tail2": {
					"rotation": [-22.5, 0, 0]
				},
				"tail3": {
					"rotation": [-42.5, 0, 0]
				},
				"tail4": {
					"rotation": [-50, 0, 0]
				},
				"tail5": {
					"rotation": [-30, 0, 0]
				},
				"tail6": {
					"rotation": [-27.5, 0, 0]
				},
				"arm_left": {
					"rotation": [0, 25, 32.5]
				},
				"arm_left2": {
					"rotation": [0, 75, 0]
				},
				"hand_left": {
					"rotation": [0, 0, -40]
				},
				"finger_left_left": {
					"rotation": [35, 0, 0]
				},
				"finger_left_left2": {
					"rotation": [55, 0, 0]
				},
				"finger_left_middle": {
					"rotation": [0, 0, 17.5]
				},
				"finger_left_middle2": {
					"rotation": [0, 0, 42.5]
				},
				"finger_left_right": {
					"rotation": [0, 0, 52.5]
				},
				"finger_left_right2": {
					"rotation": [0, 0, 45]
				},
				"arm_right": {
					"rotation": [0, -25, -32.5]
				},
				"arm_right2": {
					"rotation": [0, -75, 0]
				},
				"hand_right": {
					"rotation": [0, 0, 40]
				},
				"finger_right_left": {
					"rotation": [35, 0, 0]
				},
				"finger_right_left2": {
					"rotation": [55, 0, 0]
				},
				"finger_right_middle": {
					"rotation": [0, 0, -15]
				},
				"finger_right_middle2": {
					"rotation": [0, 0, -42.5]
				},
				"finger_right_right3": {
					"rotation": [0, 0, -52.5]
				},
				"finger_right_right4": {
					"rotation": [0, 0, -45]
				},
				"wing_right": {
					"rotation": [17.5, -42.5, 0]
				},
				"wing_right2": {
					"rotation": [0, -27.5, 0]
				},
				"wing_left": {
					"rotation": [17.5, 42.5, 0]
				},
				"wing_left2": {
					"rotation": [0, 27.5, 0]
				},
				"body": {
					"position": [0, 16, 0]
				}
			}
		},
		"animation.flygon.ground_idle": {
			"loop": true,
			"bones": {
				"torso": {
					"rotation": ["17.5-5*math.sin(q.anim_time*90*2+35)", 0, 0]
				},
				"torso2": {
					"rotation": ["-5-4*math.sin(q.anim_time*90*1+15)", 0, 0]
				},
				"torso3": {
					"rotation": ["-7.5+4*math.sin(q.anim_time*90*1+5)", 0, 0]
				},
				"torso4": {
					"rotation": ["-5+4*math.sin(q.anim_time*90*1+5)", 0, 0]
				},
				"head": {
					"rotation": [7.5, 0, 0]
				},
				"tail": {
					"rotation": ["45+3*math.sin(q.anim_time*90*2-45)", 0, 0]
				},
				"tail2": {
					"rotation": ["22.5+3*math.sin(q.anim_time*90*2-90)", 0, 0]
				},
				"tail3": {
					"rotation": ["12.5+3*math.sin(q.anim_time*90*2-90-45)", 0, 0]
				},
				"tail4": {
					"rotation": ["10+3*math.sin(q.anim_time*90*2-90-90)", 0, 0]
				},
				"tail5": {
					"rotation": ["15+2*math.sin(q.anim_time*90*2-90-90-45)", 0, 0]
				},
				"tail6": {
					"rotation": ["15+4*math.sin(q.anim_time*90*2-90-90-90)", 0, 0]
				},
				"leg_left": {
					"rotation": [25, 0, 0]
				},
				"leg_left2": {
					"rotation": [-32.5, 0, 0]
				},
				"leg_left3": {
					"rotation": [-77.5, 0, 0]
				},
				"leg_right": {
					"rotation": [25, 0, 0]
				},
				"leg_right2": {
					"rotation": [-32.5, 0, 0]
				},
				"leg_right3": {
					"rotation": [-77.5, 0, 0]
				},
				"wing_right": {
					"rotation": [17.5, "-25-4*math.sin(q.anim_time*90*2+90)", 0]
				},
				"wing_right2": {
					"rotation": [0, "-12.5-4*math.sin(q.anim_time*90*2+90)", 0]
				},
				"wing_left": {
					"rotation": [15, "25+4*math.sin(q.anim_time*90*2+90)", 0]
				},
				"wing_left2": {
					"rotation": [0, "12.5+4*math.sin(q.anim_time*90*2+90)", 0]
				},
				"arm_left": {
					"rotation": [0, "32.5+4*math.sin(q.anim_time*90*2+90)", 35]
				},
				"arm_left2": {
					"rotation": [0, "45+4*math.sin(q.anim_time*90*2+90)", 32.5]
				},
				"hand_left": {
					"rotation": [0, 0, 12.5]
				},
				"finger_left_left": {
					"rotation": [17.5, 0, 0]
				},
				"finger_left_left2": {
					"rotation": [42.5, 0, 0]
				},
				"finger_left_middle": {
					"rotation": [0, 0, 10]
				},
				"finger_left_middle2": {
					"rotation": [0, 0, 65]
				},
				"finger_left_right": {
					"rotation": [0, 0, 5]
				},
				"finger_left_right2": {
					"rotation": [0, 0, 47.5]
				},
				"arm_right": {
					"rotation": [0, "-32.5-4*math.sin(q.anim_time*90*2+90)", -35]
				},
				"arm_right2": {
					"rotation": [0, "-45-4*math.sin(q.anim_time*90*2+90)", -32.5]
				},
				"hand_right": {
					"rotation": [0, 0, -12.5]
				},
				"finger_right_left": {
					"rotation": [17.5, 0, 0]
				},
				"finger_right_left2": {
					"rotation": [42.5, 0, 0]
				},
				"finger_right_middle": {
					"rotation": [0, 0, -10]
				},
				"finger_right_middle2": {
					"rotation": [0, 0, -65]
				},
				"finger_right_right3": {
					"rotation": [0, 0, -5]
				},
				"finger_right_right4": {
					"rotation": [0, 0, -47.5]
				}
			}
		},
		"animation.flygon.ground_walk": {
			"loop": true,
			"animation_length": 2,
			"bones": {
				"torso": {
					"rotation": ["12.5+3*math.sin(q.anim_time*90*2+45)", 0, 0]
				},
				"torso2": {
					"rotation": ["-10+3*math.sin(q.anim_time*90*2-90)", 0, 0]
				},
				"torso3": {
					"rotation": ["-10+3*math.sin(q.anim_time*90*2-90+45)", 0, 0]
				},
				"torso4": {
					"rotation": ["-2.5+3*math.sin(q.anim_time*90*2-90+90)", 0, 0]
				},
				"head": {
					"rotation": [15, 0, 0]
				},
				"tail": {
					"rotation": [50, 0, "0+16*math.sin(q.anim_time*90*2-45)"]
				},
				"tail2": {
					"rotation": [32.5, 0, "0+15*math.sin(q.anim_time*90*2-90)"]
				},
				"tail3": {
					"rotation": [15, 0, "0+14*math.sin(q.anim_time*90*2-90-45)"]
				},
				"tail4": {
					"rotation": [17.5, 0, "0+13*math.sin(q.anim_time*90*2-90-90)"]
				},
				"tail5": {
					"rotation": [12.5, 0, "0+12*math.sin(q.anim_time*90*2-90-90-45)"]
				},
				"tail6": {
					"rotation": [15, 0, "0+11*math.sin(q.anim_time*90*2-90-90-90)"]
				},
				"wing_right": {
					"rotation": ["17.5+10*math.sin(q.anim_time*90*2-45)", "-25-15*math.sin(q.anim_time*90*2+90)", 0]
				},
				"wing_right2": {
					"rotation": [0, "-12.5-6*math.sin(q.anim_time*90*2+90)", 0]
				},
				"wing_left": {
					"rotation": ["17.5+10*math.sin(q.anim_time*90*2-45)", "25+15*math.sin(q.anim_time*90*2+90)", 0]
				},
				"wing_left2": {
					"rotation": [0, "12.5+6*math.sin(q.anim_time*90*2+90)", 0]
				},
				"arm_left": {
					"rotation": [5, "25+5*math.sin(q.anim_time*90*2+90)", 35]
				},
				"arm_left2": {
					"rotation": [0, "42.5+6*math.sin(q.anim_time*90*2+45)", 0]
				},
				"hand_left": {
					"rotation": [0, "20+7*math.sin(q.anim_time*90*2+0)", 2.5]
				},
				"finger_left_left": {
					"rotation": [19.02909, -48.4076, -14.46375]
				},
				"finger_left_left2": {
					"rotation": [30, 0, 0]
				},
				"finger_left_middle": {
					"rotation": [0, 0, 10]
				},
				"finger_left_middle2": {
					"rotation": [0, 0, 27.5]
				},
				"finger_left_right": {
					"rotation": [0, 0, 5]
				},
				"finger_left_right2": {
					"rotation": [0, 0, 25]
				},
				"arm_right": {
					"rotation": [-5, "-25-5*math.sin(q.anim_time*90*2+90)", -35]
				},
				"arm_right2": {
					"rotation": [0, "-42.5-7*math.sin(q.anim_time*90*2+45)", 0]
				},
				"hand_right": {
					"rotation": [0, "-20-7*math.sin(q.anim_time*90*2+0)", -2.5]
				},
				"finger_right_left": {
					"rotation": [19.02909, 48.4076, 14.46375]
				},
				"finger_right_left2": {
					"rotation": [35, 0, 0]
				},
				"finger_right_middle": {
					"rotation": [0, 0, -10]
				},
				"finger_right_middle2": {
					"rotation": [0, 0, -27.5]
				},
				"finger_right_right3": {
					"rotation": [0, 0, -5]
				},
				"finger_right_right4": {
					"rotation": [0, 0, -25]
				},
				"leg_left": {
					"rotation": {
						"0.0": {
							"post": [-30, 0, 0],
							"lerp_mode": "catmullrom"
						},
						"0.9167": {
							"post": [30, 0, 0],
							"lerp_mode": "catmullrom"
						},
						"2.0": {
							"post": [-30, 0, 0],
							"lerp_mode": "catmullrom"
						}
					},
					"position": {
						"0.0": {
							"post": [0.6, 1.1, 0],
							"lerp_mode": "catmullrom"
						},
						"0.9167": {
							"post": [0, 0, 0],
							"lerp_mode": "catmullrom"
						},
						"2.0": {
							"post": [0.6, 1.1, 0],
							"lerp_mode": "catmullrom"
						}
					}
				},
				"leg_left2": {
					"rotation": {
						"0.0": {
							"post": [25, 0, 0],
							"lerp_mode": "catmullrom"
						},
						"1.0": {
							"post": [-1, 0, 0],
							"lerp_mode": "catmullrom"
						},
						"2.0": {
							"post": [25, 0, 0],
							"lerp_mode": "catmullrom"
						}
					},
					"position": {
						"0.0": {
							"post": [0, 1, 0],
							"lerp_mode": "catmullrom"
						},
						"1.0": {
							"post": [0, 0, 0],
							"lerp_mode": "catmullrom"
						},
						"2.0": {
							"post": [0, 1, 0],
							"lerp_mode": "catmullrom"
						}
					}
				},
				"leg_left3": {
					"rotation": {
						"0.0": {
							"post": [-50, 0, 0],
							"lerp_mode": "catmullrom"
						},
						"0.4167": {
							"post": [-80.42, 0, 0],
							"lerp_mode": "catmullrom"
						},
						"1.0": {
							"post": [-25, 0, 0],
							"lerp_mode": "catmullrom"
						},
						"1.5": {
							"post": [-84.55, 0, 0],
							"lerp_mode": "catmullrom"
						},
						"2.0": {
							"post": [-50, 0, 0],
							"lerp_mode": "catmullrom"
						}
					}
				},
				"leg_right": {
					"rotation": {
						"0.0": {
							"post": [30, 0, 0],
							"lerp_mode": "catmullrom"
						},
						"0.9167": {
							"post": [-30, 0, 0],
							"lerp_mode": "catmullrom"
						},
						"2.0": {
							"post": [30, 0, 0],
							"lerp_mode": "catmullrom"
						}
					},
					"position": {
						"0.0": {
							"post": [0, 0, 0],
							"lerp_mode": "catmullrom"
						},
						"0.9167": {
							"post": [-0.8, 1.2, 0],
							"lerp_mode": "catmullrom"
						},
						"2.0": {
							"post": [0, 0, 0],
							"lerp_mode": "catmullrom"
						}
					}
				},
				"leg_right2": {
					"rotation": {
						"0.0": {
							"post": [20, 0, 0],
							"lerp_mode": "catmullrom"
						},
						"1.0": {
							"post": [18, 0, 0],
							"lerp_mode": "catmullrom"
						},
						"2.0": {
							"post": [20, 0, 0],
							"lerp_mode": "catmullrom"
						}
					},
					"position": {
						"0.0": {
							"post": [0, 0, 0],
							"lerp_mode": "catmullrom"
						},
						"1.0": {
							"post": [0, 1, 0],
							"lerp_mode": "catmullrom"
						},
						"2.0": {
							"post": [0, 0, 0],
							"lerp_mode": "catmullrom"
						}
					}
				},
				"leg_right3": {
					"rotation": {
						"0.0": {
							"post": [-25, 0, 0],
							"lerp_mode": "catmullrom"
						},
						"0.4167": {
							"post": [-84.58, 0, 0],
							"lerp_mode": "catmullrom"
						},
						"1.0": {
							"post": [-55, 0, 0],
							"lerp_mode": "catmullrom"
						},
						"1.5": {
							"post": [-87.2, 0, 0],
							"lerp_mode": "catmullrom"
						},
						"2.0": {
							"post": [-25, 0, 0],
							"lerp_mode": "catmullrom"
						}
					}
				}
			}
		},
		"animation.flygon.air_idle": {
			"loop": true,
			"bones": {
				"body": {
					"position": [0, "8+2*math.sin(q.anim_time*90*2+90)", 0]
				},
				"torso": {
					"rotation": ["32.5+3*math.sin(q.anim_time*90*2+90)", 0, 0]
				},
				"torso2": {
					"rotation": ["-12.5+3*math.sin(q.anim_time*90*2+0)", 0, 0]
				},
				"torso3": {
					"rotation": ["-10+3*math.sin(q.anim_time*90*2-45)", 0, 0]
				},
				"torso4": {
					"rotation": ["-7.5+3*math.sin(q.anim_time*90*2-90)", 0, 0]
				},
				"head": {
					"rotation": [2.5, 0, 0]
				},
				"wing_right": {
					"rotation": [17.5, "-30-40*math.sin(q.anim_time*90*2+90)", 0]
				},
				"wing_right2": {
					"rotation": [0, "-10-6*math.sin(q.anim_time*90*2+45)", 0]
				},
				"wing_left": {
					"rotation": [17.5, "30+40*math.sin(q.anim_time*90*2+90)", 0]
				},
				"wing_left2": {
					"rotation": [0, "10+6*math.sin(q.anim_time*90*2+45)", 0]
				},
				"arm_left": {
					"rotation": [0, "35+6*math.sin(q.anim_time*90*2+90)", "42.5+6*math.sin(q.anim_time*90*2+90)"]
				},
				"arm_left2": {
					"rotation": [0, "40+6*math.sin(q.anim_time*90*2+45)", 0]
				},
				"hand_left": {
					"rotation": [0, "7.5+6*math.sin(q.anim_time*90*2+0)", 0]
				},
				"finger_left_left": {
					"rotation": [0, -35, 0]
				},
				"finger_left_left2": {
					"rotation": [35, 0, 0]
				},
				"finger_left_middle": {
					"rotation": [0, 0, 10]
				},
				"finger_left_middle2": {
					"rotation": [0, 0, 20]
				},
				"finger_left_right": {
					"rotation": [0, 0, 5]
				},
				"finger_left_right2": {
					"rotation": [0, 0, 10]
				},
				"arm_right": {
					"rotation": [0, "-35+6*math.sin(q.anim_time*90*2+90)", "-42.5+6*math.sin(q.anim_time*90*2+90)"]
				},
				"arm_right2": {
					"rotation": [0, "-40+6*math.sin(q.anim_time*90*2+45)", 0]
				},
				"hand_right": {
					"rotation": [0, "-7.5+6*math.sin(q.anim_time*90*2+0)", 0]
				},
				"finger_right_left": {
					"rotation": [0, 35, 0]
				},
				"finger_right_left2": {
					"rotation": [35, 0, 0]
				},
				"finger_right_middle": {
					"rotation": [0, 0, -10]
				},
				"finger_right_middle2": {
					"rotation": [0, 0, -20]
				},
				"finger_right_right3": {
					"rotation": [0, 0, -5]
				},
				"finger_right_right4": {
					"rotation": [0, 0, -10]
				},
				"tail": {
					"rotation": ["41.0088+math.sin((query.anim_time-0.3)*90*2)*2", -5.76733, "5.8876+(-math.cos((query.anim_time-0.3)*90*2)*1)"]
				},
				"tail2": {
					"rotation": ["24+math.cos((query.anim_time-0.6)*90*2)*15", "-math.sin((query.anim_time-0.6)*90*2)*10", 0]
				},
				"tail3": {
					"rotation": ["16.4793+math.cos((query.anim_time-0.3)*90*2)*5", "-0.5445+(-math.sin((query.anim_time-0.3)*90*2)*5)", -0.15911]
				},
				"tail4": {
					"rotation": ["10.4793+math.cos((query.anim_time-0.3)*90*2)*2", "-0.5445+(-math.sin((query.anim_time-0.3)*90*2)*2)", -0.15911]
				},
				"tail5": {
					"rotation": [10, 0, "0+11*math.sin(q.anim_time*90*2-90)"]
				},
				"tail6": {
					"rotation": [10, 0, "0+10*math.sin(q.anim_time*90*2-90-45)"]
				},
				"leg_left": {
					"rotation": ["25+10*math.sin(q.anim_time*90*2+90)", 0, 0]
				},
				"leg_left2": {
					"rotation": ["-30+8*math.sin(q.anim_time*90*2+45)", 0, 0]
				},
				"leg_left3": {
					"rotation": ["-17.5+6*math.sin(q.anim_time*90*2+0)", 0, 0]
				},
				"leg_right": {
					"rotation": ["25-10*math.sin(q.anim_time*90*2+90)", 0, 0]
				},
				"leg_right2": {
					"rotation": ["-30-8*math.sin(q.anim_time*90*2+45)", 0, 0]
				},
				"leg_right3": {
					"rotation": ["-17.5-6*math.sin(q.anim_time*90*2+0)", 0, 0]
				}
			}
		},
		"animation.flygon.air_fly": {
			"loop": true,
			"bones": {
				"body": {
					"position": [0, "4+3*math.sin(q.anim_time*90*2+90)", 0]
				},
				"torso": {
					"rotation": ["70+3*math.sin(q.anim_time*90*2+90)", 0, 0]
				},
				"torso2": {
					"rotation": ["-20+3*math.sin(q.anim_time*90*2+45)", 0, 0]
				},
				"torso3": {
					"rotation": ["-12.5+3*math.sin(q.anim_time*90*2+0)", 0, 0]
				},
				"torso4": {
					"rotation": ["-12.5+3*math.sin(q.anim_time*90*2-45)", 0, 0]
				},
				"head": {
					"rotation": [-15, 0, 0]
				},
				"wing_right": {
					"rotation": [15, "-30-30*math.sin(q.anim_time*90*2+90)", 0]
				},
				"wing_right2": {
					"rotation": [0, "-10-16*math.sin(q.anim_time*90*2+45)", 0]
				},
				"wing_left": {
					"rotation": [15, "30+30*math.sin(q.anim_time*90*2+90)", 0]
				},
				"wing_left2": {
					"rotation": [0, "10+16*math.sin(q.anim_time*90*2+45)", 0]
				},
				"arm_left": {
					"rotation": [-135, "50+9*math.sin(q.anim_time*90*2+90)", "5+9*math.sin(q.anim_time*90*2+90)"]
				},
				"arm_left2": {
					"rotation": [0, 5, "25+6*math.sin(q.anim_time*90*2+45)"]
				},
				"hand_left": {
					"rotation": [50, -15, "12.5+3*math.sin(q.anim_time*90*2+0)"]
				},
				"finger_left_left": {
					"rotation": [25, -40, 0]
				},
				"finger_left_left2": {
					"rotation": [20, 0, 0]
				},
				"finger_left_middle": {
					"rotation": [0, 0, 25]
				},
				"finger_left_middle2": {
					"rotation": [0, 0, 25]
				},
				"finger_left_right": {
					"rotation": [0, 0, 15]
				},
				"finger_left_right2": {
					"rotation": [0, 0, 15]
				},
				"arm_right": {
					"rotation": [-135, "-50-9*math.sin(q.anim_time*90*2+90)", "5-9*math.sin(q.anim_time*90*2+90)"]
				},
				"arm_right2": {
					"rotation": [0, 5, "-25-9*math.sin(q.anim_time*90*2+45)"]
				},
				"hand_right": {
					"rotation": [50, 15, "-12.5-3*math.sin(q.anim_time*90*2+0)"]
				},
				"finger_right_left": {
					"rotation": [25, 40, 0]
				},
				"finger_right_left2": {
					"rotation": [20, 0, 0]
				},
				"finger_right_middle": {
					"rotation": [0, 0, -25]
				},
				"finger_right_middle2": {
					"rotation": [0, 0, -25]
				},
				"finger_right_right3": {
					"rotation": [0, 0, -15]
				},
				"finger_right_right4": {
					"rotation": [0, 0, -15]
				},
				"tail": {
					"rotation": [17.5, 0, "0+15*math.sin(q.anim_time*90*2+90)"]
				},
				"tail2": {
					"rotation": [10, 0, "0+14*math.sin(q.anim_time*90*2+45)"]
				},
				"tail3": {
					"rotation": [7.5, 0, "0+13*math.sin(q.anim_time*90*2+0)"]
				},
				"tail4": {
					"rotation": [10, 0, "0+12*math.sin(q.anim_time*90*2-45)"]
				},
				"tail5": {
					"rotation": [12.5, 0, "0+11*math.sin(q.anim_time*90*2-90)"]
				},
				"tail6": {
					"rotation": [7.5, 0, "0+10*math.sin(q.anim_time*90*2-90-45)"]
				},
				"leg_left": {
					"rotation": ["30+10*math.sin(q.anim_time*90*2+90)", 0, 0]
				},
				"leg_left2": {
					"rotation": ["20+6*math.sin(q.anim_time*90*2+45)", 0, 0]
				},
				"leg_left3": {
					"rotation": [7.5, 0, 0]
				},
				"leg_right": {
					"rotation": ["27.5+6*math.sin(q.anim_time*90*2+90)", 0, 0]
				},
				"leg_right2": {
					"rotation": ["20+6*math.sin(q.anim_time*90*2+45)", 0, 0]
				},
				"leg_right3": {
					"rotation": [7.5, 0, 0]
				}
			}
		},
		"animation.flygon.battle_idle": {
			"loop": true,
			"bones": {
				"body": {
					"rotation": [-27.5, 0, 0],
					"position": [0, "14+3*math.sin(q.anim_time*90*2+90)", 0]
				},
				"torso": {
					"rotation": ["70+3*math.sin(q.anim_time*90*2+90)", 0, 0]
				},
				"torso2": {
					"rotation": ["-20+3*math.sin(q.anim_time*90*2+45)", 0, 0]
				},
				"torso3": {
					"rotation": ["-2.5+3*math.sin(q.anim_time*90*2+0)", 0, 0]
				},
				"torso4": {
					"rotation": ["3*math.sin(q.anim_time*90*2-45)", 0, 0]
				},
				"head": {
					"rotation": [0, 0, 0]
				},
				"wing_right": {
					"rotation": [15, "-30-30*math.sin(q.anim_time*90*2+90)", 0]
				},
				"wing_right2": {
					"rotation": [0, "-10-16*math.sin(q.anim_time*90*2+45)", 0]
				},
				"wing_left": {
					"rotation": [15, "30+30*math.sin(q.anim_time*90*2+90)", 0]
				},
				"wing_left2": {
					"rotation": [0, "10+16*math.sin(q.anim_time*90*2+45)", 0]
				},
				"arm_left": {
					"rotation": [-87.5, "50+9*math.sin(q.anim_time*90*2+90)", "5+9*math.sin(q.anim_time*90*2+90)"]
				},
				"arm_left2": {
					"rotation": [0, 20, "25+6*math.sin(q.anim_time*90*2+45)"]
				},
				"hand_left": {
					"rotation": [51.5751, 2.52446, "-1.7541+3*math.sin(q.anim_time*90*2+0)"]
				},
				"finger_left_left": {
					"rotation": [25, -40, 0]
				},
				"finger_left_left2": {
					"rotation": [20, 0, 0]
				},
				"finger_left_middle": {
					"rotation": [0, 0, 25]
				},
				"finger_left_middle2": {
					"rotation": [0, 0, 25]
				},
				"finger_left_right": {
					"rotation": [0, 0, 15]
				},
				"finger_left_right2": {
					"rotation": [0, 0, 15]
				},
				"arm_right": {
					"rotation": [-95, "-50-9*math.sin(q.anim_time*90*2+90)", "5-9*math.sin(q.anim_time*90*2+90)"]
				},
				"arm_right2": {
					"rotation": [0, -17.5, "-25-9*math.sin(q.anim_time*90*2+45)"]
				},
				"hand_right": {
					"rotation": [72.5, 15, "-12.5-3*math.sin(q.anim_time*90*2+0)"]
				},
				"finger_right_left": {
					"rotation": [25, 40, 0]
				},
				"finger_right_left2": {
					"rotation": [20, 0, 0]
				},
				"finger_right_middle": {
					"rotation": [0, 0, -25]
				},
				"finger_right_middle2": {
					"rotation": [0, 0, -25]
				},
				"finger_right_right3": {
					"rotation": [0, 0, -15]
				},
				"finger_right_right4": {
					"rotation": [0, 0, -15]
				},
				"tail": {
					"rotation": [17.5, 0, "0+15*math.sin(q.anim_time*90*2+90)"]
				},
				"tail2": {
					"rotation": [10, 0, "0+14*math.sin(q.anim_time*90*2+45)"]
				},
				"tail3": {
					"rotation": [7.5, 0, "0+13*math.sin(q.anim_time*90*2+0)"]
				},
				"tail4": {
					"rotation": [10, 0, "0+12*math.sin(q.anim_time*90*2-45)"]
				},
				"tail5": {
					"rotation": [12.5, 0, "0+11*math.sin(q.anim_time*90*2-90)"]
				},
				"tail6": {
					"rotation": [7.5, 0, "0+10*math.sin(q.anim_time*90*2-90-45)"]
				},
				"leg_left": {
					"rotation": ["2.5+10*math.sin(q.anim_time*90*2+90)", 0, 0]
				},
				"leg_left2": {
					"rotation": ["20+6*math.sin(q.anim_time*90*2+45)", 0, 0]
				},
				"leg_left3": {
					"rotation": [7.5, 0, 0]
				},
				"leg_right": {
					"rotation": ["5+6*math.sin(q.anim_time*90*2+90)", 0, 0]
				},
				"leg_right2": {
					"rotation": ["20+6*math.sin(q.anim_time*90*2+45)", 0, 0]
				},
				"leg_right3": {
					"rotation": [7.5, 0, 0]
				}
			}
		},
		"animation.flygon.cry": {
			"animation_length": 2.04167,
			"bones": {
				"head": {
					"rotation": {
						"0.0": [2, 0, 0],
						"0.0417": [1.1494, 0, 0],
						"0.0833": [-0.78235, 0, 0],
						"0.125": [-3.28052, 0, 0],
						"0.25": [-11.71948, 0, 0],
						"0.2917": [-14.21765, 0, 0],
						"0.3333": [-16.1494, 0, 0],
						"0.375": [-17, 0, 0],
						"0.4167": [-16.77616, 0, 0],
						"0.4583": [-16.2678, 0, 0],
						"0.625": [-13.38961, 0, 0],
						"0.6667": [-12.7322, 0, 0],
						"0.7083": [-12.22384, 0, 0],
						"0.75": [-12, 0, 0],
						"0.7917": [-11.51296, 0, 0],
						"0.8333": [-10.33217, 0, 0],
						"0.875": [-8.75654, 0, 0],
						"0.9583": [-5.24346, 0, 0],
						"1.0": [-3.66783, 0, 0],
						"1.0417": [-2.48704, 0, 0],
						"1.0833": [-2, 0, 0],
						"1.125": [-1.68662, 0, 0],
						"1.1667": [-0.97493, 0, 0],
						"1.2083": [-0.05455, 0, 0],
						"1.3333": [3.05455, 0, 0],
						"1.375": [3.97493, 0, 0],
						"1.4167": [4.68662, 0, 0],
						"1.4583": [5, 0, 0]
					}
				},
				"mouth": {
					"position": [0, -0.3, -1],
					"scale": {
						"0.0": [0.51, 0.62, 1],
						"1.3333": [0.51, 0.62, 1],
						"1.7917": [0.51, 0.02, 1]
					}
				}
			}
		}
	}
}