{
    "enabled": true,
    "neededInstalledMods": [],
    "neededUninstalledMods": [],
    "spawns": [
        {
            "id": "dreepy-1",
            "pokemon": "dreepy",
            "presets": [
                "freshwater"
            ],
            "type": "pokemon",
            "context": "grounded",
            "bucket": "rare",
            "level": "20-40",
            "weight": 9.0,
            "weightMultipliers": [
                {
                                "multiplier": 1.2,
                                "condition": {
                                    "isRaining":"true"
                                }
                },
                {
                    "multiplier": 1.6,
                    "condition": {
                    "isThundering":"true"
                    }
                }
            ],                    
            "condition": {
		"canSeeSky": true,
                "biomes": [
                    "#cobblemon:is_overworld"
                ]
            }
        }
    ]
}