{
    "species": "cobblemon:krookodile",
    "order": 0,
    "variations": [
        {
            "aspects": [],
            "poser": "cobblemon:krookodile",
            "model": "cobblemon:krookodile.geo",
            "texture": "cobblemon:textures/pokemon/0553_krookodile/krookodile.png",
            "layers": [
            ]
        },
        {
            "aspects": [
                "shiny"
            ],
            "texture": "cobblemon:textures/pokemon/0553_krookodile/krookodile_shiny.png",
            "layers": [
            ]
        }
    ]
}