{
	"format_version": "1.8.0",
	"animations": {
		"animation.megascizor.pose": {
			"loop": true,
			"bones": {
				"scizor": {
					"position": [0, -4.7, 0]
				},
				"abdomen": {
					"rotation": [-25.15874, -7.04533, 2.57816]
				},
				"spine": {
					"rotation": [15.04624, -4.88119, -1.08482]
				},
				"thorax": {
					"rotation": [10.08453, -7.38542, -1.30962]
				},
				"neck": {
					"rotation": [0.51651, -14.35688, -1.68252]
				},
				"head_pivot": {
					"rotation": [8.40103, 25.67665, -1.451]
				},
				"right_upper_arm": {
					"rotation": [0, 0, -17.5]
				},
				"right_lower_arm": {
					"rotation": [-3.61571, -9.32965, 21.29513]
				},
				"right_claw": {
					"rotation": [4.28611, -38.65286, -6.76605]
				},
				"right_leg_joint": {
					"rotation": [-14.35239, -22.88416, 10.69726],
					"position": [0, 0, -0.5]
				},
				"right_upper_leg": {
					"rotation": [-43.32551, 47.74331, -5.86567]
				},
				"right_lower_leg": {
					"rotation": [49.5, 0, 0],
					"position": [0, 0, -1.2]
				},
				"right_calf": {
					"rotation": [-5, 0, 0]
				},
				"right_foot": {
					"rotation": [5, 0, 0]
				},
				"left_upper_wing": {
					"rotation": [20, 0, 0]
				},
				"left_lower_wing": {
					"rotation": [-40, 0, 0]
				},
				"left_wing": {
					"rotation": [0, 50, 0]
				},
				"right_wing": {
					"rotation": [0, -25, 0]
				},
				"right_upper_wing": {
					"rotation": [20, 0, 0]
				},
				"right_lower_wing": {
					"rotation": [-40, 0, 0]
				},
				"upper_abdomen": {
					"rotation": [2.5, 0, 0]
				},
				"right_shoulder": {
					"rotation": [0, -22.5, 0]
				},
				"right_lower_claw": {
					"rotation": [0, 0, -45],
					"position": [0.5, 0.6, 0]
				},
				"left_shoulder": {
					"rotation": [0, 55, 0]
				},
				"left_lower_arm": {
					"rotation": [0, 0, -15]
				},
				"left_lower_claw": {
					"rotation": [0, 0, 40],
					"position": [-0.5, 0.5, 0]
				},
				"left_leg_joint": {
					"rotation": [0, -17, -35]
				}
			}
		},
		"animation.megascizor.ground_idle": {
			"loop": true,
			"bones": {
				"abdomen": {
					"rotation": ["-17.9804+math.sin(q.anim_time*90*0.5)*5", -0.31293, "-3.0124+math.sin(q.anim_time*90*0.5)*2"]
				},
				"spine": {
					"rotation": ["6.4946-math.sin(q.anim_time*90*0.5)*2", -0.65298, "-0.0317+math.sin(q.anim_time*90*0.5)*1"]
				},
				"thorax": {
					"rotation": ["11.4707-math.sin(q.anim_time*90*0.5)*2", -1.1104, "0.9076+math.sin(q.anim_time*90*0.5)*1"]
				},
				"upper_abdomen": {
					"rotation": [5, 0, 0]
				},
				"neck": {
					"rotation": ["5.4148-math.sin(q.anim_time*90*0.5)*2", 5.65004, "5.0645-math.sin(q.anim_time*90*0.5)*4"]
				},
				"head": {
					"rotation": [0, 0, 0]
				},
				"head_pivot": {
					"rotation": [-2.5, 0, 0]
				},
				"right_upper_arm": {
					"rotation": ["15.5375+math.sin(q.anim_time*90*0.5)*2", -3.83682, "-9.1331-math.sin(q.anim_time*90*0.5)*4"]
				},
				"right_lower_arm": {
					"rotation": ["-0.3588+math.sin(q.anim_time*90*0.5)*1", "-37.0992+math.sin(q.anim_time*90*0.5)*1", "2.5073-math.sin(q.anim_time*90*0.5)*2"]
				},
				"right_claw": {
					"rotation": ["53.8585-math.sin(q.anim_time*90*0.5)*2", "-14.5966-math.sin(q.anim_time*90*0.5)*2", "-17.9784+math.sin(q.anim_time*90*0.5)*4"]
				},
				"right_lower_claw": {
					"rotation": [0, 0, -37.5],
					"position": [0.3, 0.4, 0]
				},
				"left_upper_wing": {
					"rotation": [7.5, 0, 0]
				},
				"left_lower_wing": {
					"rotation": [-45, 0, 0]
				},
				"left_wing": {
					"rotation": [0, "10-math.sin(q.anim_time*90*0.5)*2", 0]
				},
				"right_wing": {
					"rotation": [5, "-17.5+math.sin(q.anim_time*90*0.5)*2", 0]
				},
				"right_upper_wing": {
					"rotation": [7.5, 0, 0]
				},
				"right_lower_wing": {
					"rotation": [-40, 0, 0]
				},
				"body": {
					"position": [0, 1.5, 0]
				},
				"right_shoulder": {
					"rotation": ["5.9871+math.sin(q.anim_time*90*0.5)*2", 2.53515, "-22.8677-math.sin(q.anim_time*90*0.5)*4"]
				},
				"right_leg_joint": {
					"rotation": ["6.4703+math.sin(q.anim_time*90*0.5)*2", 0.62172, "-5.4651-math.sin(q.anim_time*90*0.5)*4"],
					"position": [0.2, -0.2, 0.4]
				},
				"right_upper_leg": {
					"rotation": ["5.1804-math.sin(q.anim_time*90*0.5)*2", -5.161, "9.5459+math.sin(q.anim_time*90*0.5)*4"]
				},
				"right_calf": {
					"rotation": ["-0.4804-math.sin(q.anim_time*90*0.5)*2", -0.31293, "-3.0124+math.sin(q.anim_time*90*0.5)*4"]
				},
				"right_foot": {
					"rotation": ["-0.4804-math.sin(q.anim_time*90*0.5)*2", -0.31293, "-3.0124+math.sin(q.anim_time*90*0.5)*4"]
				},
				"left_shoulder": {
					"rotation": ["5.9192-math.sin(q.anim_time*90*0.5)*2", -2.69068, "24.3606+math.sin(q.anim_time*90*0.5)*4"]
				},
				"left_upper_arm": {
					"rotation": ["6.2947-math.sin(q.anim_time*90*0.5)*2", -1.62415, "14.4104+math.sin(q.anim_time*90*0.5)*4"]
				},
				"left_lower_arm": {
					"rotation": ["0-math.sin(q.anim_time*90*0.5)*1", 24, "5+math.sin(q.anim_time*90*0.5)*2"]
				},
				"left_claw": {
					"rotation": ["63.8789+math.sin(q.anim_time*90*0.5)*2", 19.33651, "16.2644-math.sin(q.anim_time*90*0.5)*4"]
				},
				"left_lower_claw": {
					"rotation": [0, 0, 28]
				},
				"left_leg_joint": {
					"rotation": ["6.4961-math.sin(q.anim_time*90*0.5)*2", -0.2263, "1.9869+math.sin(q.anim_time*90*0.5)*4"]
				},
				"left_upper_leg": {
					"rotation": ["6.4703+math.sin(q.anim_time*90*0.5)*2", 0.62172, "-5.4651-math.sin(q.anim_time*90*0.5)*4"]
				},
				"left_calf": {
					"rotation": ["-4.2905+math.sin(q.anim_time*90*0.5)*2", 2.32602, "5.3654-math.sin(q.anim_time*90*0.5)*4"]
				},
				"left_foot": {
					"rotation": ["6.4961-math.sin(q.anim_time*90*0.5)*2", -0.2263, "1.9869+math.sin(q.anim_time*90*0.5)*4"]
				}
			}
		},
		"animation.megascizor.ground_walk": {
			"loop": true,
			"bones": {
				"abdomen": {
					"rotation": ["-15.4804+math.sin(q.anim_time*90*0.5)*5", -0.31293, "-3.0124+math.sin(q.anim_time*90*0.5)*2"],
					"position": [0, 0, -0.5]
				},
				"spine": {
					"rotation": ["6.4946-math.sin(q.anim_time*90*0.5)*2", -0.65298, "-0.0317+math.sin(q.anim_time*90*0.5)*1"]
				},
				"thorax": {
					"rotation": ["-16.0293-math.sin(q.anim_time*90*0.5)*2", -1.1104, "0.9076+math.sin(q.anim_time*90*0.5)*1"]
				},
				"upper_abdomen": {
					"rotation": [5, 0, 0]
				},
				"neck": {
					"rotation": ["5.4148-math.sin(q.anim_time*90*0.5)*2", 5.65004, "5.0645-math.sin(q.anim_time*90*0.5)*4"]
				},
				"head": {
					"rotation": [0, 0, 0]
				},
				"head_pivot": {
					"rotation": [-25, 0, 0]
				},
				"right_upper_arm": {
					"rotation": ["15.5375+math.sin(q.anim_time*90*0.5)*2", -3.83682, "-9.1331-math.sin(q.anim_time*90*0.5)*4"]
				},
				"right_lower_arm": {
					"rotation": ["-6.8414+math.sin(q.anim_time*90*0.5)*1", "22.9574+math.sin(q.anim_time*90*0.5)*1", "-14.1604-math.sin(q.anim_time*90*0.5)*2"],
					"position": [0.8, 0, -0.2]
				},
				"right_claw": {
					"rotation": ["51.497-math.sin(q.anim_time*90*0.5)*2", "-3.0074-math.sin(q.anim_time*90*0.5)*2", "-2.7137+math.sin(q.anim_time*90*0.5)*4"]
				},
				"right_lower_claw": {
					"rotation": [0, 0, -37.5],
					"position": [0.3, 0.4, 0]
				},
				"left_upper_wing": {
					"rotation": [7.5, "0-math.sin(q.anim_time*25*80)*8", 0]
				},
				"left_lower_wing": {
					"rotation": [-32.53562, "-2.5299-math.sin(q.anim_time*30*80)*8", 1.61295]
				},
				"left_wing": {
					"rotation": [0, "10-math.sin(q.anim_time*25*80)*15", 0]
				},
				"right_wing": {
					"rotation": [7.5, "0-math.sin(q.anim_time*30*80)*15", 0]
				},
				"right_upper_wing": {
					"rotation": [7.5, "0-math.sin(q.anim_time*30*80)*8", 0]
				},
				"right_lower_wing": {
					"rotation": [-32.56336, "3.3728-math.sin(q.anim_time*30*80)*8", -2.15168]
				},
				"body": {
					"rotation": ["32.5+math.sin(q.anim_time*20*0.5)*8", "math.sin(q.anim_time*20*0.5)*8", "math.sin(q.anim_time*20*1.5)*8"],
					"position": [0, 6.5, 0]
				},
				"right_shoulder": {
					"rotation": ["6.4703+math.sin(q.anim_time*90*0.5)*2", 0.62172, "-5.4652-math.sin(q.anim_time*90*0.5)*4"]
				},
				"right_leg_joint": {
					"rotation": ["33.9703+math.sin(q.anim_time*90*0.5)*2", 0.62172, "-5.4651-math.sin(q.anim_time*90*0.5)*4"],
					"position": [0.2, -0.8, 0.4]
				},
				"right_upper_leg": {
					"rotation": ["5.1804-math.sin(q.anim_time*90*0.5)*2", -5.161, "9.5459+math.sin(q.anim_time*90*0.5)*4"]
				},
				"right_calf": {
					"rotation": ["-0.519-math.sin(q.anim_time*90*0.5)*2", 5.62878, "-3.8479+math.sin(q.anim_time*90*0.5)*4"]
				},
				"right_foot": {
					"rotation": ["-0.4804-math.sin(q.anim_time*90*0.5)*2", -0.31293, "-3.0124+math.sin(q.anim_time*90*0.5)*4"]
				},
				"left_shoulder": {
					"rotation": ["6.4802-math.sin(q.anim_time*90*0.5)*2", -0.50884, "4.471+math.sin(q.anim_time*90*0.5)*4"]
				},
				"left_upper_arm": {
					"rotation": ["6.2947-math.sin(q.anim_time*90*0.5)*2", -1.62415, "14.4104+math.sin(q.anim_time*90*0.5)*4"]
				},
				"left_lower_arm": {
					"rotation": ["0-math.sin(q.anim_time*90*0.5)*1", -24, "5+math.sin(q.anim_time*90*0.5)*2"],
					"position": [-1, 0, -0.2]
				},
				"left_claw": {
					"rotation": ["63.8789+math.sin(q.anim_time*90*0.5)*2", "19.3365+math.sin(q.anim_time*90*0.5)*2", "16.2644-math.sin(q.anim_time*90*0.5)*4"]
				},
				"left_lower_claw": {
					"rotation": [0, 0, 28]
				},
				"left_leg_joint": {
					"rotation": ["31.4961-math.sin(q.anim_time*90*0.5)*2", -0.2263, "1.9869+math.sin(q.anim_time*90*0.5)*4"],
					"position": [0, 0, 0.4]
				},
				"left_upper_leg": {
					"rotation": ["6.4703+math.sin(q.anim_time*90*0.5)*2", 0.62172, "-5.4651-math.sin(q.anim_time*90*0.5)*4"]
				},
				"left_calf": {
					"rotation": ["18.0174+math.sin(q.anim_time*90*0.5)*2", 0.88248, "-1.4871-math.sin(q.anim_time*90*0.5)*4"],
					"position": [0, 0, 0.3]
				},
				"left_foot": {
					"rotation": ["6.4961-math.sin(q.anim_time*90*0.5)*2", -0.2263, "1.9869+math.sin(q.anim_time*90*0.5)*4"]
				},
				"right_lower_leg": {
					"rotation": [-15.08694, -0.53102, 0.49867]
				},
				"left_lower_leg": {
					"rotation": [-24, 0, 0]
				}
			}
		},
		"animation.megascizor.air_idle": {
			"loop": true,
			"bones": {
				"abdomen": {
					"rotation": ["-15.4804+math.sin(q.anim_time*90*0.5)*5", -0.31293, "-3.0124+math.sin(q.anim_time*90*0.5)*2"],
					"position": [0, 0, -0.5]
				},
				"spine": {
					"rotation": ["6.4946-math.sin(q.anim_time*90*0.5)*2", -0.65298, "-0.0317+math.sin(q.anim_time*90*0.5)*1"]
				},
				"thorax": {
					"rotation": ["11.4707-math.sin(q.anim_time*90*0.5)*2", -1.1104, "0.9076+math.sin(q.anim_time*90*0.5)*1"]
				},
				"upper_abdomen": {
					"rotation": [5, 0, 0]
				},
				"neck": {
					"rotation": ["5.4148-math.sin(q.anim_time*90*0.5)*2", 5.65004, "5.0645-math.sin(q.anim_time*90*0.5)*4"]
				},
				"head": {
					"rotation": [0, 0, 0]
				},
				"head_pivot": {
					"rotation": [-2.5, 0, 0]
				},
				"right_upper_arm": {
					"rotation": ["15.5375+math.sin(q.anim_time*90*0.5)*2", -3.83682, "-9.1331-math.sin(q.anim_time*90*0.5)*4"]
				},
				"right_lower_arm": {
					"rotation": ["-0.3588+math.sin(q.anim_time*90*0.5)*1", "-37.0992+math.sin(q.anim_time*90*0.5)*1", "2.5073-math.sin(q.anim_time*90*0.5)*2"]
				},
				"right_claw": {
					"rotation": ["53.8585-math.sin(q.anim_time*90*0.5)*2", "-14.5966-math.sin(q.anim_time*90*0.5)*2", "-17.9784+math.sin(q.anim_time*90*0.5)*4"]
				},
				"right_lower_claw": {
					"rotation": [0, 0, -37.5],
					"position": [0.3, 0.4, 0]
				},
				"left_upper_wing": {
					"rotation": [7.5, "0-math.sin(q.anim_time*25*80)*8", 0]
				},
				"left_lower_wing": {
					"rotation": [-32.53562, "-2.5299-math.sin(q.anim_time*30*80)*8", 1.61295]
				},
				"left_wing": {
					"rotation": [0, "10-math.sin(q.anim_time*25*80)*8", 0]
				},
				"right_wing": {
					"rotation": [7.5, "0-math.sin(q.anim_time*30*80)*8", 0]
				},
				"right_upper_wing": {
					"rotation": [7.5, "0-math.sin(q.anim_time*30*80)*8", 0]
				},
				"right_lower_wing": {
					"rotation": [-32.56336, "3.3728-math.sin(q.anim_time*30*80)*8", -2.15168]
				},
				"body": {
					"rotation": ["10+math.sin(q.anim_time*20*0.5)*8", "0+math.sin(q.anim_time*20*0.5)*8", "0+math.sin(q.anim_time*20*1.5)*8"],
					"position": [0, 15.5, 0]
				},
				"right_shoulder": {
					"rotation": ["6.4703+math.sin(q.anim_time*90*0.5)*2", 0.62172, "-5.4652-math.sin(q.anim_time*90*0.5)*4"]
				},
				"right_leg_joint": {
					"rotation": ["6.4703+math.sin(q.anim_time*90*0.5)*2", 0.62172, "-5.4651-math.sin(q.anim_time*90*0.5)*4"],
					"position": [0.2, -0.8, 0.4]
				},
				"right_upper_leg": {
					"rotation": ["5.1804-math.sin(q.anim_time*90*0.5)*2", -5.161, "9.5459+math.sin(q.anim_time*90*0.5)*4"]
				},
				"right_calf": {
					"rotation": ["-0.519-math.sin(q.anim_time*90*0.5)*2", 5.62878, "-3.8479+math.sin(q.anim_time*90*0.5)*4"]
				},
				"right_foot": {
					"rotation": ["-0.4804-math.sin(q.anim_time*90*0.5)*2", -0.31293, "-3.0124+math.sin(q.anim_time*90*0.5)*4"]
				},
				"left_shoulder": {
					"rotation": ["6.4802-math.sin(q.anim_time*90*0.5)*2", -0.50884, "4.471+math.sin(q.anim_time*90*0.5)*4"]
				},
				"left_upper_arm": {
					"rotation": ["6.2947-math.sin(q.anim_time*90*0.5)*2", -1.62415, "14.4104+math.sin(q.anim_time*90*0.5)*4"]
				},
				"left_lower_arm": {
					"rotation": ["0-math.sin(q.anim_time*90*0.5)*1", 24, "5+math.sin(q.anim_time*90*0.5)*2"]
				},
				"left_claw": {
					"rotation": ["63.8789+math.sin(q.anim_time*90*0.5)*2", "19.3365+math.sin(q.anim_time*90*0.5)*2", "16.2644-math.sin(q.anim_time*90*0.5)*4"]
				},
				"left_lower_claw": {
					"rotation": [0, 0, 28]
				},
				"left_leg_joint": {
					"rotation": ["6.4961-math.sin(q.anim_time*90*0.5)*2", -0.2263, "1.9869+math.sin(q.anim_time*90*0.5)*4"],
					"position": [0, 0, 0.4]
				},
				"left_upper_leg": {
					"rotation": ["6.4703+math.sin(q.anim_time*90*0.5)*2", 0.62172, "-5.4651-math.sin(q.anim_time*90*0.5)*4"]
				},
				"left_calf": {
					"rotation": ["-4.4826+math.sin(q.anim_time*90*0.5)*2", 0.88248, "-1.4871-math.sin(q.anim_time*90*0.5)*4"]
				},
				"left_foot": {
					"rotation": ["6.4961-math.sin(q.anim_time*90*0.5)*2", -0.2263, "1.9869+math.sin(q.anim_time*90*0.5)*4"]
				},
				"right_lower_leg": {
					"rotation": [-37.5, 0, 0]
				},
				"left_lower_leg": {
					"rotation": [-24, 0, 0]
				}
			}
		},
		"animation.megascizor.air_fly": {
			"loop": true,
			"bones": {
				"abdomen": {
					"rotation": ["-15.4804+math.sin(q.anim_time*90*0.5)*5", -0.31293, "-3.0124+math.sin(q.anim_time*90*0.5)*2"],
					"position": [0, 0, -0.5]
				},
				"spine": {
					"rotation": ["6.4946-math.sin(q.anim_time*90*0.5)*2", -0.65298, "-0.0317+math.sin(q.anim_time*90*0.5)*1"]
				},
				"thorax": {
					"rotation": ["-16.0293-math.sin(q.anim_time*90*0.5)*2", -1.1104, "0.9076+math.sin(q.anim_time*90*0.5)*1"]
				},
				"upper_abdomen": {
					"rotation": [5, 0, 0]
				},
				"neck": {
					"rotation": ["5.4148-math.sin(q.anim_time*90*0.5)*2", 5.65004, "5.0645-math.sin(q.anim_time*90*0.5)*4"]
				},
				"head": {
					"rotation": [0, 0, 0]
				},
				"head_pivot": {
					"rotation": [-25, 0, 0]
				},
				"right_upper_arm": {
					"rotation": ["15.5375+math.sin(q.anim_time*90*0.5)*2", -3.83682, "-9.1331-math.sin(q.anim_time*90*0.5)*4"]
				},
				"right_lower_arm": {
					"rotation": ["-6.8414+math.sin(q.anim_time*90*0.5)*1", "22.9574+math.sin(q.anim_time*90*0.5)*1", "-14.1604-math.sin(q.anim_time*90*0.5)*2"],
					"position": [0.8, 0, -0.2]
				},
				"right_claw": {
					"rotation": ["51.497-math.sin(q.anim_time*90*0.5)*2", "-3.0074-math.sin(q.anim_time*90*0.5)*2", "-2.7137+math.sin(q.anim_time*90*0.5)*4"]
				},
				"right_lower_claw": {
					"rotation": [0, 0, -37.5],
					"position": [0.3, 0.4, 0]
				},
				"left_upper_wing": {
					"rotation": [7.5, "0-math.sin(q.anim_time*25*80)*8", 0]
				},
				"left_lower_wing": {
					"rotation": [-32.53562, "-2.5299-math.sin(q.anim_time*30*80)*8", 1.61295]
				},
				"left_wing": {
					"rotation": [0, "10-math.sin(q.anim_time*25*80)*15", 0]
				},
				"right_wing": {
					"rotation": [7.5, "0-math.sin(q.anim_time*30*80)*15", 0]
				},
				"right_upper_wing": {
					"rotation": [7.5, "0-math.sin(q.anim_time*30*80)*8", 0]
				},
				"right_lower_wing": {
					"rotation": [-32.56336, "3.3728-math.sin(q.anim_time*30*80)*8", -2.15168]
				},
				"body": {
					"rotation": ["35+math.sin(q.anim_time*20*0.5)*8", "0+math.sin(q.anim_time*20*0.5)*8", "0+math.sin(q.anim_time*20*1.5)*8"],
					"position": [0, 15.5, 0]
				},
				"right_shoulder": {
					"rotation": ["6.4703+math.sin(q.anim_time*90*0.5)*2", 0.62172, "-5.4652-math.sin(q.anim_time*90*0.5)*4"]
				},
				"right_leg_joint": {
					"rotation": ["33.9703+math.sin(q.anim_time*90*0.5)*2", 0.62172, "-5.4651-math.sin(q.anim_time*90*0.5)*4"],
					"position": [0.2, -0.8, 0.4]
				},
				"right_upper_leg": {
					"rotation": ["5.1804-math.sin(q.anim_time*90*0.5)*2", -5.161, "9.5459+math.sin(q.anim_time*90*0.5)*4"]
				},
				"right_calf": {
					"rotation": ["-0.519-math.sin(q.anim_time*90*0.5)*2", 5.62878, "-3.8479+math.sin(q.anim_time*90*0.5)*4"]
				},
				"right_foot": {
					"rotation": ["-0.4804-math.sin(q.anim_time*90*0.5)*2", -0.31293, "-3.0124+math.sin(q.anim_time*90*0.5)*4"]
				},
				"left_shoulder": {
					"rotation": ["6.4802-math.sin(q.anim_time*90*0.5)*2", -0.50884, "4.471+math.sin(q.anim_time*90*0.5)*4"]
				},
				"left_upper_arm": {
					"rotation": ["6.2947-math.sin(q.anim_time*90*0.5)*2", -1.62415, "14.4104+math.sin(q.anim_time*90*0.5)*4"]
				},
				"left_lower_arm": {
					"rotation": ["0-math.sin(q.anim_time*90*0.5)*1", -24, "5+math.sin(q.anim_time*90*0.5)*2"],
					"position": [-1, 0, -0.2]
				},
				"left_claw": {
					"rotation": ["63.8789+math.sin(q.anim_time*90*0.5)*2", "19.3365+math.sin(q.anim_time*90*0.5)*2", "16.2644-math.sin(q.anim_time*90*0.5)*4"]
				},
				"left_lower_claw": {
					"rotation": [0, 0, 28]
				},
				"left_leg_joint": {
					"rotation": ["31.4961-math.sin(q.anim_time*90*0.5)*2", -0.2263, "1.9869+math.sin(q.anim_time*90*0.5)*4"],
					"position": [0, 0, 0.4]
				},
				"left_upper_leg": {
					"rotation": ["6.4703+math.sin(q.anim_time*90*0.5)*2", 0.62172, "-5.4651-math.sin(q.anim_time*90*0.5)*4"]
				},
				"left_calf": {
					"rotation": ["18.0174+math.sin(q.anim_time*90*0.5)*2", 0.88248, "-1.4871-math.sin(q.anim_time*90*0.5)*4"],
					"position": [0, 0, 0.3]
				},
				"left_foot": {
					"rotation": ["6.4961-math.sin(q.anim_time*90*0.5)*2", -0.2263, "1.9869+math.sin(q.anim_time*90*0.5)*4"]
				},
				"right_lower_leg": {
					"rotation": [-15.08694, -0.53102, 0.49867]
				},
				"left_lower_leg": {
					"rotation": [-24, 0, 0]
				}
			}
		},
		"animation.megascizor.blink": {
			"animation_length": 0.16667,
			"bones": {
				"left_eyelid": {
					"position": {
						"0.0": [0, 0, -0.1],
						"0.125": [0, 0, -0.1],
						"0.1667": [0, 0, 0]
					}
				},
				"right_eyelid": {
					"position": {
						"0.0": [-0.1, 0, 0],
						"0.125": [-0.1, 0, 0],
						"0.1667": [0, 0, 0]
					}
				}
			}
		},
		"animation.megascizor.cry": {
			"animation_length": 1.375,
			"bones": {
				"neck": {
					"rotation": [-7.5, 0, 0]
				},
				"head_pivot": {
					"rotation": {
						"0.0": [-17.5, 0, 0],
						"0.75": [-17.5, 0, 0],
						"1.375": [0, 0, 0]
					}
				},
				"left_eye": {
					"rotation": [0, 0, -2.5]
				},
				"right_eye": {
					"rotation": [0, -2.5, 0]
				},
				"left_eyelid": {
					"rotation": [0, 0, -2.5]
				},
				"right_eyelid": {
					"rotation": [0, -2.5, 0]
				},
				"right_shoulder": {
					"rotation": {
						"0.0": [0, 0, 0],
						"0.375": [-65, 0, 0],
						"0.75": [-65, 0, 0],
						"1.375": [0, 0, 0]
					}
				},
				"right_lower_arm": {
					"rotation": {
						"0.0": [0, -12.5, 0],
						"1.375": [0, 0, 0]
					}
				},
				"right_lower_claw": {
					"rotation": {
						"0.0": [0, 0, 0],
						"0.375": [0, 0, 0],
						"0.5417": [0, 0, -41.11],
						"0.75": [0, 0, -25],
						"1.0": [0, 0, 30],
						"1.375": [0, 0, 0]
					},
					"position": {
						"0.0": [0, 0, 0],
						"0.5417": [-0.5, 0, 0],
						"1.375": [0, 0, 0]
					}
				},
				"left_shoulder": {
					"rotation": {
						"0.0": [0, 0, 0],
						"0.375": [-60, 0, 0],
						"0.75": [-60, 0, 0],
						"1.375": [0, 0, 0]
					}
				},
				"left_lower_arm": {
					"rotation": {
						"0.0": [0, 10, 0],
						"1.375": [0, 0, 0]
					}
				},
				"left_lower_claw": {
					"rotation": {
						"0.0": [0, 0, 0],
						"0.375": [0, 0, 0],
						"0.5417": [0, 0, 31.39],
						"0.75": [0, 0, 20],
						"1.0": [0, 0, -25],
						"1.375": [0, 0, 0]
					}
				}
			}
		}
	}
}