{
    "enabled": true,
    "neededInstalledMods": [],
    "neededUninstalledMods": [],
    "spawns": [   
    {
       "id": "regieleki-1",
       "pokemon": "regieleki",
       "presets": [
           "stronghold"
       ],
       "type": "pokemon",
       "context": "grounded",
       "bucket": "ultra-rare",
       "level": "70",
       "weight": 0.1,
       "condition": {
           "biomes": [
               "#cobblemon:is_overworld"
           ]
       }
    },
    {
    "id": "regieleki-2",
    "pokemon": "regieleki",
    "presets": [
        "trail_ruins"
    ],
    "type": "pokemon",
    "context": "grounded",
    "bucket": "ultra-rare",
    "level": "70",
    "weight": 0.1,
    "condition": {
        "biomes": [
            "#cobblemon:is_overworld"
        ]
       }
     }
    ]
}