{
	"format_version": "1.8.0",
	"animations": {
		"animation.megalucario.ground_idle": {
			"loop": true,
			"bones": {
				"arm_left": {
					"rotation": ["2.0482-math.sin(q.anim_time*90*0.5)*2", -1.4336, "34.9745+math.sin(q.anim_time*90*0.5)*1"],
					"scale": [1, 1.4, 1]
				},
				"arm_left2": {
					"rotation": ["2.391-math.sin(q.anim_time*90*0.5)*2", -0.73071, "16.9848+math.sin(q.anim_time*90*0.5)*1"],
					"scale": [1, 0.7, 1]
				},
				"hand_left": {
					"rotation": ["2.4541-math.sin(q.anim_time*90*0.5)*2", -0.47687, "10.9898+math.sin(q.anim_time*90*0.5)*1"],
					"scale": [1, 1.2, 1]
				},
				"figner_front_left": {
					"rotation": [0, 0, 20]
				},
				"figner_back_left": {
					"rotation": [0, 0, 12.5]
				},
				"head": {
					"rotation": ["5.3994+math.sin(q.anim_time*90*0.5)*5", -4.16781, "2.7646-math.sin(q.anim_time*90*0.5)*3"]
				},
				"dread_left": {
					"rotation": ["-62.9302+math.sin(q.anim_time*90*1.5)*2", 4.48267, "-9.5068-math.sin(q.anim_time*90*1.5)*0.5"],
					"position": [0, 0, 0]
				},
				"dread_left2": {
					"rotation": ["-3.5262-math.sin(q.anim_time*90*0.5)*5", 6.98688, "-0.4294+math.sin(q.anim_time*90*1.5)*2"]
				},
				"dread_back_left": {
					"rotation": ["-49.5+math.sin(q.anim_time*90*1.5)*2", 0, "0-math.sin(q.anim_time*90*1.5)*0.5"],
					"position": [-0.5, 0, 0]
				},
				"dread_back_left2": {
					"rotation": ["-6.5485-math.sin(q.anim_time*90*0.5)*5", 6.95478, "-0.7963+math.sin(q.anim_time*90*1.5)*2"]
				},
				"dread_back_right": {
					"rotation": ["-46.5+math.sin(q.anim_time*90*1.5)*2", 0, "0-math.sin(q.anim_time*90*1.5)*0.5"],
					"position": [0.4, 0, 0]
				},
				"dread_back_right2": {
					"rotation": ["-17.5627-math.sin(q.anim_time*90*0.5)*5", -4.76804, "1.5071+math.sin(q.anim_time*90*1.5)*2"]
				},
				"leg_left": {
					"rotation": ["2.4984-math.sin(q.anim_time*90*0.5)*2", 0.0872, "-1.9979+math.sin(q.anim_time*90*0.5)*1"],
					"position": [0, 0, -0.4]
				},
				"leg_left2": {
					"rotation": [0, -7.5, 0]
				},
				"leg_left4": {
					"rotation": ["16.3994+math.sin(q.anim_time*90*0.5)*5", -4.16781, "2.7646-math.sin(q.anim_time*90*0.5)*3"]
				},
				"foot_left": {
					"rotation": [-11.45033, -4.86151, -1.17004]
				},
				"foot_left2": {
					"rotation": [10.5, 0, 0]
				},
				"leg_right": {
					"rotation": [-2.05388, 5.19878, 5.01592]
				},
				"figner_center_left": {
					"rotation": [0, 0, 5]
				},
				"shoulder_left": {
					"rotation": ["2.4542-math.sin(q.anim_time*90*0.5)*2", -0.47688, "10.9898+math.sin(q.anim_time*90*0.5)*1"]
				},
				"dread_right": {
					"rotation": ["-47.5+math.sin(q.anim_time*90*1.5)*2", 0, "0-math.sin(q.anim_time*90*1.5)*0.5"]
				},
				"dread_right2": {
					"rotation": ["-7.8663-math.sin(q.anim_time*90*0.5)*5", -11.43692, "3.6572+math.sin(q.anim_time*90*1.5)*2"]
				},
				"crotch_fur": {
					"rotation": ["-25.5+math.sin(q.anim_time*90*1.5)*2", 0, "-math.sin(q.anim_time*90*1.5)*0.5"],
					"position": [0, 0.1, 0],
					"scale": [1, 1.5, 1]
				},
				"eyes": {
					"rotation": [1, 0, 0],
					"position": [0, 0.1, 0],
					"scale": [1, 0.6, 1]
				},
				"foot_left3": {
					"rotation": [0, 0, -5]
				},
				"shoulder_right": {
					"rotation": ["2.4454+math.sin(q.anim_time*90*0.5)*2", 0.51962, "-11.9888-math.sin(q.anim_time*90*0.5)*1"]
				},
				"arm_right": {
					"rotation": ["2.0729+math.sin(q.anim_time*90*0.5)*2", 1.39766, "-33.9746-math.sin(q.anim_time*90*0.5)*1"],
					"scale": [1, 1.4, 1]
				},
				"arm_right2": {
					"rotation": ["2.4034+math.sin(q.anim_time*90*0.5)*2", 0.68887, "-15.9856-math.sin(q.anim_time*90*0.5)*1"],
					"scale": [1, 0.7, 1]
				},
				"hand_right": {
					"rotation": ["2.3779+math.sin(q.anim_time*90*0.5)*2", 0.77233, "-17.9841-math.sin(q.anim_time*90*0.5)*1"],
					"scale": [1, 1.2, 1]
				},
				"figner_front_right": {
					"rotation": [0, 0, -11]
				},
				"figner_center_right": {
					"rotation": [0, 0, -6]
				},
				"figner_back_right": {
					"rotation": [0, 0, -3]
				},
				"dread_left3": {
					"rotation": ["-17.9312-math.sin(q.anim_time*90*0.5)*5", 12.38852, "-3.9713+math.sin(q.anim_time*90*1.5)*2"],
					"position": [0, 0.2, -0.8]
				},
				"dread_back_left3": {
					"rotation": ["-17.5904-math.sin(q.anim_time*90*0.5)*5", "5.7213-math.sin(q.anim_time*90*1.5)*2", "-1.8103+math.sin(q.anim_time*90*1.5)*2"],
					"position": [0, 0, -0.3]
				},
				"dread_back_right3": {
					"rotation": ["-17.5904-math.sin(q.anim_time*90*0.5)*5", "-5.7214-math.sin(q.anim_time*90*0.5)*2", "1.8103+math.sin(q.anim_time*90*1.5)*2"],
					"position": [0, 0, -0.5]
				},
				"dread_right3": {
					"rotation": ["-18.5484-math.sin(q.anim_time*90*0.5)*5", -19.03771, "6.246+math.sin(q.anim_time*90*1.5)*2"],
					"position": [0.1, 0, -0.7]
				},
				"tail": {
					"rotation": ["-0.5+math.sin(q.anim_time*90*1.5)*2", 0, "-math.sin(q.anim_time*90*1.5)*0.5"]
				},
				"torso": {
					"rotation": ["-2.5+math.sin(q.anim_time*90*0.5)*2", 0, "0-math.sin(q.anim_time*90*0.5)*1"],
					"position": [0, 0.3, 0]
				},
				"waist": {
					"rotation": ["4.5-math.sin(q.anim_time*90*0.5)*2", 0, "0+math.sin(q.anim_time*90*0.5)*1"]
				},
				"chest": {
					"rotation": ["6.5+math.sin(q.anim_time*90*0.5)*2", 0, "-math.sin(q.anim_time*90*0.5)*1"]
				},
				"chest_fur_left": {
					"rotation": ["16.3994+math.sin(q.anim_time*90*0.5)*5", -4.16781, "2.7646-math.sin(q.anim_time*90*0.5)*3"]
				},
				"chest_fur_right": {
					"rotation": ["16.3994+math.sin(q.anim_time*90*0.5)*5", -4.16781, "2.7646-math.sin(q.anim_time*90*0.5)*3"]
				},
				"chest_fur_front": {
					"rotation": ["-17.5-math.sin(q.anim_time*90*0.5)*5", 0, "0+math.sin(q.anim_time*90*1.5)*2"]
				},
				"chest_fur_back": {
					"rotation": ["16.3994+math.sin(q.anim_time*90*0.5)*5", -4.16781, "2.7646-math.sin(q.anim_time*90*0.5)*3"]
				},
				"chest_fur_back2": {
					"rotation": ["4.3994+math.sin(q.anim_time*90*0.5)*5", -4.16781, "2.7646-math.sin(q.anim_time*90*0.5)*3"]
				},
				"muzzle": {
					"position": [0, 0, 0]
				},
				"jaw": {
					"rotation": [-2.5, 0, 0]
				},
				"ear_left": {
					"rotation": ["-17.5-math.sin(q.anim_time*90*0.5)*2", 0, "0+math.sin(q.anim_time*90*1.5)*2"]
				},
				"ear_right": {
					"rotation": ["-17.5-math.sin(q.anim_time*90*0.5)*2", 0, "0+math.sin(q.anim_time*90*1.5)*2"]
				},
				"leg_right2": {
					"rotation": ["16.3994+math.sin(q.anim_time*90*0.5)*5", -4.16781, "2.7646-math.sin(q.anim_time*90*0.5)*3"]
				},
				"leg_right3": {
					"rotation": [-6, 0, 0]
				},
				"leg_right4": {
					"rotation": ["4.3994-math.sin(q.anim_time*90*0.5)*5", -4.16781, "2.7646+math.sin(q.anim_time*90*0.5)*3"]
				},
				"foot_right": {
					"rotation": [0, 0, 0]
				},
				"leg_left3": {
					"rotation": ["-6.0318+math.sin(q.anim_time*90*0.5)*5", -9.23303, "-2.1019-math.sin(q.anim_time*90*0.5)*3"]
				}
			}
		},
		"animation.megalucario.ground_walk": {
			"loop": true,
			"bones": {
				"arm_left": {
					"rotation": ["2.0482-math.sin(q.anim_time*90*0.5)*2", -1.4336, "34.9745+math.sin(q.anim_time*90*0.5)*1"],
					"scale": [1, 1.4, 1]
				},
				"arm_left2": {
					"rotation": ["15.6801-8*(math.sin(q.anim_time*90*0.3)*1)-8*(math.sin(q.anim_time*90*0.2)*1)", 8.81192, 19.07481],
					"scale": [1, 0.7, 1]
				},
				"hand_left": {
					"rotation": ["2.4541-math.sin(q.anim_time*90*0.5)*2", -0.47687, "10.9898+math.sin(q.anim_time*90*0.5)*1"],
					"scale": [1, 1.2, 1]
				},
				"figner_front_left": {
					"rotation": [0, 0, 20]
				},
				"figner_back_left": {
					"rotation": [0, 0, 12.5]
				},
				"head": {
					"rotation": ["5.3994+math.sin(q.anim_time*90*0.5)*5", -4.16781, "2.7646-math.sin(q.anim_time*90*0.5)*3"]
				},
				"dread_left": {
					"rotation": ["-62.9302+math.sin(q.anim_time*90*1.5)*2", 4.48267, "-9.5068-math.sin(q.anim_time*90*1.5)*0.5"],
					"position": [0, 0, 0]
				},
				"dread_left2": {
					"rotation": ["-3.5262-math.sin(q.anim_time*90*0.5)*5", 6.98688, "-0.4294+math.sin(q.anim_time*90*1.5)*2"]
				},
				"dread_back_left": {
					"rotation": ["-49.5+math.sin(q.anim_time*90*1.5)*2", 0, "0-math.sin(q.anim_time*90*1.5)*0.5"],
					"position": [-0.5, 0, 0]
				},
				"dread_back_left2": {
					"rotation": ["-6.5485-math.sin(q.anim_time*90*0.5)*5", 6.95478, "-0.7963+math.sin(q.anim_time*90*1.5)*2"]
				},
				"dread_back_right": {
					"rotation": ["-46.5+math.sin(q.anim_time*90*1.5)*2", 0, "0-math.sin(q.anim_time*90*1.5)*0.5"],
					"position": [0.4, 0, 0]
				},
				"dread_back_right2": {
					"rotation": ["-17.5627-math.sin(q.anim_time*90*0.5)*5", -4.76804, "1.5071+math.sin(q.anim_time*90*1.5)*2"]
				},
				"leg_left": {
					"rotation": ["-8+8*(math.sin(q.anim_time*150*1.3)*1)+8*(math.sin(q.anim_time*150*2/2)*1)", 0, 0],
					"position": [0, -0.6, -0.4]
				},
				"leg_left2": {
					"rotation": [0, -7.5, 0]
				},
				"leg_left4": {
					"rotation": ["14.5+8*(math.sin(q.anim_time*90*1.3)*1)+8*(math.sin(q.anim_time*90*2)*1)", 0, 0]
				},
				"foot_left": {
					"rotation": ["-17+8*(math.sin(q.anim_time*90*0.8)*1)+8*(math.sin(q.anim_time*90*1)*1)", 0, 0]
				},
				"foot_left2": {
					"rotation": [16.5, 0, 0]
				},
				"leg_right": {
					"rotation": ["8-8*(math.sin(q.anim_time*150*1.3)*1)-8*(math.sin(q.anim_time*150*2/2)*1)", 0, 0],
					"position": [0, 0, -1]
				},
				"figner_center_left": {
					"rotation": [0, 0, 5]
				},
				"shoulder_left": {
					"rotation": ["2.4542-math.sin(q.anim_time*90*0.5)*2", -0.47688, "10.9898+math.sin(q.anim_time*90*0.5)*1"]
				},
				"dread_right": {
					"rotation": ["-47.5+math.sin(q.anim_time*90*1.5)*2", 0, "0-math.sin(q.anim_time*90*1.5)*0.5"]
				},
				"dread_right2": {
					"rotation": ["-7.8663-math.sin(q.anim_time*90*0.5)*5", -11.43692, "3.6572+math.sin(q.anim_time*90*1.5)*2"]
				},
				"crotch_fur": {
					"rotation": ["-50.5227+math.sin(q.anim_time*90*3.5)*2", 0.65967, "-3.9453-math.sin(q.anim_time*90*1.5)*0.5"],
					"position": [0, 0.1, 0],
					"scale": [1, 1.5, 1]
				},
				"eyes": {
					"rotation": [1, 0, 0],
					"position": [0, 0.1, 0],
					"scale": [1, 0.6, 1]
				},
				"foot_left3": {
					"rotation": [-4, 0, -5]
				},
				"shoulder_right": {
					"rotation": ["2.4454+math.sin(q.anim_time*90*0.5)*2", 0.51962, "-11.9888-math.sin(q.anim_time*90*0.5)*1"]
				},
				"arm_right": {
					"rotation": ["2.1394+math.sin(q.anim_time*90*0.5)*2", 14.38895, "-33.4932-math.sin(q.anim_time*90*0.5)*1"],
					"scale": [1, 1.4, 1]
				},
				"arm_right2": {
					"rotation": ["3.8111-8*(math.sin(q.anim_time*90*0.3)*1)-8*(math.sin(q.anim_time*90*0.2)*1)", -23.56339, -10.91631],
					"scale": [1, 0.7, 1]
				},
				"hand_right": {
					"rotation": ["2.3779+math.sin(q.anim_time*90*0.5)*2", 0.77233, "-17.9841-math.sin(q.anim_time*90*0.5)*1"],
					"scale": [1, 1.2, 1]
				},
				"figner_front_right": {
					"rotation": [0, 0, -11]
				},
				"figner_center_right": {
					"rotation": [0, 0, -6]
				},
				"figner_back_right": {
					"rotation": [0, 0, -3]
				},
				"dread_left3": {
					"rotation": ["-17.9312-math.sin(q.anim_time*90*0.5)*5", 12.38852, "-3.9713+math.sin(q.anim_time*90*1.5)*2"],
					"position": [0, 0.2, -0.8]
				},
				"dread_back_left3": {
					"rotation": ["-17.5904-math.sin(q.anim_time*90*0.5)*5", "5.7213-math.sin(q.anim_time*90*1.5)*2", "-1.8103+math.sin(q.anim_time*90*1.5)*2"],
					"position": [0, 0, -0.3]
				},
				"dread_back_right3": {
					"rotation": ["-17.5904-math.sin(q.anim_time*90*0.5)*5", "-5.7214-math.sin(q.anim_time*90*0.5)*2", "1.8103+math.sin(q.anim_time*90*1.5)*2"],
					"position": [0, 0, -0.5]
				},
				"dread_right3": {
					"rotation": ["-18.5484-math.sin(q.anim_time*90*0.5)*5", -19.03771, "6.246+math.sin(q.anim_time*90*1.5)*2"],
					"position": [0.1, 0, -0.7]
				},
				"tail": {
					"rotation": ["2+math.sin(q.anim_time*190*1.5)*2", 0, "0-math.sin(q.anim_time*90*1.5)*0.5"]
				},
				"torso": {
					"rotation": ["8-8*(math.sin(q.anim_time*90*0.3)*1)-8*(math.sin(q.anim_time*90*0.2)*1)", 0, 0],
					"position": [0, 0.3, 0]
				},
				"waist": {
					"rotation": ["4+8*(math.sin(q.anim_time*90*0.3)*1)+8*(math.sin(q.anim_time*90*0.2)*1)", 0, 0]
				},
				"chest": {
					"rotation": [
						"3.4268-8*(math.sin(q.anim_time*90*0.3)*1)-8*(math.sin(q.anim_time*90*0.2)*1)",
						"-0.9107-0.4*(math.sin(q.anim_time*90*0.3)*1)+1*(math.sin(q.anim_time*90*0.2)*1)",
						"-4.4368-1*(math.sin(q.anim_time*90*0.3)*1)+1*(math.sin(q.anim_time*90*0.2)*1)"
					]
				},
				"chest_fur_left": {
					"rotation": ["16.3994+math.sin(q.anim_time*90*0.5)*5", -4.16781, "2.7646-math.sin(q.anim_time*90*0.5)*3"]
				},
				"chest_fur_right": {
					"rotation": ["16.3994+math.sin(q.anim_time*90*0.5)*5", -4.16781, "2.7646-math.sin(q.anim_time*90*0.5)*3"]
				},
				"chest_fur_front": {
					"rotation": ["-17.5-math.sin(q.anim_time*90*0.5)*5", 0, "0+math.sin(q.anim_time*90*1.5)*2"]
				},
				"chest_fur_back": {
					"rotation": ["16.3994+math.sin(q.anim_time*90*0.5)*5", -4.16781, "2.7646-math.sin(q.anim_time*90*0.5)*3"]
				},
				"chest_fur_back2": {
					"rotation": ["4.3994+math.sin(q.anim_time*90*0.5)*5", -4.16781, "2.7646-math.sin(q.anim_time*90*0.5)*3"]
				},
				"muzzle": {
					"position": [0, 0, 0]
				},
				"jaw": {
					"rotation": [-2.5, 0, 0]
				},
				"ear_left": {
					"rotation": ["-17.5-math.sin(q.anim_time*90*0.5)*2", 0, "0+math.sin(q.anim_time*90*1.5)*2"]
				},
				"ear_right": {
					"rotation": ["-17.5-math.sin(q.anim_time*90*0.5)*2", 0, "0+math.sin(q.anim_time*90*1.5)*2"]
				},
				"leg_right2": {
					"rotation": ["16.3994+math.sin(q.anim_time*90*0.5)*5", -4.16781, "2.7646-math.sin(q.anim_time*90*0.5)*3"]
				},
				"leg_right3": {
					"rotation": [-6, 0, 0]
				},
				"leg_right4": {
					"rotation": ["14.5-8*(math.sin(q.anim_time*90*1.3)*1)-8*(math.sin(q.anim_time*90*2)*1)", 0, 0]
				},
				"foot_right": {
					"rotation": ["-11-8*(math.sin(q.anim_time*90*0.8)*1)-8*(math.sin(q.anim_time*90*1)*1)", 0, 0]
				},
				"leg_left3": {
					"rotation": ["-6.0318+math.sin(q.anim_time*90*0.5)*5", -9.23303, "-2.1019-math.sin(q.anim_time*90*0.5)*3"]
				},
				"foot_right2": {
					"rotation": [8, 0, 0]
				},
				"foot_right3": {
					"rotation": [-4, 0, 0]
				},
				"bone": {
					"position": [0, 0, -0.3],
					"scale": [1, 0.7, 0.8]
				},
				"bone2": {
					"position": [0, 0, -0.3],
					"scale": [1, 0.7, 0.8]
				}
			}
		},
		"animation.megalucario.faint": {
			"animation_length": 1.45833,
			"bones": {
				"arm_left": {
					"rotation": {
						"0.0": ["2.0482-math.sin(q.anim_time*90*0.5)*2", -1.4336, "34.9745+math.sin(q.anim_time*90*0.5)*1"],
						"0.75": ["1.9197-math.sin(q.anim_time*90*0.5)*2", -1.50981, "39.9756+math.sin(q.anim_time*90*0.5)*1"]
					},
					"scale": [1, 1.4, 1]
				},
				"arm_left2": {
					"rotation": ["2.391-math.sin(q.anim_time*90*0.5)*2", -0.73071, "16.9848+math.sin(q.anim_time*90*0.5)*1"],
					"scale": [1, 0.7, 1]
				},
				"hand_left": {
					"rotation": {
						"0.0": ["2.4541-math.sin(q.anim_time*90*0.5)*2", -0.47687, "10.9898+math.sin(q.anim_time*90*0.5)*1"],
						"0.75": ["2.5164-math.sin(q.anim_time*90*0.5)*2", -0.23645, "0.9924+math.sin(q.anim_time*90*0.5)*1"]
					},
					"scale": [1, 1.2, 1]
				},
				"figner_front_left": {
					"rotation": [0, 0, 20]
				},
				"figner_back_left": {
					"rotation": [0, 0, 12.5]
				},
				"head": {
					"rotation": {
						"0.0": ["5.3994+math.sin(q.anim_time*90*0.5)*5", -4.16781, "2.7646-math.sin(q.anim_time*90*0.5)*3"],
						"0.9583": ["-11.6006+math.sin(q.anim_time*90*0.5)*5", -4.16781, "2.7646-math.sin(q.anim_time*90*0.5)*3"]
					}
				},
				"dread_left": {
					"rotation": {
						"0.0": ["-62.9302+math.sin(q.anim_time*90*1.5)*2", 4.48267, "-9.5068-math.sin(q.anim_time*90*1.5)*0.5"],
						"0.9583": ["-55.9302+math.sin(q.anim_time*90*1.5)*2", 4.48267, "-9.5068-math.sin(q.anim_time*90*1.5)*0.5"]
					},
					"position": [0, 0, 0]
				},
				"dread_left2": {
					"rotation": {
						"0.0": ["-3.5262-math.sin(q.anim_time*90*0.5)*5", 6.98688, "-0.4294+math.sin(q.anim_time*90*1.5)*2"],
						"0.9583": ["19.1112-math.sin(q.anim_time*90*0.5)*5", 17.59568, "2.5513+math.sin(q.anim_time*90*1.5)*2"]
					}
				},
				"dread_back_left": {
					"rotation": {
						"0.0": ["-49.5+math.sin(q.anim_time*90*1.5)*2", 0, "0-math.sin(q.anim_time*90*1.5)*0.5"],
						"0.9583": ["-36.9527+math.sin(q.anim_time*90*1.5)*2", 4.90558, "-3.4853-math.sin(q.anim_time*90*1.5)*0.5"]
					},
					"position": [-0.5, 0, 0]
				},
				"dread_back_left2": {
					"rotation": {
						"0.0": ["-6.5485-math.sin(q.anim_time*90*0.5)*5", 6.95478, "-0.7963+math.sin(q.anim_time*90*1.5)*2"],
						"0.9583": ["12.8943-math.sin(q.anim_time*90*0.5)*5", 18.79977, "1.1799+math.sin(q.anim_time*90*1.5)*2"]
					}
				},
				"dread_back_right": {
					"rotation": {
						"0.0": ["-46.5+math.sin(q.anim_time*90*1.5)*2", 0, "0-math.sin(q.anim_time*90*1.5)*0.5"],
						"0.9583": ["-34.5+math.sin(q.anim_time*90*1.5)*2", 0, "0-math.sin(q.anim_time*90*1.5)*0.5"]
					},
					"position": [0.4, 0, 0]
				},
				"dread_back_right2": {
					"rotation": {
						"0.0": ["-17.5627-math.sin(q.anim_time*90*0.5)*5", -4.76804, "1.5071+math.sin(q.anim_time*90*1.5)*2"],
						"0.9583": ["6.4373-math.sin(q.anim_time*90*0.5)*5", -4.76804, "1.5071+math.sin(q.anim_time*90*1.5)*2"]
					}
				},
				"leg_left": {
					"rotation": {
						"0.0": ["2.4984-math.sin(q.anim_time*90*0.5)*2", 0.0872, "-1.9979+math.sin(q.anim_time*90*0.5)*1"],
						"0.75": ["-15.0016-math.sin(q.anim_time*90*0.5)*2", 0.0872, "-1.9979+math.sin(q.anim_time*90*0.5)*1"],
						"1.2917": ["-40.8016-math.sin(q.anim_time*90*0.5)*2", 0, "-0.8492+math.sin(q.anim_time*90*0.5)*1"]
					},
					"position": [0, 0, -0.4]
				},
				"leg_left2": {
					"rotation": [0, -7.5, 0]
				},
				"leg_left4": {
					"rotation": {
						"0.0": ["16.3994+math.sin(q.anim_time*90*0.5)*5", -4.16781, "2.7646-math.sin(q.anim_time*90*0.5)*3"],
						"1.2917": ["36.3994+math.sin(q.anim_time*90*0.5)*5", -4.16781, "2.7646-math.sin(q.anim_time*90*0.5)*3"]
					}
				},
				"foot_left": {
					"rotation": [-11.45033, -4.86151, -1.17004]
				},
				"foot_left2": {
					"rotation": [10.5, 0, 0]
				},
				"leg_right": {
					"rotation": {
						"0.0": [-2.05388, 5.19878, 5.01592],
						"1.1667": [10.44612, 5.19878, 5.01592]
					}
				},
				"figner_center_left": {
					"rotation": [0, 0, 5]
				},
				"shoulder_left": {
					"rotation": ["2.4542-math.sin(q.anim_time*90*0.5)*2", -0.47688, "10.9898+math.sin(q.anim_time*90*0.5)*1"]
				},
				"dread_right": {
					"rotation": {
						"0.0": ["-47.5+math.sin(q.anim_time*90*1.5)*2", 0, "0-math.sin(q.anim_time*90*1.5)*0.5"],
						"0.9583": ["-36.5+math.sin(q.anim_time*90*1.5)*2", 0, "-math.sin(q.anim_time*90*1.5)*0.5"]
					}
				},
				"dread_right2": {
					"rotation": ["-7.8663-math.sin(q.anim_time*90*0.5)*5", -11.43692, "3.6572+math.sin(q.anim_time*90*1.5)*2"]
				},
				"crotch_fur": {
					"rotation": {
						"0.0": ["-25.5+math.sin(q.anim_time*90*1.5)*2", 0, "-math.sin(q.anim_time*90*1.5)*0.5"],
						"0.5417": [-44.03893, -2.27639, -2.96672],
						"1.125": ["-103.2866+math.sin(q.anim_time*90*1.5)*2", -4.72788, "-5.1679-math.sin(q.anim_time*90*1.5)*0.5"]
					},
					"position": {
						"0.0": [0, 0.1, 0],
						"1.125": [0, 0.4, 0]
					},
					"scale": [1, 1.5, 1]
				},
				"eyes": {
					"rotation": [1, 0, 0],
					"position": [0, 0.1, 0],
					"scale": [1, 0.6, 1]
				},
				"foot_left3": {
					"rotation": [0, 0, -5]
				},
				"shoulder_right": {
					"rotation": ["2.4454+math.sin(q.anim_time*90*0.5)*2", 0.51962, "-11.9888-math.sin(q.anim_time*90*0.5)*1"]
				},
				"arm_right": {
					"rotation": {
						"0.0": ["2.0729+math.sin(q.anim_time*90*0.5)*2", 1.39766, "-33.9746-math.sin(q.anim_time*90*0.5)*1"],
						"0.75": ["2.3455+math.sin(q.anim_time*90*0.5)*2", 0.37615, "-16.5022-math.sin(q.anim_time*90*0.5)*1"],
						"1.2917": ["2.6655+math.sin(q.anim_time*90*0.5)*2", -22.06494, "-18.1709-math.sin(q.anim_time*90*0.5)*1"]
					},
					"scale": [1, 1.4, 1]
				},
				"arm_right2": {
					"rotation": {
						"0.0": ["2.4034+math.sin(q.anim_time*90*0.5)*2", 0.68887, "-15.9856-math.sin(q.anim_time*90*0.5)*1"],
						"0.75": ["2.4619+math.sin(q.anim_time*90*0.5)*2", -0.2436, "-1.0144-math.sin(q.anim_time*90*0.5)*1"],
						"1.125": ["-8.8996+math.sin(q.anim_time*90*0.5)*2", -1.29242, "-17.3274-math.sin(q.anim_time*90*0.5)*1"],
						"1.4583": ["-13.3701+math.sin(q.anim_time*90*0.5)*2", -51.72198, "-8.2797-math.sin(q.anim_time*90*0.5)*1"]
					},
					"scale": [1, 0.7, 1]
				},
				"hand_right": {
					"rotation": {
						"0.0": ["2.3779+math.sin(q.anim_time*90*0.5)*2", 0.77233, "-17.9841-math.sin(q.anim_time*90*0.5)*1"],
						"0.75": ["2.4316+math.sin(q.anim_time*90*0.5)*2", -0.46675, "1.9779-math.sin(q.anim_time*90*0.5)*1"],
						"1.125": ["2.4582+math.sin(q.anim_time*90*0.5)*2", 0.05605, "-5.5039-math.sin(q.anim_time*90*0.5)*1"]
					},
					"scale": [1, 1.2, 1]
				},
				"figner_front_right": {
					"rotation": [0, 0, -11]
				},
				"figner_center_right": {
					"rotation": [0, 0, -6]
				},
				"figner_back_right": {
					"rotation": [0, 0, -3]
				},
				"dread_left3": {
					"rotation": {
						"0.0": ["-17.9312-math.sin(q.anim_time*90*0.5)*5", 12.38852, "-3.9713+math.sin(q.anim_time*90*1.5)*2"],
						"0.9583": ["21.0688-math.sin(q.anim_time*90*0.5)*5", 12.38852, "-3.9713+math.sin(q.anim_time*90*1.5)*2"]
					},
					"position": [0, 0.2, -0.8]
				},
				"dread_back_left3": {
					"rotation": {
						"0.0": ["-17.5904-math.sin(q.anim_time*90*0.5)*5", "5.7213-math.sin(q.anim_time*90*1.5)*2", "-1.8103+math.sin(q.anim_time*90*1.5)*2"],
						"0.9583": ["20.4096-math.sin(q.anim_time*90*0.5)*5", "5.7213-math.sin(q.anim_time*90*1.5)*2", "-1.8103+math.sin(q.anim_time*90*1.5)*2"]
					},
					"position": [0, 0, -0.3]
				},
				"dread_back_right3": {
					"rotation": {
						"0.0": ["-17.5904-math.sin(q.anim_time*90*0.5)*5", "-5.7214-math.sin(q.anim_time*90*0.5)*2", "1.8103+math.sin(q.anim_time*90*1.5)*2"],
						"0.9583": ["9.4096-math.sin(q.anim_time*90*0.5)*5", "-5.7214-math.sin(q.anim_time*90*0.5)*2", "1.8103+math.sin(q.anim_time*90*1.5)*2"]
					},
					"position": [0, 0, -0.5]
				},
				"dread_right3": {
					"rotation": {
						"0.0": ["-18.5484-math.sin(q.anim_time*90*0.5)*5", -19.03771, "6.246+math.sin(q.anim_time*90*1.5)*2"],
						"0.9583": ["5.4516-math.sin(q.anim_time*90*0.5)*5", -19.03771, "6.246+math.sin(q.anim_time*90*1.5)*2"]
					},
					"position": [0.1, 0, -0.7]
				},
				"tail": {
					"rotation": ["-0.5+math.sin(q.anim_time*90*1.5)*2", 0, "-math.sin(q.anim_time*90*1.5)*0.5"]
				},
				"torso": {
					"rotation": {
						"0.0": ["-2.5+math.sin(q.anim_time*90*0.5)*2", 0, "0-math.sin(q.anim_time*90*0.5)*1"],
						"1.2917": ["5+math.sin(q.anim_time*90*0.5)*2", 0, "-math.sin(q.anim_time*90*0.5)*1"]
					},
					"position": [0, 0.3, 0]
				},
				"waist": {
					"rotation": {
						"0.0": ["4.5-math.sin(q.anim_time*90*0.5)*2", 0, "0+math.sin(q.anim_time*90*0.5)*1"],
						"0.75": ["-18-math.sin(q.anim_time*90*0.5)*2", 0, "0+math.sin(q.anim_time*90*0.5)*1"],
						"1.2917": ["-27-math.sin(q.anim_time*90*0.5)*2", 0, "0+math.sin(q.anim_time*90*0.5)*1"]
					},
					"position": {
						"0.0": [0, 0, 0],
						"0.75": [0, -0.8, 0],
						"1.2917": [0, -1.4, 0]
					}
				},
				"chest": {
					"rotation": {
						"0.0": ["6.5+math.sin(q.anim_time*90*0.5)*2", 0, "-math.sin(q.anim_time*90*0.5)*1"],
						"0.75": ["-6+math.sin(q.anim_time*90*0.5)*2", 0, "-math.sin(q.anim_time*90*0.5)*1"]
					}
				},
				"chest_fur_left": {
					"rotation": ["16.3994+math.sin(q.anim_time*90*0.5)*5", -4.16781, "2.7646-math.sin(q.anim_time*90*0.5)*3"]
				},
				"chest_fur_right": {
					"rotation": ["16.3994+math.sin(q.anim_time*90*0.5)*5", -4.16781, "2.7646-math.sin(q.anim_time*90*0.5)*3"]
				},
				"chest_fur_front": {
					"rotation": ["-17.5-math.sin(q.anim_time*90*0.5)*5", 0, "0+math.sin(q.anim_time*90*1.5)*2"]
				},
				"chest_fur_back": {
					"rotation": ["16.3994+math.sin(q.anim_time*90*0.5)*5", -4.16781, "2.7646-math.sin(q.anim_time*90*0.5)*3"]
				},
				"chest_fur_back2": {
					"rotation": ["4.3994+math.sin(q.anim_time*90*0.5)*5", -4.16781, "2.7646-math.sin(q.anim_time*90*0.5)*3"]
				},
				"muzzle": {
					"rotation": {
						"0.0": [0, 0, 0],
						"0.625": [-17, 0, 0],
						"1.375": [-4.5, 0, 0]
					},
					"position": [0, 0, 0]
				},
				"jaw": {
					"rotation": {
						"0.0": [-2.5, 0, 0],
						"0.2917": [-0.57, 0, 0],
						"0.4167": [0.33, 0, 0],
						"0.625": [44.5, 0, 0],
						"1.375": [-8, 0, 0]
					}
				},
				"ear_left": {
					"rotation": ["-17.5-math.sin(q.anim_time*90*0.5)*2", 0, "0+math.sin(q.anim_time*90*1.5)*2"]
				},
				"ear_right": {
					"rotation": ["-17.5-math.sin(q.anim_time*90*0.5)*2", 0, "0+math.sin(q.anim_time*90*1.5)*2"]
				},
				"leg_right2": {
					"rotation": {
						"0.0": ["16.3994+math.sin(q.anim_time*90*0.5)*5", -4.16781, "2.7646-math.sin(q.anim_time*90*0.5)*3"],
						"0.9583": ["26.3994+math.sin(q.anim_time*90*0.5)*5", -4.16781, "2.7646-math.sin(q.anim_time*90*0.5)*3"],
						"1.1667": ["8.8994+math.sin(q.anim_time*90*0.5)*5", -4.16781, "2.7646-math.sin(q.anim_time*90*0.5)*3"]
					}
				},
				"leg_right3": {
					"rotation": {
						"0.0": [-6, 0, 0],
						"0.9583": [-11, 0, 0]
					}
				},
				"leg_right4": {
					"rotation": ["4.3994-math.sin(q.anim_time*90*0.5)*5", -4.16781, "2.7646+math.sin(q.anim_time*90*0.5)*3"]
				},
				"foot_right": {
					"rotation": [0, 0, 0]
				},
				"leg_left3": {
					"rotation": {
						"0.0": ["-6.0318+math.sin(q.anim_time*90*0.5)*5", -9.23303, "-2.1019-math.sin(q.anim_time*90*0.5)*3"],
						"1.2917": ["9.6985+math.sin(q.anim_time*90*0.5)*5", -16.92118, "-2.0921-math.sin(q.anim_time*90*0.5)*3"]
					}
				},
				"lucario": {
					"rotation": {
						"0.0": [0, 0, 0],
						"1.2917": [-25, 0, 0]
					},
					"scale": {
						"0.0": [1, 1, 1],
						"1.0417": [1, 1, 1],
						"1.4583": [0, 0, 0]
					}
				},
				"body": {
					"rotation": {
						"0.0": [0, 0, 0],
						"1.2917": [0, 0, 0]
					}
				},
				"eyelid_left": {
					"position": {
						"0.0": [0, 0, 0],
						"0.2917": [0.1, 0, -0.1]
					}
				},
				"eye_neutral_right": {
					"position": {
						"0.0": [0, 0, 0],
						"0.2917": [0, 0, 0]
					}
				},
				"eyelid_right": {
					"position": {
						"0.0": [0, 0, 0],
						"0.2917": [-0.1, 0, -0.1]
					}
				},
				"arm_spike_left": {
					"rotation": {
						"0.0": [0, 0, 0],
						"0.75": [0, 0, -15]
					}
				},
				"arm_spike_right": {
					"rotation": {
						"0.0": [0, 0, 0],
						"0.75": [0, 0, 15]
					}
				}
			}
		},
		"animation.megalucario.blink": {
			"animation_length": 0.16667,
			"bones": {
				"eyelid_left": {
					"position": {
						"0.0": [0.1, 0, -0.1],
						"0.125": [0.1, 0, -0.1],
						"0.1667": [0, 0, 0]
					}
				},
				"eyelid_right": {
					"position": {
						"0.0": [-0.1, 0, -0.1],
						"0.125": [-0.1, 0, -0.1],
						"0.1667": [0, 0, 0]
					}
				}
			}
		}
	}
}