{
    "species": "cobblemon:capsakid",
    "order": 0,
    "variations": [
        {
            "aspects": [],
            "poser": "cobblemon:capsakid",
            "model": "cobblemon:capsakid.geo",
            "texture": "cobblemon:textures/pokemon/capsakid/capsakid.png",
            "layers": []
        },
        {
            "aspects": [
                "shiny"
            ],
            "texture": "cobblemon:textures/pokemon/capsakid/capsakid_shiny.png",
            "layers": []
        }
    ]
}