{
    "species": "cobblemon:duraludon",
    "order": 0,
    "variations": [
        {
            "aspects": [],
            "poser": "cobblemon:duraludon",
            "model": "cobblemon:duraludon.geo",
            "texture": "cobblemon:textures/pokemon/duraludon/duraludon.png",
            "layers": []
        },
        {
            "aspects": [
                "shiny"
            ],
            "texture": "cobblemon:textures/pokemon/duraludon/duraludon_shiny.png",
            "layers": []
        }
    ]
}