{
    "species": "cobblemon:eelektross",
    "order": 0,
    "variations": [
        {
            "aspects": [],
            "poser": "cobblemon:eelektross",
            "model": "cobblemon:eelektross.geo",
            "texture": "cobblemon:textures/pokemon/eelektross/eelektross.png",
            "layers": []
        },
        {
            "aspects": [
                "shiny"
            ],
            "texture": "cobblemon:textures/pokemon/eelektross/eelektross_shiny.png",
            "layers": []
        }
    ]
}