{
    "species": "cobblemon:sandile",
    "order": 0,
    "variations": [
        {
            "aspects": [],
            "poser": "cobblemon:sandile",
            "model": "cobblemon:sandile.geo",
            "texture": "cobblemon:textures/pokemon/sandile/sandile.png",
            "layers": [
            ]
        },
        {
            "aspects": [
                "shiny"
            ],
            "texture": "cobblemon:textures/pokemon/sandile/sandile_shiny.png",
            "layers": [
            ]
        }
    ]
}