{
    "species": "cobblemon:seismitoad",
    "order": 0,
    "variations": [
        {
            "aspects": [],
            "poser": "cobblemon:seismitoad",
            "model": "cobblemon:seismitoad.geo",
            "texture": "cobblemon:textures/pokemon/seismitoad/seismitoad.png",
            "layers": []
        },
        {
            "aspects": [
                "shiny"
            ],
            "texture": "cobblemon:textures/pokemon/seismitoad/seismitoad_shiny.png",
            "layers": []
        }
    ]
}