{
    "species": "cobblemon:turtonator",
    "order": 0,
    "variations": [
        {
            "aspects": [],
            "poser": "cobblemon:turtonator",
            "model": "cobblemon:turtonator.geo",
            "texture": "cobblemon:textures/pokemon/turtonator/turtonator.png",
            "layers": [
            ]
        },
        {
            "aspects": [
                "shiny"
            ],
            "texture": "cobblemon:textures/pokemon/turtonator/turtonator_shiny.png",
            "layers": [
            ]
        }
    ]
}