{
    "species": "cobblemon:tympole",
    "order": 0,
    "variations": [
        {
            "aspects": [],
            "poser": "cobblemon:tympole",
            "model": "cobblemon:tympole.geo",
            "texture": "cobblemon:textures/pokemon/tympole/tympole.png",
            "layers": []
        },
        {
            "aspects": [
                "shiny"
            ],
            "texture": "cobblemon:textures/pokemon/tympole/tympole_shiny.png",
            "layers": []
        }
    ]
}