{
    "species": "cobblemon:avalugg",
    "order": 1,
    "variations": [
        {
            "aspects": [
                "hisuian"
            ],
            "model": "cobblemon:avalugg_hisuian.geo",
            "poser": "cobblemon:avalugg",
            "texture": "cobblemon:textures/pokemon/avalugg/avalugg_hisuian.png"
        },
        {
            "aspects": [
                "hisuian",
                "shiny"
            ],
            "texture": "cobblemon:textures/pokemon/avalugg/avalugg_hisuian_shiny.png"
        }
    ]
}