{
    "species": "cobblemon:electrode",
    "order": 1,
    "variations": [
        {
            "aspects": [
                "hisuian"
            ],
            "model": "cobblemon:electrode_hisuian.geo",
            "poser": "cobblemon:electrode_hisuian",
            "texture": "cobblemon:textures/pokemon/electrode/electrode_hisuian.png"
        },
        {
            "aspects": [
                "hisuian",
                "shiny"
            ],
            "texture": "cobblemon:textures/pokemon/electrode/electrode_hisuian_shiny.png"
        }
    ]
}