{
    "species": "cobblemon:eternatus",
    "order": 1,
    "variations": [
        {
            "aspects": [ "eternamax-wild" ],
            "poser": "cobblemon:eternamax",
            "model": "cobblemon:eternamax.geo",
            "texture": "cobblemon:textures/pokemon/eternamax/eternamax.png",
            "layers": [
                {
                    "name": "emissive",
                    "texture": "cobblemon:textures/pokemon/eternamax/eternamax_emissive.png",
                    "emissive": true
                }
            ]
        },
        {
            "aspects": [
                "shiny",
                "eternamax-wild"
            ],
            "texture": "cobblemon:textures/pokemon/eternamax/eternamax_shiny.png",
            "layers": [
                {
                    "name": "emissive",
                    "texture": "cobblemon:textures/pokemon/eternamax/eternamax_emissive_shiny.png",
                    "emissive": true
                }
            ]
        }
    ]
}