{
    "species": "cobblemon:corsola",
    "order": 3,
    "variations": [
        {
            "aspects": [ "coral-bubble" ],
            "poser": "cobblemon:corsola",
            "model": "cobblemon:corsola_bubble.geo",
            "texture": "cobblemon:textures/pokemon/corsola/corsola_bubble.png",
            "layers": []
        },
        {
            "aspects": [
                "shiny",
                "bubble"
            ],
            "texture": "cobblemon:textures/pokemon/corsola/corsola_bubble_shiny.png",
            "layers": []
        }
    ]
}