{
	"format_version": "1.12.0",
	"minecraft:geometry": [
		{
			"description": {
				"identifier": "geometry.corsola",
				"texture_width": 128,
				"texture_height": 128,
				"visible_bounds_width": 2,
				"visible_bounds_height": 2.5,
				"visible_bounds_offset": [0, 0.75, 0]
			},
			"bones": [
				{
					"name": "corsola",
					"pivot": [0, 0, 0]
				},
				{
					"name": "head",
					"parent": "corsola",
					"pivot": [0, 1, 0],
					"cubes": [
						{"origin": [-7.79758, -0.33853, -1.88207], "size": [4, 5, 4], "inflate": -1, "pivot": [-4.5, 1, 0], "rotation": [-0.62918, 0.77438, 17.13299], "uv": [56, 39]},
						{"origin": [-7.79758, 0.26147, 3.41793], "size": [4, 5, 4], "inflate": -1, "pivot": [-4.5, 1, 0], "rotation": [9.37082, 0.77438, 17.13299], "uv": [56, 39]},
						{"origin": [-7, 4.9, -7], "size": [14, 8, 14], "inflate": -0.6, "uv": [0, 27]},
						{"origin": [-7, 2, -7], "size": [14, 13, 14], "inflate": -1.1, "uv": [0, 0]},
						{"origin": [3.79758, 0.26147, 3.41793], "size": [4, 5, 4], "inflate": -1, "pivot": [4.5, 1, 0], "rotation": [9.37082, -0.77438, -17.13299], "uv": [56, 39], "mirror": true},
						{"origin": [4.3, 0.4, -7.9], "size": [4, 5, 4], "inflate": -1, "pivot": [5, 2, -3.8], "rotation": [-20.384, -0.211, -21.96018], "uv": [58, 22]},
						{"origin": [-7.3, 11.3, -3.2], "size": [4, 11, 4], "inflate": -1, "pivot": [3.7, 10.8, -2.4], "rotation": [-13, 27.5, -15], "uv": [0, 49]},
						{"origin": [-7.3, 18.3, -3.2], "size": [4, 4, 6], "inflate": -1.4, "pivot": [3.7, 10.8, -2.4], "rotation": [-13, 27.5, -15], "uv": [44, 2]},
						{"origin": [-7.3, 17.9, -9], "size": [4, 4, 6], "inflate": -1.4, "pivot": [3.7, 10.8, -2.4], "rotation": [-32, 27.5, -15], "uv": [44, 2]},
						{"origin": [-7.1, 19.7, -3.3], "size": [4, 7, 4], "inflate": -1.2, "pivot": [3.9, 10.2, -2.4], "rotation": [-13, 27.5, -15], "uv": [32, 49]},
						{"origin": [-8.3, 0.4, -7.9], "size": [4, 5, 4], "inflate": -1, "pivot": [-5, 2, -3.8], "rotation": [-20.384, 0.211, 21.96018], "uv": [58, 22], "mirror": true},
						{"origin": [-5.9, 9.5, -4.5], "size": [4, 11, 4], "inflate": -1, "pivot": [-3.3, 10.8, -2.4], "rotation": [14.99736, -26.99922, -17.17804], "uv": [16, 49]},
						{"origin": [-5.9, 16.5, -3.5], "size": [4, 4, 6], "inflate": -1.4, "pivot": [-3.3, 10.8, -2.4], "rotation": [20.99736, -26.99922, -17.17804], "uv": [44, 29]},
						{"origin": [-5.9, 16.5, -5.4], "size": [4, 4, 0], "inflate": -1.4, "pivot": [-3.3, 10.8, -2.4], "rotation": [3.99736, -26.99922, -17.17804], "uv": [50, 35]},
						{"origin": [-5.7, 17.9, -4.3], "size": [4, 6, 4], "inflate": -1.2, "pivot": [-3.1, 10.2, -2.4], "rotation": [14.99736, -26.99922, -17.17804], "uv": [56, 12]},
						{"origin": [3.1, 19.7, -3.3], "size": [4, 7, 4], "inflate": -1.2, "pivot": [-3.9, 10.2, -2.4], "rotation": [-13, -27.5, 15], "uv": [32, 49], "mirror": true},
						{"origin": [1.7, 17.9, -4.3], "size": [4, 6, 4], "inflate": -1.2, "pivot": [3.1, 10.2, -2.4], "rotation": [14.99736, 26.99922, 17.17804], "uv": [56, 12], "mirror": true},
						{"origin": [3.79758, -0.33853, -1.88207], "size": [4, 5, 4], "inflate": -1, "pivot": [4.5, 1, 0], "rotation": [-0.62918, -0.77438, -17.13299], "uv": [56, 39], "mirror": true},
						{"origin": [3.3, 17.9, -9], "size": [4, 4, 6], "inflate": -1.4, "pivot": [-3.7, 10.8, -2.4], "rotation": [-32, -27.5, 15], "uv": [44, 2], "mirror": true},
						{"origin": [1.9, 16.5, -5.4], "size": [4, 4, 0], "inflate": -1.4, "pivot": [3.3, 10.8, -2.4], "rotation": [3.99736, 26.99922, 17.17804], "uv": [50, 35], "mirror": true},
						{"origin": [1.9, 9.5, -4.5], "size": [4, 11, 4], "inflate": -1, "pivot": [3.3, 10.8, -2.4], "rotation": [14.99736, 26.99922, 17.17804], "uv": [16, 49], "mirror": true},
						{"origin": [3.3, 11.3, -3.2], "size": [4, 11, 4], "inflate": -1, "pivot": [-3.7, 10.8, -2.4], "rotation": [-13, -27.5, 15], "uv": [0, 49], "mirror": true},
						{"origin": [-1.9, 12.7, -8.3], "size": [4, 6, 4], "inflate": -1, "pivot": [-0.5, 15, -5], "rotation": [51, 0, 0], "uv": [48, 49]},
						{"origin": [-1.9, 16.4, -8.3], "size": [4, 6, 4], "inflate": -1.25, "pivot": [-0.5, 15, -5], "rotation": [51, 0, 0], "uv": [48, 49]},
						{"origin": [1.9, 16.5, -3.5], "size": [4, 4, 6], "inflate": -1.4, "pivot": [3.3, 10.8, -2.4], "rotation": [20.99736, 26.99922, 17.17804], "uv": [44, 29], "mirror": true},
						{"origin": [3.3, 18.3, -3.2], "size": [4, 4, 6], "inflate": -1.4, "pivot": [-3.7, 10.8, -2.4], "rotation": [-13, -27.5, 15], "uv": [44, 2], "mirror": true}
					]
				},
				{
					"name": "face",
					"parent": "head",
					"pivot": [-2.6, 9.9, -7.1]
				},
				{
					"name": "eye",
					"parent": "face",
					"pivot": [2.6, 8.9, -6.6],
					"cubes": [
						{"origin": [-3.5, 9.7, -6.41], "size": [4, 2, 1], "inflate": -0.1, "pivot": [-2.6, 8.5, -5.4], "rotation": [0, 0, -10], "uv": [0, 35]},
						{"origin": [-1.9, 9.3, -5.91], "size": [1, 1, 1], "uv": [0, 9]},
						{"origin": [-2.8, 9.3, -5.91], "size": [1, 1, 1], "uv": [0, 9]},
						{"origin": [-2.8, 8.8, -5.91], "size": [1, 1, 1], "uv": [0, 9]},
						{"origin": [-1.9, 8.8, -5.91], "size": [1, 1, 1], "uv": [0, 9]},
						{"origin": [-2.6, 9.3, -6.11], "size": [1, 1, 1], "inflate": -0.1, "uv": [0, 6]},
						{"origin": [-2.6, 9, -6.11], "size": [1, 1, 1], "inflate": -0.1, "uv": [0, 6]},
						{"origin": [-2, 9.3, -6.11], "size": [1, 1, 1], "inflate": -0.1, "uv": [0, 6]},
						{"origin": [-2, 9, -6.11], "size": [1, 1, 1], "inflate": -0.1, "uv": [0, 6]}
					]
				},
				{
					"name": "mouth",
					"parent": "face",
					"pivot": [-2.3, 3.3, -6.5],
					"cubes": [
						{"origin": [0.7, 6.5, -6.71], "size": [3, 1, 1], "inflate": -0.3, "pivot": [2.3, 10.4, -6.5], "rotation": [0, 0, 22.5], "uv": [0, 4]},
						{"origin": [-3.9, 6.5, -6.71], "size": [3, 1, 1], "inflate": -0.3, "pivot": [-2.5, 10.4, -6.5], "rotation": [0, 0, -22.5], "uv": [0, 4], "mirror": true}
					]
				},
				{
					"name": "eye2",
					"parent": "face",
					"pivot": [-2.6, 8.9, -6.6],
					"cubes": [
						{"origin": [0.6, 9.3, -5.91], "size": [1, 1, 1], "uv": [0, 9], "mirror": true},
						{"origin": [1.6, 9.3, -5.91], "size": [1, 1, 1], "uv": [0, 9], "mirror": true},
						{"origin": [1.6, 8.8, -5.91], "size": [1, 1, 1], "uv": [0, 9], "mirror": true},
						{"origin": [-0.5, 9.7, -6.41], "size": [4, 2, 1], "inflate": -0.1, "pivot": [2.6, 8.5, -5.4], "rotation": [0, 0, 10], "uv": [0, 35], "mirror": true},
						{"origin": [0.8, 9.3, -6.11], "size": [1, 1, 1], "inflate": -0.1, "uv": [0, 6], "mirror": true},
						{"origin": [0.8, 9, -6.11], "size": [1, 1, 1], "inflate": -0.1, "uv": [0, 6], "mirror": true},
						{"origin": [1.4, 9, -6.11], "size": [1, 1, 1], "inflate": -0.1, "uv": [0, 6], "mirror": true},
						{"origin": [1.4, 9.3, -6.11], "size": [1, 1, 1], "inflate": -0.1, "uv": [0, 6], "mirror": true},
						{"origin": [0.6, 8.8, -5.91], "size": [1, 1, 1], "uv": [0, 9], "mirror": true}
					]
				}
			]
		}
	]
}