{
	"format_version": "1.12.0",
	"minecraft:geometry": [
		{
			"description": {
				"identifier": "geometry.corsola",
				"texture_width": 128,
				"texture_height": 128,
				"visible_bounds_width": 2,
				"visible_bounds_height": 2.5,
				"visible_bounds_offset": [0, 0.75, 0]
			},
			"bones": [
				{
					"name": "corsola",
					"pivot": [0, 0, 0]
				},
				{
					"name": "head",
					"parent": "corsola",
					"pivot": [0, 0, 0],
					"cubes": [
						{"origin": [-7.79758, -1.33853, -1.88207], "size": [4, 5, 4], "inflate": -1, "pivot": [-4.5, 0, 0], "rotation": [-0.62918, 0.77438, 17.13299], "uv": [0, 59]},
						{"origin": [-7.79758, -0.73853, 3.41793], "size": [4, 5, 4], "inflate": -1, "pivot": [-4.5, 0, 0], "rotation": [9.37082, 0.77438, 17.13299], "uv": [0, 59]},
						{"origin": [-7, 3.8, -7], "size": [14, 8, 14], "inflate": -0.6, "uv": [0, 0]},
						{"origin": [-7, 1, -7], "size": [14, 13, 14], "inflate": -1.1, "uv": [0, 0]},
						{"origin": [3.79758, -0.73853, 3.41793], "size": [4, 5, 4], "inflate": -1, "pivot": [4.5, 0, 0], "rotation": [9.37082, -0.77438, -17.13299], "uv": [0, 59], "mirror": true},
						{"origin": [4.3, -0.6, -7.9], "size": [4, 5, 4], "inflate": -1, "pivot": [5, 1, -3.8], "rotation": [-20.384, -0.211, -21.96018], "uv": [48, 52]},
						{"origin": [-7.3, 10.3, -3.2], "size": [4, 11, 4], "inflate": -1, "pivot": [3.7, 9.8, -2.4], "rotation": [-13, 27.5, -15], "uv": [48, 28]},
						{"origin": [-7.3, 17.3, -5.2], "size": [4, 4, 8], "inflate": -1.4, "pivot": [3.7, 9.8, -2.4], "rotation": [-13, 27.5, -15], "uv": [12, 47]},
						{"origin": [-7.1, 18.7, -3.3], "size": [4, 7, 4], "inflate": -1.2, "pivot": [3.9, 9.2, -2.4], "rotation": [-13, 27.5, -15], "uv": [48, 28]},
						{"origin": [-8.3, -0.6, -7.9], "size": [4, 5, 4], "inflate": -1, "pivot": [-5, 1, -3.8], "rotation": [-20.384, 0.211, 21.96018], "uv": [48, 52], "mirror": true},
						{"origin": [-5.9, 8.5, -4.5], "size": [4, 11, 4], "inflate": -1, "pivot": [-3.3, 9.8, -2.4], "rotation": [14.99736, -26.99922, -17.17804], "uv": [32, 44]},
						{"origin": [-5.9, 15.5, -6.5], "size": [4, 4, 8], "inflate": -1.4, "pivot": [-3.3, 9.8, -2.4], "rotation": [14.99736, -26.99922, -17.17804], "uv": [12, 46]},
						{"origin": [-5.7, 16.9, -4.3], "size": [4, 6, 4], "inflate": -1.2, "pivot": [-3.1, 9.2, -2.4], "rotation": [14.99736, -26.99922, -17.17804], "uv": [32, 44]},
						{"origin": [3.1, 18.7, -3.3], "size": [4, 7, 4], "inflate": -1.2, "pivot": [-3.9, 9.2, -2.4], "rotation": [-13, -27.5, 15], "uv": [48, 28], "mirror": true},
						{"origin": [1.7, 16.9, -4.3], "size": [4, 6, 4], "inflate": -1.2, "pivot": [3.1, 9.2, -2.4], "rotation": [14.99736, 26.99922, 17.17804], "uv": [32, 44], "mirror": true},
						{"origin": [3.79758, -1.33853, -1.88207], "size": [4, 5, 4], "inflate": -1, "pivot": [4.5, 0, 0], "rotation": [-0.62918, -0.77438, -17.13299], "uv": [0, 59], "mirror": true},
						{"origin": [3.3, 17.3, -5.2], "size": [4, 4, 8], "inflate": -1.4, "pivot": [-3.7, 9.8, -2.4], "rotation": [-13, -27.5, 15], "uv": [12, 47], "mirror": true},
						{"origin": [1.9, 15.5, -6.5], "size": [4, 4, 8], "inflate": -1.4, "pivot": [3.3, 9.8, -2.4], "rotation": [14.99736, 26.99922, 17.17804], "uv": [12, 46], "mirror": true},
						{"origin": [1.9, 8.5, -4.5], "size": [4, 11, 4], "inflate": -1, "pivot": [3.3, 9.8, -2.4], "rotation": [14.99736, 26.99922, 17.17804], "uv": [32, 44], "mirror": true},
						{"origin": [3.3, 10.3, -3.2], "size": [4, 11, 4], "inflate": -1, "pivot": [-3.7, 9.8, -2.4], "rotation": [-13, -27.5, 15], "uv": [48, 28], "mirror": true},
						{"origin": [-1.9, 11.7, -8.3], "size": [4, 6, 4], "inflate": -1, "pivot": [-0.5, 14, -5], "rotation": [51, 0, 0], "uv": [42, 0]},
						{"origin": [-1.9, 15.4, -8.3], "size": [4, 6, 4], "inflate": -1.25, "pivot": [-0.5, 14, -5], "rotation": [51, 0, 0], "uv": [42, 0]}
					]
				},
				{
					"name": "face",
					"parent": "head",
					"pivot": [-2.6, 8.9, -7.1]
				},
				{
					"name": "eye",
					"parent": "face",
					"pivot": [-2.6, 8.9, -7.1],
					"cubes": [
						{"origin": [-2.5, 9.3, -6.51], "size": [1, 1, 1], "inflate": -0.1, "uv": [3, 10]},
						{"origin": [-2.5, 9.1, -6.51], "size": [1, 1, 1], "inflate": -0.1, "uv": [3, 10]},
						{"origin": [1, 7.6, -6.708], "size": [2, 3, 1], "inflate": -0.3, "uv": [1, 3], "mirror": true}
					]
				},
				{
					"name": "eye2",
					"parent": "face",
					"pivot": [2.6, 8.9, -7.1],
					"cubes": [
						{"origin": [1.5, 9.3, -6.51], "size": [1, 1, 1], "inflate": -0.1, "uv": [3, 10], "mirror": true},
						{"origin": [1.5, 9.1, -6.51], "size": [1, 1, 1], "inflate": -0.1, "uv": [3, 10], "mirror": true},
						{"origin": [-3, 7.6, -6.708], "size": [2, 3, 1], "inflate": -0.3, "uv": [1, 3]}
					]
				},
				{
					"name": "mouth",
					"parent": "face",
					"pivot": [-2.3, 2.3, -6.5],
					"rotation": [0, 0, -180],
					"cubes": [
						{"origin": [-3.9, -1.6, -6.71], "size": [3, 1, 1], "inflate": -0.3, "pivot": [-2.3, 2.3, -6.5], "rotation": [0, 0, 22.5], "uv": [0, 2]},
						{"origin": [-8.5, -1.6, -6.71], "size": [3, 1, 1], "inflate": -0.3, "pivot": [-7.1, 2.3, -6.5], "rotation": [0, 0, -22.5], "uv": [0, 2], "mirror": true}
					]
				}
			]
		}
	]
}