{
	"format_version": "1.12.0",
	"minecraft:geometry": [
		{
			"description": {
				"identifier": "geometry.mawile",
				"texture_width": 128,
				"texture_height": 128,
				"visible_bounds_width": 14,
				"visible_bounds_height": 8,
				"visible_bounds_offset": [0, 3, 0]
			},
			"bones": [
				{
					"name": "mawile",
					"pivot": [0, 0, 0]
				},
				{
					"name": "body",
					"parent": "mawile",
					"pivot": [0, 0, 0]
				},
				{
					"name": "torso",
					"parent": "body",
					"pivot": [0, 6.95, 0],
					"cubes": [
						{"origin": [-1.5, 11.45, -1.5], "size": [3, 4, 3], "uv": [93, 77]},
						{"origin": [-2, 8.45, -1.5], "size": [4, 5, 3], "uv": [2, 114]}
					]
				},
				{
					"name": "arm_left",
					"parent": "torso",
					"pivot": [1.25, 15.7, 0],
					"cubes": [
						{"origin": [1, 15.2, -1], "size": [3, 1, 2], "uv": [74, 49]}
					]
				},
				{
					"name": "arm_left2",
					"parent": "arm_left",
					"pivot": [4, 15.7, 1],
					"cubes": [
						{"origin": [4, 15.2, -1.5], "size": [5, 1, 3], "inflate": 0.001, "uv": [83, 19]}
					]
				},
				{
					"name": "bone2",
					"parent": "arm_left2",
					"pivot": [9, 15.7, 0.5],
					"cubes": [
						{"origin": [9, 15.2, -2], "size": [3, 1, 4], "inflate": 0.001, "uv": [93, 24]}
					]
				},
				{
					"name": "finger_left",
					"parent": "bone2",
					"pivot": [12, 16.2, -0.5],
					"rotation": [0, 10, 0],
					"cubes": [
						{"origin": [12, 15.2, -1.5], "size": [2, 1, 1], "uv": [84, 0]}
					]
				},
				{
					"name": "finger_left2",
					"parent": "bone2",
					"pivot": [12, 16.2, 0],
					"cubes": [
						{"origin": [12, 15.2, -0.5], "size": [2, 1, 1], "uv": [83, 68]}
					]
				},
				{
					"name": "finger_left3",
					"parent": "bone2",
					"pivot": [12, 16.2, 0.5],
					"rotation": [0, -10, 0],
					"cubes": [
						{"origin": [12, 15.2, 0.5], "size": [2, 1, 1], "uv": [76, 80]}
					]
				},
				{
					"name": "arm_right",
					"parent": "torso",
					"pivot": [-1.25, 15.7, 0],
					"cubes": [
						{"origin": [-4, 15.2, -1], "size": [3, 1, 2], "uv": [21, 42]}
					]
				},
				{
					"name": "arm_right2",
					"parent": "arm_right",
					"pivot": [-4, 15.7, 1],
					"cubes": [
						{"origin": [-9, 15.2, -1.5], "size": [5, 1, 3], "inflate": 0.001, "uv": [90, 49]}
					]
				},
				{
					"name": "bone3",
					"parent": "arm_right2",
					"pivot": [-9, 15.7, 0],
					"cubes": [
						{"origin": [-12, 15.2, -2], "size": [3, 1, 4], "inflate": 0.001, "uv": [92, 91]}
					]
				},
				{
					"name": "finger_right",
					"parent": "bone3",
					"pivot": [-12, 16.2, -0.5],
					"rotation": [0, -10, 0],
					"cubes": [
						{"origin": [-14, 15.2, -1.5], "size": [2, 1, 1], "uv": [16, 71]}
					]
				},
				{
					"name": "finger_right2",
					"parent": "bone3",
					"pivot": [-12, 16.2, 0],
					"cubes": [
						{"origin": [-14, 15.2, -0.5], "size": [2, 1, 1], "uv": [19, 58]}
					]
				},
				{
					"name": "finger_right3",
					"parent": "bone3",
					"pivot": [-12, 16.2, 0.5],
					"rotation": [0, 10, 0],
					"cubes": [
						{"origin": [-14, 15.2, 0.5], "size": [2, 1, 1], "uv": [28, 0]}
					]
				},
				{
					"name": "neck",
					"parent": "torso",
					"pivot": [0, 13.2, 0],
					"cubes": [
						{"origin": [-1, 14.95, -1], "size": [2, 2, 2], "uv": [107, 54]}
					]
				},
				{
					"name": "head",
					"parent": "neck",
					"pivot": [0, 17.45, 0],
					"cubes": [
						{"origin": [-3, 16.7, -3], "size": [6, 6, 6], "uv": [0, 58]}
					]
				},
				{
					"name": "eye_left",
					"parent": "head",
					"pivot": [2.01, 19.95, -2.01],
					"cubes": [
						{"origin": [1.01, 18.95, -3.01], "size": [2, 2, 2], "uv": [47, 48]}
					]
				},
				{
					"name": "bone6",
					"parent": "eye_left",
					"pivot": [0.01, 19.95, -0.56],
					"cubes": [
						{"origin": [0.11, 18.95, -2.06], "size": [3, 2, 3], "uv": [18, 116]},
						{"origin": [-3.09, 18.95, -2.06], "size": [3, 2, 3], "uv": [18, 116]}
					]
				},
				{
					"name": "eye_right",
					"parent": "head",
					"pivot": [-2.01, 19.95, -2.01],
					"cubes": [
						{"origin": [-3.01, 18.95, -3.01], "size": [2, 2, 2], "uv": [106, 79]}
					]
				},
				{
					"name": "hair_left",
					"parent": "head",
					"pivot": [3, 22.2, 0],
					"cubes": [
						{"origin": [0, 22.4, -5], "size": [3, 0, 2], "pivot": [1.5, 22.4, -3], "rotation": [82.57217, -1.04088, -7.93243], "uv": [104, 37]}
					]
				},
				{
					"name": "hair_left2",
					"parent": "hair_left",
					"pivot": [3, 22.2, -1],
					"cubes": [
						{"origin": [3, 22.2, -2], "size": [4, 0, 2], "uv": [60, 26]}
					]
				},
				{
					"name": "hair_left3",
					"parent": "hair_left2",
					"pivot": [7, 22.2, -1],
					"cubes": [
						{"origin": [7, 22.2, -2.5], "size": [5, 0, 3], "uv": [32, 92]}
					]
				},
				{
					"name": "hair_left4",
					"parent": "hair_left3",
					"pivot": [12, 22.2, -1],
					"cubes": [
						{"origin": [12, 22.2, -3], "size": [9, 0, 4], "uv": [60, 21]}
					]
				},
				{
					"name": "hair_right",
					"parent": "head",
					"pivot": [-3, 22.2, 0],
					"cubes": [
						{"origin": [-3, 22.4, -5], "size": [3, 0, 2], "pivot": [-1.5, 22.4, -3], "rotation": [82.57217, 1.04088, 7.93243], "uv": [73, 26]}
					]
				},
				{
					"name": "hair_right3",
					"parent": "hair_right",
					"pivot": [-3, 22.2, -1],
					"cubes": [
						{"origin": [-7, 22.2, -2], "size": [4, 0, 2], "uv": [58, 45]}
					]
				},
				{
					"name": "hair_right2",
					"parent": "hair_right3",
					"pivot": [-7, 22.2, -1],
					"cubes": [
						{"origin": [-12, 22.2, -2.5], "size": [5, 0, 3], "uv": [90, 54]}
					]
				},
				{
					"name": "bone",
					"parent": "hair_right2",
					"pivot": [-12, 22.2, -1],
					"cubes": [
						{"origin": [-21, 22.2, -3], "size": [9, 0, 4], "uv": [73, 63]}
					]
				},
				{
					"name": "mouth_closed",
					"parent": "head",
					"pivot": [0, 17.2, -0.5],
					"cubes": [
						{"origin": [-1.5, 17.95, -3.1], "size": [1, 1, 1], "pivot": [-1, 18.45, -2.8], "rotation": [-12.5, 0, 0], "uv": [0, 0]},
						{"origin": [0.5, 17.95, -3.1], "size": [1, 1, 1], "pivot": [1, 18.45, -2.8], "rotation": [-12.5, 0, 0], "uv": [0, 21]},
						{"origin": [-0.5, 17.75, -3.15], "size": [1, 1, 1], "pivot": [0, 18.25, -2.8], "rotation": [-12.5, 0, 0], "uv": [28, 21]},
						{"origin": [-1.5, 17.8, -3.01], "size": [1, 1, 0], "uv": [28, 24]},
						{"origin": [0.5, 17.8, -3.01], "size": [1, 1, 0], "uv": [0, 24]},
						{"origin": [-0.5, 17.6, -3.01], "size": [1, 1, 0], "uv": [28, 3]}
					]
				},
				{
					"name": "mouth_open",
					"parent": "head",
					"pivot": [0, 18.2, -0.4],
					"cubes": [
						{"origin": [-1, 17.2, -2.91], "size": [2, 1, 0], "uv": [0, 3]}
					]
				},
				{
					"name": "mouth_left",
					"parent": "head",
					"pivot": [1, 22.2, 1.5],
					"rotation": [0, 0, 30],
					"cubes": [
						{"origin": [0, 21.2, 0.5], "size": [2, 3, 2], "inflate": 0.001, "uv": [67, 103]}
					]
				},
				{
					"name": "mouth_left2",
					"parent": "mouth_left",
					"pivot": [0.90718, 24.26077, 1.5],
					"cubes": [
						{"origin": [0, 24.2, 0.5], "size": [2, 3, 2], "uv": [37, 103]}
					]
				},
				{
					"name": "mouth_left3",
					"parent": "mouth_left2",
					"pivot": [1, 27.2, 0.5],
					"cubes": [
						{"origin": [-0.5, 27.2, 0], "size": [3, 3, 3], "uv": [98, 30]}
					]
				},
				{
					"name": "mouth_left4",
					"parent": "mouth_left3",
					"pivot": [1, 30.2, 0.5],
					"cubes": [
						{"origin": [-1, 30.2, -0.5], "size": [4, 4, 4], "inflate": 0.001, "uv": [86, 68]}
					]
				},
				{
					"name": "mouth_left5",
					"parent": "mouth_left4",
					"pivot": [1, 33.7, 0],
					"cubes": [
						{"origin": [-3, 33.2, -1], "size": [8, 5, 5], "inflate": 0.001, "uv": [52, 48]}
					]
				},
				{
					"name": "mouthbone_left",
					"parent": "mouth_left5",
					"pivot": [1.07472, 35.44282, -1.15],
					"rotation": [112.5, 0, 0],
					"cubes": [
						{"origin": [-0.88791, 34.94857, -3.1], "size": [4, 5, 2], "uv": [79, 91]}
					]
				},
				{
					"name": "mouthbone_left2",
					"parent": "mouthbone_left",
					"pivot": [1, 39.7, -2],
					"cubes": [
						{"origin": [-0.35945, 39.26078, -3], "size": [3, 3, 2], "uv": [99, 66]}
					]
				},
				{
					"name": "mouthbone_left3",
					"parent": "mouthbone_left2",
					"pivot": [1, 41.7, -2],
					"cubes": [
						{"origin": [0.16369, 42.11043, -2.9], "size": [2, 4, 2], "uv": [19, 100]}
					]
				},
				{
					"name": "mouthbone_left4",
					"parent": "mouth_left5",
					"pivot": [1.42703, 38.65096, -0.15],
					"rotation": [82.5, 0, 0],
					"cubes": [
						{"origin": [-0.5356, 38.15671, -2.1], "size": [4, 4, 2], "uv": [96, 58]}
					]
				},
				{
					"name": "mouthbone_left5",
					"parent": "mouthbone_left4",
					"pivot": [1.35231, 41.90814, -1],
					"cubes": [
						{"origin": [-0.00715, 41.46892, -2], "size": [3, 4, 2], "uv": [100, 9]}
					]
				},
				{
					"name": "mouthbone_left6",
					"parent": "mouthbone_left5",
					"pivot": [1.35231, 44.90814, -1],
					"cubes": [
						{"origin": [0.516, 44.31857, -1.9], "size": [2, 5, 2], "uv": [100, 16]}
					]
				},
				{
					"name": "mouth_left6",
					"parent": "mouth_left5",
					"pivot": [1, 36.2, 3.5],
					"cubes": [
						{"origin": [-4.5, 36.2, -1.25], "size": [11, 15, 5], "inflate": 0.001, "uv": [0, 21]},
						{"origin": [6.3, 41.6, 1.95], "size": [0, 3, 5], "inflate": 0.001, "pivot": [6.3, 43.1, 4.45], "rotation": [0, 17.5, 0], "uv": [87, 97]},
						{"origin": [-4.3, 41.6, 1.95], "size": [0, 3, 5], "inflate": 0.001, "pivot": [-4.3, 43.1, 4.45], "rotation": [0, -17.5, 0], "uv": [45, 96]},
						{"origin": [-4, 36.2, 3.75], "size": [10, 5, 3], "inflate": 0.001, "uv": [60, 0]}
					]
				},
				{
					"name": "jaw_left",
					"parent": "mouth_left6",
					"pivot": [1, 40.2, 3.75],
					"cubes": [
						{"origin": [-4, 41.2, 3.55], "size": [10, 12, 3], "inflate": 0.001, "uv": [33, 16]},
						{"origin": [4.55301, 46.9, 1.09558], "size": [0, 3, 3], "inflate": 0.001, "pivot": [5.4, 48.4, 4.35], "rotation": [0, -30, 0], "uv": [107, 47]},
						{"origin": [-2.55301, 46.9, 1.09558], "size": [0, 3, 3], "inflate": 0.001, "pivot": [-3.4, 48.4, 4.35], "rotation": [0, 30, 0], "uv": [23, 107]}
					]
				},
				{
					"name": "jaw_left2",
					"parent": "jaw_left",
					"pivot": [1, 53.2, 6.75],
					"cubes": [
						{"origin": [-2.5, 53.2, 3.45], "size": [7, 12, 3], "uv": [25, 59]},
						{"origin": [3.05301, 62.1, 0.99558], "size": [0, 3, 3], "inflate": 0.001, "pivot": [3.9, 63.6, 4.35], "rotation": [0, -30, 0], "uv": [106, 88]},
						{"origin": [-1.05301, 62.1, 0.99558], "size": [0, 3, 3], "inflate": 0.001, "pivot": [-1.9, 63.6, 4.35], "rotation": [0, 30, 0], "uv": [16, 107]}
					]
				},
				{
					"name": "jaw_left3",
					"parent": "jaw_left2",
					"pivot": [1, 64.2, 6.75],
					"cubes": [
						{"origin": [-2, 63.2, 3.35], "size": [6, 10, 3], "uv": [0, 71]}
					]
				},
				{
					"name": "jaw_left4",
					"parent": "jaw_left3",
					"pivot": [1, 72.7, 5.5],
					"cubes": [
						{"origin": [-1.5, 72.4, 3.25], "size": [5, 10, 3], "uv": [62, 80]}
					]
				},
				{
					"name": "mouthtop_left",
					"parent": "mouth_left6",
					"pivot": [1, 51.2, 3.75],
					"cubes": [
						{"origin": [-3, 51.2, -0.25], "size": [8, 11, 4], "inflate": 0.001, "uv": [0, 42]},
						{"origin": [-2.75, 52.2, 3.75], "size": [0, 3, 3], "inflate": 0.001, "pivot": [-2.75, 53.7, 3.25], "rotation": [0, -15, 0], "uv": [73, 106]},
						{"origin": [4.75, 52.2, 3.75], "size": [0, 3, 3], "inflate": 0.001, "pivot": [4.75, 53.7, 3.25], "rotation": [0, 15, 0], "uv": [60, 106]}
					]
				},
				{
					"name": "mouthtop_left2",
					"parent": "mouthtop_left",
					"pivot": [1, 61.7, 2],
					"cubes": [
						{"origin": [-2.5, 61.2, 0.75], "size": [7, 8, 3], "uv": [65, 68]},
						{"origin": [-2.25, 64.7, 3.25], "size": [0, 3, 3], "pivot": [-2.25, 66.2, 4.75], "rotation": [0, -17.5, 0], "uv": [53, 106]},
						{"origin": [4.25, 64.7, 3.25], "size": [0, 3, 3], "pivot": [4.25, 66.2, 4.75], "rotation": [0, 17.5, 0], "uv": [106, 21]}
					]
				},
				{
					"name": "mouthtop_left3",
					"parent": "mouthtop_left2",
					"pivot": [1, 69.2, 3.75],
					"cubes": [
						{"origin": [-2, 69.2, 0.75], "size": [6, 6, 3], "uv": [36, 82]}
					]
				},
				{
					"name": "mouth_right",
					"parent": "head",
					"pivot": [-1, 22.2, 1.5],
					"rotation": [0, 0, -30],
					"cubes": [
						{"origin": [-2, 21.2, 0.5], "size": [2, 3, 2], "inflate": 0.001, "uv": [28, 103]}
					]
				},
				{
					"name": "mouth_right2",
					"parent": "mouth_right",
					"pivot": [-0.90718, 24.26077, 1.5],
					"cubes": [
						{"origin": [-2, 24.2, 0.5], "size": [2, 3, 2], "uv": [0, 103]}
					]
				},
				{
					"name": "mouth_right3",
					"parent": "mouth_right2",
					"pivot": [-1, 27.2, 0.5],
					"cubes": [
						{"origin": [-2.5, 27.2, 0], "size": [3, 3, 3], "uv": [32, 96]}
					]
				},
				{
					"name": "mouth_right4",
					"parent": "mouth_right3",
					"pivot": [-1, 30.2, 0.5],
					"cubes": [
						{"origin": [-3, 30.2, -0.5], "size": [4, 4, 4], "inflate": 0.001, "uv": [0, 85]}
					]
				},
				{
					"name": "mouth_right5",
					"parent": "mouth_right4",
					"pivot": [-1, 33.7, 0],
					"cubes": [
						{"origin": [-5, 33.2, -1], "size": [8, 5, 5], "inflate": 0.001, "uv": [25, 48]}
					]
				},
				{
					"name": "mouthbone_right",
					"parent": "mouth_right5",
					"pivot": [-1.07472, 35.44282, -1.15],
					"rotation": [112.5, 0, 0],
					"cubes": [
						{"origin": [-3.11209, 34.94857, -3.1], "size": [4, 5, 2], "uv": [91, 37]}
					]
				},
				{
					"name": "mouthbone_right2",
					"parent": "mouthbone_right",
					"pivot": [-1, 39.7, -2],
					"cubes": [
						{"origin": [-2.64055, 39.26078, -3], "size": [3, 3, 2], "uv": [98, 85]}
					]
				},
				{
					"name": "mouthbone_right3",
					"parent": "mouthbone_right2",
					"pivot": [-1, 41.7, -2],
					"cubes": [
						{"origin": [-2.16369, 42.11043, -2.9], "size": [2, 4, 2], "uv": [36, 75]}
					]
				},
				{
					"name": "mouthbone_right4",
					"parent": "mouth_right5",
					"pivot": [-1.42703, 38.65096, -0.15],
					"rotation": [82.5, 0, 0],
					"cubes": [
						{"origin": [-3.4644, 38.15671, -2.1], "size": [4, 4, 2], "uv": [0, 94]}
					]
				},
				{
					"name": "mouthbone_right5",
					"parent": "mouthbone_right4",
					"pivot": [-1.35231, 41.90814, -1],
					"cubes": [
						{"origin": [-2.99285, 41.46892, -2], "size": [3, 4, 2], "uv": [98, 97]}
					]
				},
				{
					"name": "mouthbone_right6",
					"parent": "mouthbone_right5",
					"pivot": [-1.35231, 44.90814, -1],
					"cubes": [
						{"origin": [-2.516, 44.31857, -1.9], "size": [2, 5, 2], "uv": [77, 99]}
					]
				},
				{
					"name": "mouth_right6",
					"parent": "mouth_right5",
					"pivot": [-1, 36.2, 3.5],
					"cubes": [
						{"origin": [-6.5, 36.2, -1.25], "size": [11, 15, 5], "inflate": 0.001, "uv": [0, 0]},
						{"origin": [-6.3, 41.6, 1.95], "size": [0, 3, 5], "inflate": 0.001, "pivot": [-6.3, 43.1, 4.45], "rotation": [0, -17.5, 0], "uv": [8, 96]},
						{"origin": [4.3, 41.6, 1.95], "size": [0, 3, 5], "inflate": 0.001, "pivot": [4.3, 43.1, 4.45], "rotation": [0, 17.5, 0], "uv": [66, 94]},
						{"origin": [-6, 36.2, 3.75], "size": [10, 5, 3], "inflate": 0.001, "uv": [46, 59]}
					]
				},
				{
					"name": "jaw_right",
					"parent": "mouth_right6",
					"pivot": [-1, 40.2, 3.75],
					"cubes": [
						{"origin": [-6, 41.2, 3.55], "size": [10, 12, 3], "inflate": 0.001, "uv": [33, 0]},
						{"origin": [-4.55301, 46.9, 1.09558], "size": [0, 3, 3], "inflate": 0.001, "pivot": [-5.4, 48.4, 4.35], "rotation": [0, 30, 0], "uv": [46, 105]},
						{"origin": [2.55301, 46.9, 1.09558], "size": [0, 3, 3], "inflate": 0.001, "pivot": [3.4, 48.4, 4.35], "rotation": [0, -30, 0], "uv": [9, 105]}
					]
				},
				{
					"name": "jaw_right2",
					"parent": "jaw_right",
					"pivot": [-1, 53.2, 6.75],
					"cubes": [
						{"origin": [-4.5, 53.2, 3.45], "size": [7, 12, 3], "uv": [58, 29]},
						{"origin": [-3.05301, 62.1, 0.99558], "size": [0, 3, 3], "inflate": 0.001, "pivot": [-3.9, 63.6, 4.35], "rotation": [0, 30, 0], "uv": [102, 104]},
						{"origin": [1.05301, 62.1, 0.99558], "size": [0, 3, 3], "inflate": 0.001, "pivot": [1.9, 63.6, 4.35], "rotation": [0, -30, 0], "uv": [95, 104]}
					]
				},
				{
					"name": "jaw_right3",
					"parent": "jaw_right2",
					"pivot": [-1, 64.2, 6.75],
					"cubes": [
						{"origin": [-4, 63.2, 3.35], "size": [6, 10, 3], "uv": [46, 68]}
					]
				},
				{
					"name": "jaw_right4",
					"parent": "jaw_right3",
					"pivot": [-1, 72.7, 5.5],
					"cubes": [
						{"origin": [-3.5, 72.4, 3.25], "size": [5, 10, 3], "uv": [19, 75]}
					]
				},
				{
					"name": "mouthtop_right",
					"parent": "mouth_right6",
					"pivot": [-1, 51.2, 3.75],
					"cubes": [
						{"origin": [-5, 51.2, -0.25], "size": [8, 11, 4], "inflate": 0.001, "uv": [33, 32]},
						{"origin": [2.75, 52.2, 3.75], "size": [0, 3, 3], "inflate": 0.001, "pivot": [2.75, 53.7, 3.25], "rotation": [0, 15, 0], "uv": [83, 104]},
						{"origin": [-4.75, 52.2, 3.75], "size": [0, 3, 3], "inflate": 0.001, "pivot": [-4.75, 53.7, 3.25], "rotation": [0, -15, 0], "uv": [104, 0]}
					]
				},
				{
					"name": "mouthtop_right2",
					"parent": "mouthtop_right",
					"pivot": [-1, 61.7, 2],
					"cubes": [
						{"origin": [-4.5, 61.2, 0.75], "size": [7, 8, 3], "uv": [60, 9]},
						{"origin": [2.25, 64.7, 3.25], "size": [0, 3, 3], "pivot": [2.25, 66.2, 4.75], "rotation": [0, 17.5, 0], "uv": [103, 72]},
						{"origin": [-4.25, 64.7, 3.25], "size": [0, 3, 3], "pivot": [-4.25, 66.2, 4.75], "rotation": [0, -17.5, 0], "uv": [55, 82]}
					]
				},
				{
					"name": "mouthtop_right3",
					"parent": "mouthtop_right2",
					"pivot": [-1, 69.2, 3.75],
					"cubes": [
						{"origin": [-4, 69.2, 0.75], "size": [6, 6, 3], "uv": [81, 9]}
					]
				},
				{
					"name": "leg_left",
					"parent": "body",
					"pivot": [0.75, 9.5, 0],
					"cubes": [
						{"origin": [0.25, 5.5, -2], "size": [3, 4, 4], "uv": [51, 90]}
					]
				},
				{
					"name": "leg_left2",
					"parent": "leg_left",
					"pivot": [1.75, 6.5, 0],
					"cubes": [
						{"origin": [0.25, 1.5, -2.5], "size": [4, 5, 5], "inflate": 0.001, "uv": [79, 80]}
					]
				},
				{
					"name": "bone4",
					"parent": "leg_left2",
					"pivot": [2, 3, 0],
					"cubes": [
						{"origin": [0.15, 0.5, -3], "size": [5, 3, 6], "inflate": 0.001, "uv": [74, 39]}
					]
				},
				{
					"name": "foot_left",
					"parent": "bone4",
					"pivot": [1.75, 0.5, 0.5],
					"cubes": [
						{"origin": [1.65, 0, -1.5], "size": [2, 1, 3], "uv": [56, 101]}
					]
				},
				{
					"name": "leg_right",
					"parent": "body",
					"pivot": [-0.75, 9.5, 0],
					"cubes": [
						{"origin": [-3.25, 3.5, -2], "size": [3, 6, 4], "uv": [17, 89]}
					]
				},
				{
					"name": "leg_right2",
					"parent": "leg_right",
					"pivot": [-1.75, 6.5, 0],
					"cubes": [
						{"origin": [-4.25, 1.5, -2.5], "size": [4, 5, 5], "inflate": 0.001, "uv": [79, 26]}
					]
				},
				{
					"name": "bone5",
					"parent": "leg_right2",
					"pivot": [-2, 3, 0],
					"cubes": [
						{"origin": [-5.15, 0.5, -3], "size": [5, 3, 6], "inflate": 0.001, "uv": [73, 53]}
					]
				},
				{
					"name": "foot_right",
					"parent": "bone5",
					"pivot": [-1.75, 0.5, 0.5],
					"cubes": [
						{"origin": [-3.65, 0, -1.5], "size": [2, 1, 3], "uv": [101, 42]}
					]
				}
			]
		}
	]
}