{
    "enabled": true,
    "neededInstalledMods": [],
    "neededUninstalledMods": [],
    "spawns": [
        {
            "id": "roserade-1",
            "pokemon": "roserade",
            "presets": [
                "natural"
            ],
            "type": "pokemon",
            "context": "grounded",
            "bucket": "common",
            "level": "28-36",
            "weight": 0.1,
            "weightMultipliers": [
                {
                    "multiplier": 0.15,
                    "condition": {
                        "timeRange": "night"
                    }
                }
            ],
            "condition": {
                "canSeeSky": true,
                "biomes": [
                    "#cobblemon:is_highlands",
                    "#cobblemon:is_plains"
                ]
            }
        }
    ]
}