{
  "enabled": true,
  "neededInstalledMods": [],
  "neededUninstalledMods": [],
  "spawns": [
      {
          "id": "magearna-1",
          "pokemon": "magearna",
          "type": "pokemon",
          "context": "grounded",
          "bucket": "ultra-rare",
          "level": "70-90",
          "weight": 0.1,
          "condition": {
              "biomes": [
                  "#cobblemon:is_overworld"
              ],
      "neededNearbyBlocks": [
                  "cobblemon:pc"
              ]
          }
      }
  ]
}
