{
    "enabled": true,
    "neededInstalledMods": [],
    "neededUninstalledMods": [],
    "spawns": [
        {
            "id": "dreepy-1",
            "pokemon": "dreepy",
            "presets": [
                "freshwater"
            ],
            "type": "pokemon",
            "context": "grounded",
            "bucket": "rare",
            "level": "60-65",
            "weight": 0.1,
            "condition": {
		"canSeeSky": true,
                "biomes": [
                    "#cobblemon:is_overworld"
                ]
            }
        }
    ]
}