{
	"format_version": "1.8.0",
	"animations": {
		"animation.roserade.ground_walk": {
			"loop": true,
			"bones": {
				"leg_left": {
					"rotation": ["2+15*(math.sin(q.anim_time*90*1.3)*1)+15*(math.sin(q.anim_time*90*2/2)*1)", 0, 0]
				},
				"leg_left2": {
					"rotation": [12.5, 0, 0]
				},
				"leg_right": {
					"rotation": ["-0.5-15*(math.sin(q.anim_time*90*1.3)*1)-15*(math.sin(q.anim_time*90*2/2)*1)", 0, 0]
				},
				"leg_right2": {
					"rotation": [-9.88166, -0.6388, -0.3989]
				},
				"leg_right3": {
					"rotation": [-2.5, 0, 0]
				},
				"arm_left3": {
					"rotation": [0, 40, 0]
				},
				"arm_left2": {
					"rotation": [0, 52.5, 0]
				},
				"arm_left": {
					"rotation": [36.40051, 28.53623, 102.05902]
				},
				"arm_right": {
					"rotation": [0, -10, -45]
				},
				"arm_right2": {
					"rotation": [0, -52.5, 0]
				},
				"arm_right3": {
					"rotation": [16.62484, -22.22485, -38.28761]
				},
				"hair_left5": {
					"rotation": [0, 0, -25]
				},
				"hair_left3": {
					"rotation": ["-9.7165-5*(math.sin(q.anim_time*90*1.3)*1)-1*(math.sin(q.anim_time*10*2/2)*1)", 3.99896, 22.15997]
				},
				"hair_left": {
					"rotation": ["-14.8149-5*(math.sin(q.anim_time*90*1.3)*1)-1*(math.sin(q.anim_time*10*2/2)*1)", 4.60927, 16.90043]
				},
				"hair_front": {
					"rotation": ["7-5*(math.sin(q.anim_time*90*1.3)*1)-1*(math.sin(q.anim_time*10*2/2)*1)", 0, 0]
				},
				"hair_front2": {
					"rotation": ["-18-5*(math.sin(q.anim_time*90*1.3)*1)-1*(math.sin(q.anim_time*10*2/2)*1)", 0, 0]
				},
				"hair_front3": {
					"rotation": ["4.5-5*(math.sin(q.anim_time*90*1.3)*1)-1*(math.sin(q.anim_time*10*2/2)*1)", 0, 0]
				},
				"hair_front4": {
					"rotation": ["-10.5-5*(math.sin(q.anim_time*90*1.3)*1)-1*(math.sin(q.anim_time*10*2/2)*1)", 0, 0]
				},
				"hair_left2": {
					"rotation": ["-10.5-5*(math.sin(q.anim_time*90*1.3)*1)-1*(math.sin(q.anim_time*10*2/2)*1)", 0, 0]
				},
				"hair_left4": {
					"rotation": ["-10.5-5*(math.sin(q.anim_time*90*1.3)*1)-1*(math.sin(q.anim_time*10*2/2)*1)", 0, 0]
				},
				"hair_right": {
					"rotation": ["-8.884-5*(math.sin(q.anim_time*90*1.3)*1)-1*(math.sin(q.anim_time*10*2/2)*1)", -5.61907, -32.06314]
				},
				"hair_right2": {
					"rotation": ["-10.3439-5*(math.sin(q.anim_time*90*1.3)*1)-1*(math.sin(q.anim_time*10*2/2)*1)", 1.81342, 9.83585]
				},
				"hair_right4": {
					"rotation": [0, 0, -15]
				},
				"hair_right3": {
					"rotation": ["-10.4902-5*(math.sin(q.anim_time*90*1.3)*1)-1*(math.sin(q.anim_time*10*2/2)*1)", -0.45545, -2.45819]
				},
				"hair_right5": {
					"rotation": [0, 0, 25]
				},
				"hair_front5": {
					"rotation": ["-45.5-5*(math.sin(q.anim_time*90*1.3)*1)-1*(math.sin(q.anim_time*10*2/2)*1)", 0, 0]
				},
				"hair_front6": {
					"rotation": ["19.5-5*(math.sin(q.anim_time*90*1.3)*1)-1*(math.sin(q.anim_time*10*2/2)*1)", 0, 0]
				},
				"hair_front7": {
					"rotation": ["-10.5-5*(math.sin(q.anim_time*90*1.3)*1)-1*(math.sin(q.anim_time*10*2/2)*1)", 0, 0],
					"scale": 1
				},
				"leaf_cape_middle": {
					"rotation": [0, 0, 0]
				},
				"leaf_cape_middle2": {
					"rotation": ["-45.5-5*(math.sin(q.anim_time*90*1.3)*1)-1*(math.sin(q.anim_time*0*2/2)*1)", 0, 0]
				},
				"leaf_cape_middle3": {
					"rotation": ["-10.5-5*(math.sin(q.anim_time*90*1.3)*1)-1*(math.sin(q.anim_time*0*2/2)*1)", 0, 0]
				},
				"leaf_cape_middle_middle": {
					"rotation": [-30, 0, 0]
				},
				"leaf_cape_middle_left2": {
					"rotation": [0, 0, 15]
				},
				"leaf_cape_middle_right2": {
					"rotation": [0, 0, -15]
				},
				"leaf_cape_right": {
					"rotation": [-12.5, 0, 0]
				},
				"leaf_cape_left": {
					"rotation": [-12.5, 0, 0]
				},
				"leaf_cape_left2": {
					"rotation": ["-34.5-5*(math.sin(q.anim_time*90*1.3)*1)-1*(math.sin(q.anim_time*10*2/2)*1)", 0, 0]
				},
				"leaf_cape_left3": {
					"rotation": ["-10.5-5*(math.sin(q.anim_time*90*1.3)*1)-1*(math.sin(q.anim_time*10*2/2)*1)", 0, 0]
				},
				"leaf_cape_left_middle2": {
					"rotation": [-15, 0, 0]
				},
				"leaf_cape_left_left3": {
					"rotation": [0, 0, 12.5]
				},
				"leaf_cape_left_right3": {
					"rotation": [0, 0, -12.5]
				},
				"leaf_cape_right2": {
					"rotation": [-37, 0, 0]
				},
				"leaf_cape_right3": {
					"rotation": ["-10.5-5*(math.sin(q.anim_time*90*1.3)*1)-1*(math.sin(q.anim_time*10*2/2)*1)", 0, 0]
				},
				"leaf_cape_right_middle2": {
					"rotation": [-15, 0, 0]
				},
				"leaf_cape_right_left3": {
					"rotation": [0, 0, -12.5]
				},
				"leaf_cape_left_right2": {
					"rotation": [0, 0, 12.5]
				},
				"torso": {
					"rotation": ["5.5-math.sin(q.anim_time*90*1.5)*3", 0, 0],
					"scale": [1, 1, 1]
				},
				"head": {
					"rotation": ["7-5*(math.sin(q.anim_time*90*1.3)*1)-1*(math.sin(q.anim_time*10*2/2)*1)", 0, 0]
				},
				"hair": {
					"rotation": ["-0.5-5*(math.sin(q.anim_time*90*1.3)*1)-1*(math.sin(q.anim_time*10*2/2)*1)", 0, 0]
				},
				"roserade": {
					"scale": 0.75
				}
			}
		},
		"animation.roserade.ground_idle": {
			"loop": true,
			"bones": {
				"leg_left": {
					"rotation": [-12.45392, -1.08089, -4.88206]
				},
				"leg_left2": {
					"rotation": [12.39638, -1.61888, 7.32417]
				},
				"leg_right": {
					"rotation": [0, 0, 7.5]
				},
				"leg_right2": {
					"rotation": [-9.71656, -1.91703, -7.79117]
				},
				"leg_right3": {
					"rotation": [-2.5, 0, 0]
				},
				"arm_left3": {
					"rotation": [0, 40, 0]
				},
				"arm_left2": {
					"rotation": [0, 52.5, 0]
				},
				"arm_left": {
					"rotation": [36.40051, 28.53623, 102.05902]
				},
				"arm_right": {
					"rotation": [0, -10, -45]
				},
				"arm_right2": {
					"rotation": [0, -52.5, 0]
				},
				"arm_right3": {
					"rotation": [16.62484, -22.22485, -38.28761]
				},
				"hair_left5": {
					"rotation": [0, 0, -25]
				},
				"hair_left3": {
					"rotation": [0, 0, 22.5]
				},
				"hair_left": {
					"rotation": [0, 0, 20]
				},
				"hair_front": {
					"rotation": [12.5, 0, 0]
				},
				"hair_front2": {
					"rotation": [-22.5, 0, 0]
				},
				"hair_front3": {
					"rotation": [12.5, 0, 0]
				},
				"hair_front4": {
					"rotation": [10, 0, 0]
				},
				"hair_left2": {
					"rotation": [0, 0, -15]
				},
				"hair_left4": {
					"rotation": [0, 0, 10]
				},
				"hair_right": {
					"rotation": [0, 0, -20]
				},
				"hair_right2": {
					"rotation": [0, 0, 15]
				},
				"hair_right4": {
					"rotation": [0, 0, -15]
				},
				"hair_right3": {
					"rotation": [0, 0, -22.5]
				},
				"hair_right5": {
					"rotation": [0, 0, 25]
				},
				"hair_front5": {
					"rotation": [-35, 0, 0]
				},
				"hair_front6": {
					"rotation": [20, 0, 0]
				},
				"hair_front7": {
					"rotation": [-17.5, 0, 0],
					"scale": 1
				},
				"leaf_cape_middle": {
					"rotation": [0, 0, 0]
				},
				"leaf_cape_middle2": {
					"rotation": ["-55.5-1*(math.sin(q.anim_time*90*1.3)*1)-1*(math.sin(q.anim_time*0*2/2)*1)", 0, 0]
				},
				"leaf_cape_middle3": {
					"rotation": ["-10.5-1*(math.sin(q.anim_time*90*1.3)*1)-1*(math.sin(q.anim_time*0*2/2)*1)", 0, 0]
				},
				"leaf_cape_middle_middle": {
					"rotation": [-30, 0, 0]
				},
				"leaf_cape_middle_left2": {
					"rotation": [0, 0, 15]
				},
				"leaf_cape_middle_right2": {
					"rotation": [0, 0, -15]
				},
				"leaf_cape_right": {
					"rotation": [-12.5, 0, 0]
				},
				"leaf_cape_left": {
					"rotation": [-12.5, 0, 0]
				},
				"leaf_cape_left2": {
					"rotation": ["-53.5-1*(math.sin(q.anim_time*90*1.3)*1)-1*(math.sin(q.anim_time*10*2/2)*1)", 0, 0]
				},
				"leaf_cape_left3": {
					"rotation": ["-10.5-1*(math.sin(q.anim_time*90*1.3)*1)-1*(math.sin(q.anim_time*10*2/2)*1)", 0, 0]
				},
				"leaf_cape_left_middle2": {
					"rotation": [-15, 0, 0]
				},
				"leaf_cape_left_left3": {
					"rotation": [0, 0, 12.5]
				},
				"leaf_cape_left_right3": {
					"rotation": [0, 0, -12.5]
				},
				"leaf_cape_right2": {
					"rotation": [-46, 0, 0]
				},
				"leaf_cape_right3": {
					"rotation": ["-10.5-1*(math.sin(q.anim_time*90*1.3)*1)-1*(math.sin(q.anim_time*10*2/2)*1)", 0, 0]
				},
				"leaf_cape_right_middle2": {
					"rotation": [-15, 0, 0]
				},
				"leaf_cape_right_left3": {
					"rotation": [0, 0, -12.5]
				},
				"leaf_cape_left_right2": {
					"rotation": [0, 0, 25.5]
				},
				"torso": {
					"rotation": ["5.5-math.sin(q.anim_time*90*0.5)*1", 0, 0],
					"scale": [1, 1, 1]
				},
				"head": {
					"rotation": [2.5, 0, 0]
				},
				"roserade": {
					"scale": 0.75
				}
			}
		}
	}
}