{
    "target": "cobblemon:gallade",
	"features": ["mega"],
    "evolutions": [
        {
            "id": "gallade_megagallade",
            "variant": "item_interact",
            "result": "gallade form=mega",
            "consumeHeldItem": true,
            "requirements": [],
            "requiredContext": "lackingmegas:key_stone"
        },
        {
            "id": "gallade_megagallade1",
            "variant": "item_interact",
            "result": "gallade form=mega",
            "consumeHeldItem": false,
            "requirements": [],
            "requiredContext": "lackingmegas:mega_ring"
        }
    ],
    "forms": [
        {
            "name": "Mega",
            "primaryType": "psychic",
            "secondaryType": "fighting",
            "abilities": [
                "innerfocus"
            ],
            "baseStats": {
                "hp": 68,
                "attack": 165,
                "defence": 95,
                "special_attack": 65,
                "special_defence": 115,
                "speed": 110
            },
            "catchRate": 45,
            "maleRatio": 1,
            "baseExperienceYield": 259,
            "baseFriendship": 35,
            "evYield": {
                "hp": 0,
                "attack": 3,
                "defence": 0,
                "special_attack": 0,
                "special_defence": 0,
                "speed": 0
            },
            "experienceGroup": "slow",
            "eggCycles": 20,
            "eggGroups": [
                "amorphous"
            ],
            "labels": [
                "gen6",
                "mega"
            ],
            "aspects": [
                "mega"
            ],
            "height": 16,
            "weight": 564,
            "cannotDynamax": false,
            "battleOnly": true,
            "evolutions": [
                {
                    "id": "megalucario-gallade-item_interact",
                    "variant": "item_interact",
                    "result": "gallade form=base",
                    "consumeHeldItem": false,
                    "learnableMoves": [],
                    "requirements": [],
                    "requiredContext": "lackingmegas:key_stone"
                },
                {
                    "id": "megalucario-gallade-item_interact",
                    "variant": "item_interact",
                    "result": "gallade form=base",
                    "consumeHeldItem": false,
                    "learnableMoves": [],
                    "requirements": [],
                    "requiredContext": "lackingmegas:mega_ring"
                }
            ]
        }
    ]
}