{
  "target": "cobblemon:gengar",
  "features": ["mega"],
  "evolutions": [
  {
    "id": "gengar_megagengar",
    "variant": "item_interact",
    "result": "gengar form=mega",
    "consumeHeldItem": true,
    "requirements": [],
    "requiredContext": "lackingmegas:key_stone"
  },
  {
    "id": "gengar_megagengar1",
    "variant": "item_interact",
    "result": "gengar form=mega",
    "consumeHeldItem": false,
    "requirements": [],
    "requiredContext": "lackingmegas:mega_ring"
  }
],
  "forms": [
  {"name": "base"},
    {
      "name": "Mega",
      "primaryType": "ghost",
      "secondaryType": "poison",
      "abilities": [
        "shadowtag"
      ],
      "baseStats": {
        "hp": 60,
        "attack": 65,
        "defence": 80,
        "special_attack": 170,
        "special_defence": 95,
        "speed": 130
      },
      "catchRate": 45,
      "maleRatio": 0.5,
      "baseExperienceYield": 250,
      "baseFriendship": 50,
      "evYield": {
        "hp": 0,
        "attack": 0,
        "defence": 0,
        "special_attack": 3,
        "special_defence": 0,
        "speed": 0
      },
      "experienceGroup": "medium_slow",
      "eggCycles": 20,
      "eggGroups": [
        "amorphous"
      ],
      "labels": [
        "gen6",
        "mega"
      ],
      "aspects": [
        "mega"
      ],
      "height": 14,
      "weight": 405,
      "cannotDynamax": false,
      "battleOnly": true,
	    "evolutions": [
    {
      "id": "megagengar-gengar-item_interact",
      "variant": "item_interact",
      "result": "gengar form=base",
      "consumeHeldItem": false,
      "learnableMoves": [],
      "requirements": [],
      "requiredContext": "lackingmegas:key_stone"
    },
    {
      "id": "megagengar-gengar-item_interact",
      "variant": "item_interact",
      "result": "gengar form=base",
      "consumeHeldItem": false,
      "learnableMoves": [],
      "requirements": [],
      "requiredContext": "lackingmegas:mega_ring"
    }
  ]
    }]
}