{
  "target": "cobblemon:metagross",
    "features": ["mega"],
  "evolutions": [
  {
    "id": "metagross_megametagross",
    "variant": "item_interact",
    "result": "metagross form=mega",
    "consumeHeldItem": true,
    "requirements": [],
    "requiredContext": "lackingmegas:key_stone"
  },
  {
    "id": "metagross_megametagross1",
    "variant": "item_interact",
    "result": "metagross form=mega",
    "consumeHeldItem": false,
    "requirements": [],
    "requiredContext": "lackingmegas:mega_ring"
  }
],
  "forms": [
    {"name": "base"
  },
    {
      "name": "Mega",
      "primaryType": "steel",
      "secondaryType": "psychic",
      "abilities": [
        "toughclaws"
      ],
      "baseStats": {
        "hp": 80,
        "attack": 145,
        "defence": 150,
        "special_attack": 105,
        "special_defence": 110,
        "speed": 110
      },
      "catchRate": 3,
      "maleRatio": -1,
      "baseExperienceYield": 300,
      "baseFriendship": 35,
      "evYield": {
        "hp": 0,
        "attack": 0,
        "defence": 3,
        "special_attack": 0,
        "special_defence": 0,
        "speed": 0
      },
      "experienceGroup": "slow",
      "eggCycles": 40,
      "eggGroups": [
        "mineral"
      ],
      "labels": [
        "gen6",
        "mega",
        "pseudo_legendary"
      ],
      "aspects": [
        "mega"
      ],
      "height": 25,
      "weight": 9429,
      "cannotDynamax": false,
      "battleOnly": true,
	    "evolutions": [
    {
      "id": "megametagross-metagross-item_interact",
      "variant": "item_interact",
      "result": "metagross",
      "consumeHeldItem": true,
      "learnableMoves": [],
      "requirements": [],
      "requiredContext": "lackingmegas:key_stone"
    },
    {
      "id": "megametagross-metagross-item_interact",
      "variant": "item_interact",
      "result": "metagross",
      "consumeHeldItem": false,
      "learnableMoves": [],
      "requirements": [],
      "requiredContext": "lackingmegas:mega_ring"
    }
  ]
    }
  ]

}