{
    "species": "cobblemon:roselia",
    "order": 0,
    "variations": [
        {
            "aspects": [],
            "poser": "cobblemon:roselia",
            "model": "cobblemon:roselia.geo",
            "texture": "cobblemon:textures/pokemon/0315_roselia/roselia.png",
            "layers": []
        },
        {
            "aspects": [
                "shiny"
            ],
            "texture": "cobblemon:textures/pokemon/0315_roselia/roselia_shiny.png",
            "layers": []
        }
    ]
}