{
	"format_version": "1.12.0",
	"minecraft:geometry": [
		{
			"description": {
				"identifier": "geometry.gardevoir",
				"texture_width": 64,
				"texture_height": 64,
				"visible_bounds_width": 3,
				"visible_bounds_height": 3.5,
				"visible_bounds_offset": [0, 1.25, 0]
			},
			"bones": [
				{
					"name": "gardevoir",
					"pivot": [0, 0, 0]
				},
				{
					"name": "body",
					"parent": "gardevoir",
					"pivot": [0, 0, 0]
				},
				{
					"name": "torso",
					"parent": "body",
					"pivot": [0, 16.5, 0],
					"cubes": [
						{"origin": [-2, 16.5, -1.5], "size": [4, 3, 3], "inflate": 0.01, "uv": [50, 19]},
						{"origin": [-2, 16.5, -2.1], "size": [4, 3, 1], "uv": [52, 21]},
						{"origin": [-2, 16.5, 0.9], "size": [4, 3, 1], "uv": [52, 21]}
					]
				},
				{
					"name": "skirt",
					"parent": "torso",
					"pivot": [0, 17, 0]
				},
				{
					"name": "skirt_front_left",
					"parent": "skirt",
					"pivot": [0, 18.5, -1.5],
					"rotation": [-48.70923, -9.87082, 0.60559],
					"cubes": [
						{"origin": [-1, 12.5, -1.5], "size": [4, 6, 0], "uv": [18, 26]}
					]
				},
				{
					"name": "skirt_front_left2",
					"parent": "skirt_front_left",
					"pivot": [-1, 12.5, -1.5],
					"rotation": [17.47748, 0.90174, -2.86139],
					"cubes": [
						{"origin": [-1, 6.5, -1.5], "size": [5, 6, 0], "inflate": 0.01, "uv": [20, 32]}
					]
				},
				{
					"name": "skirt_front_left3",
					"parent": "skirt_front_left2",
					"pivot": [-1, 6.5, -1.5],
					"rotation": [15, 0, 0],
					"cubes": [
						{"origin": [-1.4, -1.5, -1.5], "size": [6, 8, 0], "uv": [28, 42]}
					]
				},
				{
					"name": "skirt_front_right",
					"parent": "skirt",
					"pivot": [0, 18.5, -1.5],
					"rotation": [-48.70923, 9.87082, -0.60559],
					"cubes": [
						{"origin": [-3, 12.5, -1.5], "size": [4, 6, 0], "uv": [26, 26], "mirror": true}
					]
				},
				{
					"name": "skirt_front_right2",
					"parent": "skirt_front_right",
					"pivot": [1, 12.5, -1.5],
					"rotation": [17.48999, -0.6013, 1.9075],
					"cubes": [
						{"origin": [-4, 6.5, -1.5], "size": [5, 6, 0], "inflate": 0.01, "uv": [30, 32], "mirror": true}
					]
				},
				{
					"name": "skirt_front_right3",
					"parent": "skirt_front_right2",
					"pivot": [1, 6.5, -1.5],
					"rotation": [15, 0, 0],
					"cubes": [
						{"origin": [-4.6, -1.5, -1.5], "size": [6, 8, 0], "uv": [28, 42], "mirror": true}
					]
				},
				{
					"name": "skirt_back_left",
					"parent": "skirt",
					"pivot": [-0.9, 17.8, 1.6],
					"rotation": [40.99464, 32.08816, -7.89236],
					"cubes": [
						{"origin": [-0.9, 11.8, 1.6], "size": [4, 6, 0], "uv": [18, 58]}
					]
				},
				{
					"name": "skirt_back_left2",
					"parent": "skirt_back_left",
					"pivot": [-0.9, 11.8, 1.6],
					"rotation": [-17.5, 0, 0],
					"cubes": [
						{"origin": [-1.5, 4.8, 1.6], "size": [5, 7, 0], "inflate": 0.01, "uv": [0, 50]}
					]
				},
				{
					"name": "skirt_back_left3",
					"parent": "skirt_back_left2",
					"pivot": [-0.9, 4.8, 1.6],
					"rotation": [-20, 0, -2.5],
					"cubes": [
						{"origin": [-2.9, -3.2, 1.6], "size": [6, 8, 0], "pivot": [-0.9, -14.7, 0.1], "rotation": [0, 0, 3], "uv": [10, 50]}
					]
				},
				{
					"name": "skirt_front_left4",
					"parent": "skirt",
					"pivot": [0.9, 18.1, -1.5],
					"rotation": [-62.61292, -56.74058, 12.30622],
					"cubes": [
						{"origin": [-0.1, 12.1, -1.5], "size": [4, 6, 0], "uv": [18, 26]}
					]
				},
				{
					"name": "skirt_front_left5",
					"parent": "skirt_front_left4",
					"pivot": [-0.1, 12.1, -1.5],
					"rotation": [20.96424, 1.25361, -3.26805],
					"cubes": [
						{"origin": [-0.4, 6.1, -1.5], "size": [5, 6, 0], "inflate": 0.01, "uv": [20, 32]}
					]
				},
				{
					"name": "skirt_front_left6",
					"parent": "skirt_front_left5",
					"pivot": [-0.1, 6.1, -1.5],
					"rotation": [20, 0, 0],
					"cubes": [
						{"origin": [-1, -1.9, -1.5], "size": [6, 8, 0], "uv": [16, 42]}
					]
				},
				{
					"name": "skirt_front_left7",
					"parent": "skirt",
					"pivot": [1.6, 18.1, -0.2],
					"rotation": [169.53922, -75.78855, 141.19478],
					"cubes": [
						{"origin": [0.6, 12.1, -0.2], "size": [4, 6, 0], "uv": [18, 26]}
					]
				},
				{
					"name": "skirt_front_left8",
					"parent": "skirt_front_left7",
					"pivot": [0.6, 12.1, -0.2],
					"rotation": [20.99708, 0.35835, -0.93359],
					"cubes": [
						{"origin": [0.1, 6.1, -0.2], "size": [5, 6, 0], "inflate": 0.01, "uv": [20, 32]}
					]
				},
				{
					"name": "skirt_front_left9",
					"parent": "skirt_front_left8",
					"pivot": [0.6, 6.1, -0.2],
					"rotation": [20, 0, 0],
					"cubes": [
						{"origin": [-0.4, -1.9, -0.2], "size": [6, 8, 0], "uv": [16, 42]}
					]
				},
				{
					"name": "skirt_front_right7",
					"parent": "skirt",
					"pivot": [-1.6, 18.1, -0.2],
					"rotation": [172.66518, 74.90831, -138.41013],
					"cubes": [
						{"origin": [-4.6, 12.1, -0.2], "size": [4, 6, 0], "uv": [18, 26], "mirror": true}
					]
				},
				{
					"name": "skirt_front_right8",
					"parent": "skirt_front_right7",
					"pivot": [-0.6, 12.1, -0.2],
					"rotation": [20.95329, -1.43246, 3.7351],
					"cubes": [
						{"origin": [-5.1, 6.1, -0.2], "size": [5, 6, 0], "inflate": 0.01, "uv": [20, 32], "mirror": true}
					]
				},
				{
					"name": "skirt_front_right9",
					"parent": "skirt_front_right8",
					"pivot": [-0.6, 6.1, -0.2],
					"rotation": [19.97476, -1.02565, 2.81938],
					"cubes": [
						{"origin": [-5.6, -1.9, -0.2], "size": [6, 8, 0], "uv": [16, 42], "mirror": true}
					]
				},
				{
					"name": "skirt_front_right4",
					"parent": "skirt",
					"pivot": [-0.9, 18.1, -1.5],
					"rotation": [-62.61292, 56.74058, -12.30622],
					"cubes": [
						{"origin": [-3.9, 12.1, -1.5], "size": [4, 6, 0], "uv": [18, 26], "mirror": true}
					]
				},
				{
					"name": "skirt_front_right5",
					"parent": "skirt_front_right4",
					"pivot": [0.1, 12.1, -1.5],
					"rotation": [20.96424, -1.25361, 3.26805],
					"cubes": [
						{"origin": [-4.6, 6.1, -1.5], "size": [5, 6, 0], "inflate": 0.01, "uv": [20, 32], "mirror": true}
					]
				},
				{
					"name": "skirt_front_right6",
					"parent": "skirt_front_right5",
					"pivot": [0.1, 6.1, -1.5],
					"rotation": [20, 0, 0],
					"cubes": [
						{"origin": [-5, -1.9, -1.5], "size": [6, 8, 0], "uv": [16, 42], "mirror": true}
					]
				},
				{
					"name": "skirt_back_right",
					"parent": "skirt",
					"pivot": [0.9, 17.8, 1.6],
					"rotation": [40.99464, -32.08816, 7.89236],
					"cubes": [
						{"origin": [-3.1, 11.8, 1.6], "size": [4, 6, 0], "uv": [18, 58], "mirror": true}
					]
				},
				{
					"name": "skirt_back_right2",
					"parent": "skirt_back_right",
					"pivot": [0.9, 12, 1.6],
					"rotation": [-17.47748, -0.90174, -2.86139],
					"cubes": [
						{"origin": [-3.5, 5, 1.6], "size": [5, 7, 0], "inflate": 0.01, "uv": [0, 50], "mirror": true}
					]
				},
				{
					"name": "skirt_back_right3",
					"parent": "skirt_back_right2",
					"pivot": [0.7, 5.2, 1.6],
					"rotation": [-19.9299, -1.70818, -2.19986],
					"cubes": [
						{"origin": [-4, -2.8, 1.6], "size": [6, 8, 0], "uv": [10, 50], "mirror": true}
					]
				},
				{
					"name": "skirt_back_right4",
					"parent": "skirt",
					"pivot": [-4.3, 17.5, 1.6],
					"rotation": [42.82979, 3.18513, -0.63489],
					"cubes": [
						{"origin": [-2.5103, 12.07675, 1.983], "size": [4, 6, 0], "uv": [18, 58], "mirror": true}
					]
				},
				{
					"name": "skirt_back_right5",
					"parent": "skirt_back_right4",
					"pivot": [-4.3, 11.5, 1.6],
					"rotation": [-17.5, 0, 0],
					"cubes": [
						{"origin": [-2.9103, 5.16523, 1.79184], "size": [5, 7, 0], "inflate": 0.01, "uv": [0, 50], "mirror": true}
					]
				},
				{
					"name": "skirt_back_right6",
					"parent": "skirt_back_right5",
					"pivot": [-4.3, 4.5, 1.6],
					"rotation": [-20, 0, 2.5],
					"cubes": [
						{"origin": [-3.24482, -2.57255, 1.46659], "size": [6, 8, 0], "uv": [10, 50], "mirror": true}
					]
				},
				{
					"name": "waist",
					"parent": "torso",
					"pivot": [0, 19.5, 0],
					"cubes": [
						{"origin": [-1.5, 19, -1.5], "size": [3, 3, 3], "uv": [49, 13]}
					]
				},
				{
					"name": "chest",
					"parent": "waist",
					"pivot": [0, 21.5, 0],
					"cubes": [
						{"origin": [-2, 21.5, -1.5], "size": [4, 5, 3], "inflate": 0.01, "uv": [49, 5]}
					]
				},
				{
					"name": "chest_spike",
					"parent": "chest",
					"pivot": [-0.6, 23.7, -2.5],
					"rotation": [7, 36, 0],
					"cubes": [
						{"origin": [-0.6, 21.30219, -8.15819], "size": [0, 4, 5], "inflate": 0.01, "pivot": [-0.6, -0.3, -1], "rotation": [-6, 0, 0], "uv": [51, -5]}
					]
				},
				{
					"name": "chest_spike2",
					"parent": "chest",
					"pivot": [0.5, 23.7, -2.1],
					"rotation": [9.63605, -36, 1.06416],
					"cubes": [
						{"origin": [0.50601, 21.25, -7.36001], "size": [0, 4, 5], "inflate": 0.01, "pivot": [0.5, -0.3, -0.6], "rotation": [-6, 0, 0], "uv": [51, -5]},
						{"origin": [0.76709, 21.31403, 0.24064], "size": [0, 4, 3], "inflate": 0.01, "pivot": [0.5, 23.7, -0.6], "rotation": [-12.02398, 34.20726, -7.75921], "uv": [53, -3]}
					]
				},
				{
					"name": "arms",
					"parent": "chest",
					"pivot": [0, 26.5, 0]
				},
				{
					"name": "arm_left",
					"parent": "arms",
					"pivot": [2, 26.5, 0],
					"cubes": [
						{"origin": [2, 25.5, -0.5], "size": [7, 1, 1], "uv": [0, 28]}
					]
				},
				{
					"name": "arm_left2",
					"parent": "arm_left",
					"pivot": [9, 26, 0.5],
					"cubes": [
						{"origin": [9, 24.8, -0.9], "size": [7, 2, 2], "inflate": 0.01, "uv": [32, 21]},
						{"origin": [6, 26.8, -0.9], "size": [3, 0, 2], "inflate": 0.01, "pivot": [9, 26.8, 0], "rotation": [0, 0, 9], "uv": [32, 21]}
					]
				},
				{
					"name": "hand_left",
					"parent": "arm_left2",
					"pivot": [16, 26.8, 0.1]
				},
				{
					"name": "finger_front_left",
					"parent": "hand_left",
					"pivot": [16, 24.8, -0.9],
					"cubes": [
						{"origin": [16, 24.8, -0.9], "size": [3, 2, 0], "uv": [0, 42]}
					]
				},
				{
					"name": "finger_center_left",
					"parent": "hand_left",
					"pivot": [16, 24.8, 0.1],
					"cubes": [
						{"origin": [15.5, 24.8, 0.1], "size": [5, 2, 0], "uv": [0, 36]}
					]
				},
				{
					"name": "finger_back_left",
					"parent": "hand_left",
					"pivot": [16, 24.8, 1.1],
					"cubes": [
						{"origin": [16, 24.8, 1.1], "size": [3, 2, 0], "uv": [0, 44]}
					]
				},
				{
					"name": "arm_right",
					"parent": "arms",
					"pivot": [-2, 26.5, 0],
					"cubes": [
						{"origin": [-9, 25.5, -0.5], "size": [7, 1, 1], "uv": [17, 24], "mirror": true}
					]
				},
				{
					"name": "arm_right2",
					"parent": "arm_right",
					"pivot": [-9, 26, 0.5],
					"cubes": [
						{"origin": [-16, 24.8, -0.9], "size": [7, 2, 2], "inflate": 0.01, "uv": [0, 24], "mirror": true},
						{"origin": [-9, 26.8, -0.9], "size": [3, 0, 2], "inflate": 0.01, "pivot": [-9, 26.8, 0], "rotation": [0, 0, -9], "uv": [32, 21], "mirror": true}
					]
				},
				{
					"name": "hand_right",
					"parent": "arm_right2",
					"pivot": [-16, 26.8, 0.1]
				},
				{
					"name": "finger_front_right",
					"parent": "hand_right",
					"pivot": [-16, 24.8, -0.9],
					"cubes": [
						{"origin": [-19, 24.8, -0.9], "size": [3, 2, 0], "uv": [0, 48], "mirror": true}
					]
				},
				{
					"name": "finger_center_right",
					"parent": "hand_right",
					"pivot": [-16, 24.8, 0.1],
					"cubes": [
						{"origin": [-20.5, 24.8, 0.1], "size": [5, 2, 0], "uv": [0, 38], "mirror": true}
					]
				},
				{
					"name": "finger_back_right",
					"parent": "hand_right",
					"pivot": [-16, 24.8, 1.1],
					"cubes": [
						{"origin": [-19, 24.8, 1.1], "size": [3, 2, 0], "uv": [0, 46], "mirror": true}
					]
				},
				{
					"name": "neck",
					"parent": "chest",
					"pivot": [0, 26.5, 0],
					"cubes": [
						{"origin": [-0.5, 25.5, -0.5], "size": [1, 3, 1], "uv": [24, 0]}
					]
				},
				{
					"name": "head",
					"parent": "neck",
					"pivot": [0, 27.5, 0],
					"cubes": [
						{"origin": [-3, 27.5, -2.7], "size": [6, 6, 6], "pivot": [0, 29.5, 0.3], "rotation": [0, 45, 0], "uv": [0, 0]}
					]
				},
				{
					"name": "mouth_open",
					"parent": "head",
					"pivot": [0, 29.6, 0.4],
					"cubes": [
						{"origin": [2, 27.6, -2.6], "size": [1, 1, 1], "inflate": 0.01, "pivot": [0, 29.6, 0.4], "rotation": [0, 45, 0], "uv": [26, 22]}
					]
				},
				{
					"name": "eyes",
					"parent": "head",
					"pivot": [0, 31.5, 3.5]
				},
				{
					"name": "eye_left",
					"parent": "eyes",
					"pivot": [2.75, 30.25, -1.7],
					"rotation": [0, -45, 0]
				},
				{
					"name": "eye_left_rotation",
					"parent": "eye_left",
					"pivot": [2.8, 30.25, -1.35],
					"rotation": [0, 0, -5],
					"cubes": [
						{"origin": [1.05, 28.5, -1.36], "size": [3, 3, 0], "uv": [0, 0]},
						{"origin": [1.05, 29, -1.37], "size": [2, 3, 0], "uv": [0, 3]}
					]
				},
				{
					"name": "pupil_left",
					"parent": "eye_left_rotation",
					"pivot": [2.05, 30.5, -1.38],
					"cubes": [
						{"origin": [1.55, 29.5, -1.38], "size": [1, 2, 0], "uv": [4, 3]}
					]
				},
				{
					"name": "eye_shine_left",
					"parent": "eye_left_rotation",
					"pivot": [2.55, 31, -1.39],
					"cubes": [
						{"origin": [2.05, 30.5, -1.39], "size": [1, 1, 0], "uv": [4, 5]}
					]
				},
				{
					"name": "eyelid_left",
					"parent": "eye_left_rotation",
					"pivot": [2.55, 30, -0.75],
					"cubes": [
						{"origin": [1.05, 28.5, -1.29], "size": [3, 3, 1], "inflate": 0.01, "uv": [20, 38]}
					]
				},
				{
					"name": "eye_right",
					"parent": "eyes",
					"pivot": [-2.75, 30.25, -1.7],
					"rotation": [0, 45, 0]
				},
				{
					"name": "eye_right_rotation",
					"parent": "eye_right",
					"pivot": [-2.8, 30.25, -1.35],
					"rotation": [0, 0, 5],
					"cubes": [
						{"origin": [-4.05, 28.5, -1.36], "size": [3, 3, 0], "uv": [0, 12], "mirror": true},
						{"origin": [-3.05, 29, -1.37], "size": [2, 3, 0], "uv": [0, 15], "mirror": true}
					]
				},
				{
					"name": "pupil_right",
					"parent": "eye_right_rotation",
					"pivot": [-2.05, 30.5, -1.38],
					"cubes": [
						{"origin": [-2.55, 29.5, -1.38], "size": [1, 2, 0], "uv": [4, 15], "mirror": true}
					]
				},
				{
					"name": "eye_shine_right",
					"parent": "eye_right_rotation",
					"pivot": [-2.55, 31, -1.39],
					"cubes": [
						{"origin": [-3.05, 30.5, -1.39], "size": [1, 1, 0], "uv": [4, 17], "mirror": true}
					]
				},
				{
					"name": "eyelid_right",
					"parent": "eye_right_rotation",
					"pivot": [-2.55, 30, -0.75],
					"cubes": [
						{"origin": [-4.05, 28.5, -1.29], "size": [3, 3, 1], "inflate": 0.01, "uv": [10, 58], "mirror": true}
					]
				},
				{
					"name": "hair",
					"parent": "head",
					"pivot": [0, 31.1, -0.35],
					"rotation": [7.5, 0, 0],
					"cubes": [
						{"origin": [-3, 28.1, -3.35], "size": [6, 6, 6], "pivot": [0, 30.1, -0.35], "rotation": [0, 45, 0], "uv": [0, 12]}
					]
				},
				{
					"name": "hair_back",
					"parent": "head",
					"pivot": [0, 34.5, -0.5]
				},
				{
					"name": "hair_back_left",
					"parent": "hair_back",
					"pivot": [4.3, 33.6, 3.35],
					"rotation": [2.5, 10, -2.5],
					"cubes": [
						{"origin": [1.3, 30.6, 0.35], "size": [3, 3, 3], "uv": [25, 1]}
					]
				},
				{
					"name": "hair_back_left2",
					"parent": "hair_back_left",
					"pivot": [4.3, 33.6, 3.35],
					"rotation": [25, 0, 0],
					"cubes": [
						{"origin": [1.3, 29.6, 0.35], "size": [3, 4, 3], "inflate": 0.01, "uv": [24, 7]}
					]
				},
				{
					"name": "hair_back_left3",
					"parent": "hair_back_left2",
					"pivot": [2.8, 29.6, 2.85],
					"rotation": [-45, 0, 0],
					"cubes": [
						{"origin": [1.3, 25.6, -0.15], "size": [3, 4, 3], "uv": [25, 14]}
					]
				},
				{
					"name": "hair_back_left4",
					"parent": "hair_back_left3",
					"pivot": [2.8, 25.6, 2.35],
					"rotation": [-52.5, 0, 0],
					"cubes": [
						{"origin": [1.8, 22.6, 0.35], "size": [2, 3, 2], "inflate": 0.01, "uv": [18, 12]}
					]
				},
				{
					"name": "hair_back_right",
					"parent": "hair_back",
					"pivot": [-4.3, 33.6, 3.35],
					"rotation": [2.5, -10, 2.5],
					"cubes": [
						{"origin": [-4.3, 30.6, 0.35], "size": [3, 3, 3], "uv": [37, 1], "mirror": true}
					]
				},
				{
					"name": "hair_back_right2",
					"parent": "hair_back_right",
					"pivot": [-4.3, 33.6, 3.35],
					"rotation": [25, 0, 0],
					"cubes": [
						{"origin": [-4.3, 29.6, 0.35], "size": [3, 4, 3], "inflate": 0.01, "uv": [36, 7], "mirror": true}
					]
				},
				{
					"name": "hair_back_right3",
					"parent": "hair_back_right2",
					"pivot": [-2.8, 29.6, 2.85],
					"rotation": [-45, 0, 0],
					"cubes": [
						{"origin": [-4.3, 25.6, -0.15], "size": [3, 4, 3], "uv": [37, 14], "mirror": true}
					]
				},
				{
					"name": "hair_back_right4",
					"parent": "hair_back_right3",
					"pivot": [-2.8, 25.6, 2.35],
					"rotation": [-52.5, 0, 0],
					"cubes": [
						{"origin": [-3.8, 22.6, 0.35], "size": [2, 3, 2], "inflate": 0.01, "uv": [0, 31], "mirror": true}
					]
				},
				{
					"name": "head_side_left",
					"parent": "head",
					"pivot": [4, 28, 0.05],
					"rotation": [0, 47.5, 0],
					"cubes": [
						{"origin": [4, 28, 0.05], "size": [0, 3, 3], "uv": [18, -3]}
					]
				},
				{
					"name": "head_side_left2",
					"parent": "head",
					"pivot": [4, 28, 0.05],
					"rotation": [0, 47.5, 0],
					"cubes": [
						{"origin": [4, 28, 0.05], "size": [0, 3, 3], "uv": [18, -3]}
					]
				},
				{
					"name": "head_side_right",
					"parent": "head",
					"pivot": [-4, 28, 0.05],
					"rotation": [5, -45, 0],
					"cubes": [
						{"origin": [-4, 28, 0.05], "size": [0, 3, 3], "uv": [18, 0], "mirror": true}
					]
				},
				{
					"name": "head_side_right2",
					"parent": "head",
					"pivot": [-4, 28, 0.05],
					"rotation": [5, -45, 0],
					"cubes": [
						{"origin": [-4, 28, 0.05], "size": [0, 3, 3], "uv": [18, 0], "mirror": true}
					]
				},
				{
					"name": "legs",
					"parent": "body",
					"pivot": [0, 17, 0]
				},
				{
					"name": "leg_left",
					"parent": "legs",
					"pivot": [1.8, 16.5, 0],
					"cubes": [
						{"origin": [0.1, 9, -1], "size": [2, 8, 2], "uv": [12, 32]},
						{"origin": [0.8, 14.4, 1], "size": [3, 3, 1], "inflate": -0.3, "pivot": [0.1, 0.5, 0], "rotation": [0, 0, -4], "uv": [8, 42]},
						{"origin": [0.8, 14.4, 0.6], "size": [3, 3, 1], "inflate": -0.3, "pivot": [0.1, 0.5, -0.4], "rotation": [0, 0, -4], "uv": [11, 41]}
					]
				},
				{
					"name": "leg_left2",
					"parent": "leg_left",
					"pivot": [1.3, 9, -1],
					"cubes": [
						{"origin": [0.6, 0, -0.5], "size": [1, 9, 1], "inflate": 0.2, "uv": [10, 30]},
						{"origin": [0.6, 0.7, -1.7], "size": [1, 1, 3], "inflate": 0.201, "pivot": [-0.2, -7.8, 1.3], "rotation": [10, 0, 0], "uv": [53, 33]},
						{"origin": [0.6, 0, -3.1], "size": [1, 1, 1.7], "inflate": 0.2, "uv": [56, 33], "mirror": true}
					]
				},
				{
					"name": "leg_right",
					"parent": "legs",
					"pivot": [-1.8, 16.5, 0],
					"cubes": [
						{"origin": [-2.1, 9, -1], "size": [2, 8, 2], "uv": [8, 40], "mirror": true},
						{"origin": [-3.8, 14.4, 1], "size": [3, 3, 1], "inflate": -0.3, "pivot": [-0.1, 0.5, 0], "rotation": [0, 0, 4], "uv": [8, 42], "mirror": true},
						{"origin": [-3.8, 14.4, 0.6], "size": [3, 3, 1], "inflate": -0.3, "pivot": [-0.1, 0.5, -0.4], "rotation": [0, 0, 4], "uv": [11, 41], "mirror": true}
					]
				},
				{
					"name": "leg_right2",
					"parent": "leg_right",
					"pivot": [-1.6, 9, -1],
					"cubes": [
						{"origin": [-1.6, 0, -0.5], "size": [1, 9, 1], "inflate": 0.2, "uv": [6, 40], "mirror": true},
						{"origin": [-1.6, 0, -3.1], "size": [1, 1, 1.7], "inflate": 0.2, "uv": [56, 33], "mirror": true},
						{"origin": [-1.6, 0.7, -1.7], "size": [1, 1, 3], "inflate": 0.201, "pivot": [-0.1, -7.8, 1.3], "rotation": [10, 0, 0], "uv": [52, 42], "mirror": true}
					]
				}
			]
		}
	]
}