{
    "portraitScale": 0.5,
    "cry": "bedrock(archaludon, cry)",
    "portraitTranslation": [
        0,
        0,
        0
    ],
    "profileScale": 0.75,
    "profileTranslation": [
        0.05,
        0.01,
        0
    ],
    "poses": {
        "standing": {
            "poseName": "standing",
            "transformTicks": 10,
            "poseTypes": [
                "STAND",
                "NONE",
                "PORTRAIT",
                "PROFILE"
            ],
            "animations": [
                "bedrock(archaludon, ground_idle)"
            ]
        },
        "walking": {
            "poseName": "walking",
            "transformTicks": 10,
            "poseTypes": [
                "WALK"
            ],
            "animations": [
                "bedrock(archaludon, ground_walk)"
            ]
        }
    }
}