{
    "head": "head",
    "cry": "bedrock(darumaka_galarian, cry)",
    "portraitScale": 1.5,
    "portraitTranslation": [
        0,
        0,
        0
    ],
    "profileScale": 1,
    "profileTranslation": [
        0.05,
        0.4,
        0
    ],
    "poses": {
        "standing": {
            "poseName": "standing",
            "transformTicks": 10,
            "poseTypes": [
                "STAND",
                "NONE",
                "PORTRAIT",
                "PROFILE"
            ],
            "animations": [
                "bedrock(darumaka_galarian, ground_idle)"
            ],
            "quirks": [
                {
                    "name": "blink",
                    "animations": [
                        "bedrock(darumaka_galarian, blink)"
                    ]
                }
            ]
        },
        "walking": {
            "poseName": "walking",
            "transformTicks": 10,
            "poseTypes": [
                "WALK"
            ],
            "animations": [
                "bedrock(darumaka_galarian, ground_walk)"
            ]
        }
    }
}