{
    "head": "body",
    "portraitScale": 1.5,
    "portraitTranslation": [
        0,
        0.4,
        0
    ],
    "profileScale": 1,
    "profileTranslation": [
        0,
        0.9,
        0
    ],
    "poses": {
        "standing": {
            "poseName": "standing",
            "transformTicks": 10,
            "poseTypes": [
                "STAND",
                "NONE",
                "PORTRAIT",
                "PROFILE"
            ],
            "animations": [
                "bedrock(feebas, ground_idle)"
            ]
        },
        "walking": {
            "poseName": "walking",
            "transformTicks": 10,
            "poseTypes": [
                "WALK"
            ],
            "animations": [
                "bedrock(feebas, ground_walk)"
            ]
        }
    }
}