{
  "head": "head",
  "portraitScale": 1.7,
  "portraitTranslation": [-0.6, -0.25, 0],
  "profileScale": 0.75,
  "profileTranslation": [0, 0.55, 0],
  "poses": {
    "standing": {
      "poseName": "standing",
      "transformTicks": 10,
      "poseTypes": ["STAND", "NONE", "PORTRAIT", "PROFILE"],
	  "isBattle": false,
      "animations": ["look", "bedrock(golem_alolan, ground_idle)"]
  },
    "walking": {
      "poseName": "walking",
      "transformTicks": 10,
      "poseTypes": ["WALK"],
      "animations": ["bedrock(golem_alolan, ground_walk)"]
     },
	     "battle-idle": {
      "poseName": "battle-idle",
      "transformTicks": 10,
	  "isBattle": true,
      "poseTypes": ["STAND"],
      "animations": ["bedrock(golem_alolan, battle_idle)"]
     }
  }
}