{
    "portraitScale": 1.5,
    "portraitTranslation": [
        0,
        0,
        0
    ],
    "profileScale": 1,
    "profileTranslation": [
        0.05,
        0.4,
        0
    ],
    "poses": {
        "standing": {
            "poseName": "standing",
            "transformTicks": 10,
            "poseTypes": [
                "STAND",
                "NONE",
                "PORTRAIT",
                "PROFILE"
            ],
            "animations": [
                "bedrock(weezing_galarian, ground_idle)",
				"bedrock(weezing, ground_idle)"
            ],
            "quirks": [
                {
                    "name": "blink",
                    "animations": [
                        "bedrock(weezing_galarian, blink)"
                    ]
                },
				                {
                    "name": "blink2",
                    "animations": [
                        "bedrock(weezing_galarian, blink2)"
                    ]
                }
            ]
        },
        "walking": {
            "poseName": "walking",
            "transformTicks": 10,
            "poseTypes": [
                "WALK"
            ],
            "animations": [
                "bedrock(weezing_galarian, ground_idle)",
								"bedrock(weezing, ground_idle)"
            ],
            "quirks": [
                {
                    "name": "blink",
                    "animations": [
                        "bedrock(weezing_galarian, blink)"
                    ]
                },
				                {
                    "name": "blink2",
                    "animations": [
                        "bedrock(weezing_galarian, blink2)"
                    ]
                }
            ]
        }
    }
}