{
    "species": "cobblemon:koffing",
    "order": 1,
    "variations": [
        {
            "aspects": [
                "galarian"
            ],
            "model": "cobblemon:koffing_galarian.geo",
            "poser": "cobblemon:koffing",
            "texture": "cobblemon:textures/pokemon/0109_koffing/koffing_galarian.png"
        },
        {
            "aspects": [
                "galarian",
                "shiny"
            ],
            "texture": "cobblemon:textures/pokemon/0109_koffing/koffing_galarian_shiny.png"
        }
    ]
}