{
	"format_version": "1.8.0",
	"animations": {
		"animation.roselia.render": {
			"loop": true,
			"bones": {
				"torso": {
					"rotation": [0, 0, 0]
				},
				"torso2": {
					"rotation": [-12.5, 0, 0]
				},
				"head": {
					"rotation": [-15, 0, 0]
				},
				"arm_leaf_left": {
					"rotation": [25, 0, 0]
				},
				"arm_leaf_right": {
					"rotation": [25, 0, 0]
				},
				"arm_left": {
					"rotation": [0, 0, 47.5]
				},
				"arm_left2": {
					"rotation": [0, 57.5, 0]
				},
				"arm_left3": {
					"rotation": [0, 22.5, 0]
				},
				"arm_right": {
					"rotation": [0, -37.5, -20]
				},
				"arm_right2": {
					"rotation": [0, -30, 37.5]
				},
				"arm_right3": {
					"rotation": [0, -32.5, 25]
				},
				"arm_leaf_left2": {
					"rotation": [-25, 0, 0]
				},
				"arm_leaf_right2": {
					"rotation": [-25, 0, 0]
				},
				"leg_left": {
					"rotation": [-25, 0, 0]
				}
			}
		},
		"animation.roselia.ground_idle": {
			"loop": true,
			"bones": {
				"torso2": {
					"rotation": ["5+math.sin(q.anim_time*30*4.5)*2", 0, "-math.sin(q.anim_time*90*0.5)*1"]
				},
				"head": {
					"rotation": [-15, 0, 0]
				},
				"arm_leaf_left": {
					"rotation": [25, 0, 0]
				},
				"arm_leaf_right": {
					"rotation": [25, 0, 0]
				},
				"arm_left": {
					"rotation": ["math.sin(q.anim_time*90*0.5)*2", 0, "20-math.sin(q.anim_time*20*5.5)*1"]
				},
				"arm_left2": {
					"rotation": ["0+math.sin(q.anim_time*90*0.5)*2", 40, "0-math.sin(q.anim_time*90*0.5)*1"],
					"position": [-0.4, 0, 0.1]
				},
				"arm_left3": {
					"rotation": ["9.3631+math.sin(q.anim_time*90*0.5)*2", "9.3631+math.sin(q.anim_time*90*3.5)*2", "17.6253-math.sin(q.anim_time*90*0.5)*1"],
					"position": [-0.2, 0, 0]
				},
				"arm_right": {
					"rotation": ["0+math.sin(q.anim_time*90*0.5)*2", "0+math.sin(q.anim_time*20*3.5)*2", "-25-math.sin(q.anim_time*90*0.5)*1"]
				},
				"arm_right2": {
					"rotation": ["math.sin(q.anim_time*90*2.5)*2", -15, "17-math.sin(q.anim_time*90*0.5)*1"],
					"position": [0.1, 0, 0]
				},
				"arm_right3": {
					"rotation": [-24.15465, -41.54566, 30.22895],
					"position": [0.4, 0, 0.1]
				},
				"arm_leaf_left2": {
					"rotation": [-25, 0, 0]
				},
				"arm_leaf_right2": {
					"rotation": [-25, 0, 0]
				},
				"leg_left": {
					"rotation": [4, "5.6465+math.sin(q.anim_time*30*4.5)*2", "-8.0085-math.sin(q.anim_time*90*0.5)*1"]
				},
				"eye_left": {
					"position": [0, 0, 0],
					"scale": 1
				},
				"thorn_middle": {
					"rotation": [-21, 0, 0],
					"position": [0, -0.2, 0]
				},
				"leaf": {
					"rotation": ["-2.5+math.sin(q.anim_time*10*4.5)*2", 0, "-math.sin(q.anim_time*10*0.5)*1"]
				},
				"leaf2": {
					"rotation": ["math.sin(q.anim_time*20*4.5)*2", 0, "-math.sin(q.anim_time*20*0.5)*1"]
				},
				"leaf3": {
					"rotation": ["-4+math.sin(q.anim_time*30*4.5)*2", 0, "0-math.sin(q.anim_time*90*0.5)*1"]
				},
				"leaf4": {
					"rotation": ["math.sin(q.anim_time*30*4.5)*2", 0, "-math.sin(q.anim_time*90*0.5)*1"]
				},
				"leaf5": {
					"rotation": ["16+math.sin(q.anim_time*30*4.5)*2", 0, "0-math.sin(q.anim_time*90*0.5)*1"]
				},
				"flower": {
					"rotation": ["math.sin(q.anim_time*90*0.5)*2", 0, "-7.5-math.sin(q.anim_time*90*0.5)*1"]
				},
				"flower2": {
					"rotation": ["0+math.sin(q.anim_time*90*0.5)*2", 0, "20-math.sin(q.anim_time*90*0.5)*1"]
				},
				"leg_left2": {
					"rotation": [0.416, "4.5458+math.sin(q.anim_time*30*4.5)*2", "4.9967-math.sin(q.anim_time*90*0.5)*1"]
				},
				"leg_right": {
					"rotation": [0, "5.5076+math.sin(q.anim_time*30*4.5)*2", "8.0176-math.sin(q.anim_time*90*0.5)*1"]
				},
				"leg_right2": {
					"rotation": ["5.6545+math.sin(q.anim_time*30*4.5)*2", "-6.9871+math.sin(q.anim_time*30*4.5)*2", "-6.1082-math.sin(q.anim_time*90*0.5)*1"]
				},
				"eyes": {
					"scale": [1, 0.9, 1]
				},
				"bone": {
					"rotation": [0, 0, 22.5]
				},
				"bone2": {
					"rotation": [0, 0, -25]
				},
				"roselia": {
					"scale": 0.75
				}
			}
		},
		"animation.roselia.faint": {
			"animation_length": 2.33333,
			"bones": {
				"torso2": {
					"rotation": {
						"0.0": ["2.5+math.sin(q.anim_time*30*4.5)*2", 0, "0-math.sin(q.anim_time*90*0.5)*1"],
						"0.5": ["-12.5+math.sin(q.anim_time*30*4.5)*2", 0, "0-math.sin(q.anim_time*90*0.5)*1"]
					}
				},
				"head": {
					"rotation": {
						"0.0": [-7.5, 0, 0],
						"0.875": [-7.05239, 2.55868, 19.8423],
						"1.625": [3.21216, 3.43722, 5.85051]
					}
				},
				"arm_leaf_left": {
					"rotation": [25, 0, 0]
				},
				"arm_leaf_right": {
					"rotation": [25, 0, 0]
				},
				"arm_left": {
					"rotation": {
						"0.0": ["math.sin(q.anim_time*90*0.5)*2", 0, "20-math.sin(q.anim_time*20*5.5)*1"],
						"2.125": ["0.2851+math.sin(q.anim_time*90*0.5)*2", -28.98084, "18.897-math.sin(q.anim_time*20*5.5)*1"]
					}
				},
				"arm_left2": {
					"rotation": {
						"0.0": ["0+math.sin(q.anim_time*90*0.5)*2", 40, "0-math.sin(q.anim_time*90*0.5)*1"],
						"2.125": ["-0.2791+math.sin(q.anim_time*90*0.5)*2", 27.00669, "-0.5025-math.sin(q.anim_time*90*0.5)*1"]
					},
					"position": [-0.4, 0, 0.1]
				},
				"arm_left3": {
					"rotation": {
						"0.0": ["9.3631+math.sin(q.anim_time*90*0.5)*2", "9.3631+math.sin(q.anim_time*90*3.5)*2", "17.6253-math.sin(q.anim_time*90*0.5)*1"],
						"0.9583": ["15.0118+math.sin(q.anim_time*90*0.5)*2", "50.8272+math.sin(q.anim_time*90*3.5)*2", "28.7079-math.sin(q.anim_time*90*0.5)*1"]
					},
					"position": [-0.2, 0, 0]
				},
				"arm_right": {
					"rotation": {
						"0.0": ["0+math.sin(q.anim_time*90*0.5)*2", "0+math.sin(q.anim_time*20*3.5)*2", "-25-math.sin(q.anim_time*90*0.5)*1"],
						"0.7083": ["0.057+math.sin(q.anim_time*90*0.5)*2", "-19.9966+math.sin(q.anim_time*20*3.5)*2", "-25.3809-math.sin(q.anim_time*90*0.5)*1"],
						"2.125": ["0.4842+math.sin(q.anim_time*90*0.5)*2", "37.4661+math.sin(q.anim_time*20*3.5)*2", "-23.1743-math.sin(q.anim_time*90*0.5)*1"]
					}
				},
				"arm_right2": {
					"rotation": {
						"0.0": ["math.sin(q.anim_time*90*2.5)*2", -15, "17-math.sin(q.anim_time*90*0.5)*1"],
						"0.7083": ["0.1532+math.sin(q.anim_time*90*2.5)*2", -37.49798, "16.6602-math.sin(q.anim_time*90*0.5)*1"]
					}
				},
				"arm_right3": {
					"rotation": {
						"0.0": [-24.15465, -41.54566, 30.22895],
						"0.7083": [-12.5022, -17.26534, -5.59369],
						"2.125": [-13.7998, -29.92801, -2.37258]
					}
				},
				"arm_leaf_left2": {
					"rotation": [-25, 0, 0]
				},
				"arm_leaf_right2": {
					"rotation": [-25, 0, 0]
				},
				"leg_left": {
					"rotation": [4, "5.6465+math.sin(q.anim_time*30*4.5)*2", "-8.0085-math.sin(q.anim_time*90*0.5)*1"]
				},
				"eye_left": {
					"position": [0, 0, 0],
					"scale": 1
				},
				"thorn_middle": {
					"rotation": [-21, 0, 0],
					"position": [0, -0.2, 0]
				},
				"leaf": {
					"rotation": {
						"0.0": ["-2.5+math.sin(q.anim_time*10*4.5)*2", 0, "-math.sin(q.anim_time*10*0.5)*1"],
						"0.625": ["-22.5+math.sin(q.anim_time*10*4.5)*2", 0, "0-math.sin(q.anim_time*10*0.5)*1"],
						"1.4583": ["5+math.sin(q.anim_time*10*4.5)*2", 0, "-math.sin(q.anim_time*10*0.5)*1"]
					}
				},
				"leaf2": {
					"rotation": {
						"0.0": ["math.sin(q.anim_time*20*4.5)*2", 0, "-math.sin(q.anim_time*20*0.5)*1"],
						"0.5": ["-7.5+math.sin(q.anim_time*20*4.5)*2", 0, "0-math.sin(q.anim_time*20*0.5)*1"],
						"1.4583": ["-2.5+math.sin(q.anim_time*20*4.5)*2", 0, "0-math.sin(q.anim_time*20*0.5)*1"]
					}
				},
				"leaf3": {
					"rotation": {
						"0.0": ["-4+math.sin(q.anim_time*30*4.5)*2", 0, "0-math.sin(q.anim_time*90*0.5)*1"],
						"0.5": ["-21.5+math.sin(q.anim_time*30*4.5)*2", 0, "-math.sin(q.anim_time*90*0.5)*1"],
						"1.4583": ["-4+math.sin(q.anim_time*30*4.5)*2", 0, "0-math.sin(q.anim_time*90*0.5)*1"]
					}
				},
				"leaf4": {
					"rotation": {
						"0.0": ["math.sin(q.anim_time*30*4.5)*2", 0, "-math.sin(q.anim_time*90*0.5)*1"],
						"0.5": ["-20+math.sin(q.anim_time*30*4.5)*2", 0, "0-math.sin(q.anim_time*90*0.5)*1"],
						"1.4583": ["17.5+math.sin(q.anim_time*30*4.5)*2", 0, "0-math.sin(q.anim_time*90*0.5)*1"]
					}
				},
				"leaf5": {
					"rotation": {
						"0.0": ["16+math.sin(q.anim_time*30*4.5)*2", 0, "0-math.sin(q.anim_time*90*0.5)*1"],
						"0.5": ["-31.5+math.sin(q.anim_time*30*4.5)*2", 0, "0-math.sin(q.anim_time*90*0.5)*1"],
						"1.4583": ["6+math.sin(q.anim_time*30*4.5)*2", 0, "0-math.sin(q.anim_time*90*0.5)*1"]
					}
				},
				"flower": {
					"rotation": ["math.sin(q.anim_time*90*0.5)*2", 0, "-7.5-math.sin(q.anim_time*90*0.5)*1"]
				},
				"flower2": {
					"rotation": ["0+math.sin(q.anim_time*90*0.5)*2", 0, "20-math.sin(q.anim_time*90*0.5)*1"]
				},
				"leg_left2": {
					"rotation": {
						"0.0": [0.416, "4.5458+math.sin(q.anim_time*30*4.5)*2", "4.9967-math.sin(q.anim_time*90*0.5)*1"],
						"1.0": [-11.75791, "4.5458+math.sin(q.anim_time*30*4.5)*2", "4.9967-math.sin(q.anim_time*90*0.5)*1"],
						"1.9167": [15.416, "4.5458+math.sin(q.anim_time*30*4.5)*2", "4.9967-math.sin(q.anim_time*90*0.5)*1"]
					}
				},
				"leg_right": {
					"rotation": {
						"0.0": [0, "5.5076+math.sin(q.anim_time*30*4.5)*2", "8.0176-math.sin(q.anim_time*90*0.5)*1"],
						"0.5": [-40, "5.5076+math.sin(q.anim_time*30*4.5)*2", "8.0176-math.sin(q.anim_time*90*0.5)*1"],
						"1.9167": [10, "5.5076+math.sin(q.anim_time*30*4.5)*2", "8.0176-math.sin(q.anim_time*90*0.5)*1"]
					}
				},
				"leg_right2": {
					"rotation": ["5.6545+math.sin(q.anim_time*30*4.5)*2", "-6.9871+math.sin(q.anim_time*30*4.5)*2", "-6.1082-math.sin(q.anim_time*90*0.5)*1"]
				},
				"eyes": {
					"scale": [1, 0.9, 1]
				},
				"roselia": {
					"scale": {
						"0.0": [0.75, 0.75, 0.75],
						"1.2917": [0.75, 0.75, 0.75],
						"2.3333": [0, 0, 0]
					}
				},
				"torso": {
					"rotation": {
						"0.0": [-5, 0, 0],
						"0.5": [-25, 0, 0],
						"0.7917": [-40, 0, 0],
						"1.0417": [-60, 0, 0],
						"1.2917": [-85, 0, 0],
						"1.375": [-85, 0, 0],
						"1.4583": [-85, 0, 0],
						"1.5417": [-85, 0, 0],
						"1.625": [-85, 0, 0]
					},
					"position": {
						"0.0": [0, 0, 0],
						"0.5": [0, 0, 0],
						"0.7917": [0, -2, 0],
						"1.0417": [0, -2.3, 0],
						"1.2917": [0, -3.7, 0],
						"1.375": [0, -3.4, 0],
						"1.4583": [0, -3.7, 0],
						"1.5417": [0, -3.4, 0],
						"1.625": [0, -3.7, 0]
					}
				},
				"bone": {
					"rotation": {
						"0.0": [0, 0, 20],
						"0.5417": [0, 0, 35]
					}
				},
				"bone2": {
					"rotation": {
						"0.0": [0, 0, -30],
						"0.5417": [0, 0, -37.5]
					}
				}
			}
		},
		"animation.roselia.ground_walk": {
			"loop": true,
			"bones": {
				"torso2": {
					"rotation": ["5+math.sin(q.anim_time*30*4.5)*2", 0, "-math.sin(q.anim_time*90*0.5)*1"]
				},
				"head": {
					"rotation": [-15, 0, 0]
				},
				"arm_leaf_left": {
					"rotation": [25, 0, 0]
				},
				"arm_leaf_right": {
					"rotation": [25, 0, 0]
				},
				"arm_left": {
					"rotation": ["0+math.sin(q.anim_time*90*0.5)*2", 0, "14-math.sin(q.anim_time*20*5.5)*1"]
				},
				"arm_left2": {
					"rotation": ["math.sin(q.anim_time*90*0.5)*2", 50, "-math.sin(q.anim_time*90*0.5)*1"],
					"position": [-0.4, 0, 0.1]
				},
				"arm_left3": {
					"rotation": ["-0.0294+math.sin(q.anim_time*90*0.5)*2", "35.9459+math.sin(q.anim_time*90*3.5)*2", "4.2201-math.sin(q.anim_time*90*0.5)*1"],
					"position": [-0.3, 0, 0]
				},
				"arm_right": {
					"rotation": ["0+math.sin(q.anim_time*90*0.5)*2", "0+math.sin(q.anim_time*20*3.5)*2", "-25-math.sin(q.anim_time*90*0.5)*1"]
				},
				"arm_right2": {
					"rotation": ["0+math.sin(q.anim_time*90*2.5)*2", -37.5, "17-math.sin(q.anim_time*90*0.5)*1"]
				},
				"arm_right3": {
					"rotation": ["-5.6577+math.sin(q.anim_time*90*0.5)*2", "-45.1065+math.sin(q.anim_time*90*3.5)*2", "-1.3681-math.sin(q.anim_time*90*0.5)*1"],
					"position": [0.4, 0, 0.2]
				},
				"arm_leaf_left2": {
					"rotation": [-25, 0, 0]
				},
				"arm_leaf_right2": {
					"rotation": [-25, 0, 0]
				},
				"leg_left": {
					"rotation": ["2+15*(math.sin(q.anim_time*90*1.3)*1)+15*(math.sin(q.anim_time*90*2/2)*1)", 0, 0]
				},
				"eye_left": {
					"position": [0, 0, 0],
					"scale": 1
				},
				"thorn_middle": {
					"rotation": [-21, 0, 0],
					"position": [0, -0.2, 0]
				},
				"leaf": {
					"rotation": ["-2.5+math.sin(q.anim_time*10*4.5)*2", 0, "-math.sin(q.anim_time*10*0.5)*1"]
				},
				"leaf2": {
					"rotation": ["math.sin(q.anim_time*20*4.5)*2", 0, "-math.sin(q.anim_time*20*0.5)*1"]
				},
				"leaf3": {
					"rotation": ["-4+math.sin(q.anim_time*30*4.5)*2", 0, "0-math.sin(q.anim_time*90*0.5)*1"]
				},
				"leaf4": {
					"rotation": ["math.sin(q.anim_time*30*4.5)*2", 0, "-math.sin(q.anim_time*90*0.5)*1"]
				},
				"leaf5": {
					"rotation": ["16+math.sin(q.anim_time*30*4.5)*2", 0, "0-math.sin(q.anim_time*90*0.5)*1"]
				},
				"flower": {
					"rotation": ["math.sin(q.anim_time*90*0.5)*2", 0, "-7.5-math.sin(q.anim_time*90*0.5)*1"]
				},
				"flower2": {
					"rotation": ["-12.5+math.sin(q.anim_time*90*0.5)*2", 0, "15-math.sin(q.anim_time*90*0.5)*1"]
				},
				"leg_left2": {
					"rotation": [0.416, "4.5458+math.sin(q.anim_time*30*4.5)*2", "4.9967-math.sin(q.anim_time*90*0.5)*1"]
				},
				"leg_right": {
					"rotation": ["-0.5-15*(math.sin(q.anim_time*90*1.3)*1)-15*(math.sin(q.anim_time*90*2/2)*1)", 0, 0]
				},
				"leg_right2": {
					"rotation": ["5.6545+math.sin(q.anim_time*30*4.5)*2", "-6.9871+math.sin(q.anim_time*30*4.5)*2", "-6.1082-math.sin(q.anim_time*90*0.5)*1"]
				},
				"eyes": {
					"scale": [1, 0.9, 1]
				},
				"torso": {
					"rotation": ["10+math.sin(q.anim_time*30*4.5)*2", 0, "-math.sin(q.anim_time*90*0.5)*1"]
				},
				"bone": {
					"rotation": [0, 0, 20]
				},
				"bone2": {
					"rotation": [0, 0, -25],
					"position": [0, -0.2, 0]
				},
				"roselia": {
					"scale": 0.75
				}
			}
		},
		"animation.roselia.blink": {
			"animation_length": 0.5,
			"bones": {
				"eyes": {
					"scale": {
						"0.0": [1, 1, 1],
						"0.125": [1, 0, 1],
						"0.375": [1, 0, 1],
						"0.5": [1, 1, 1]
					}
				}
			}
		}
	}
}