{
    "species": "cobblemon:regidrago",
    "order": 0,
    "variations": [
        {
            "aspects": [],
            "poser": "cobblemon:regidrago",
            "model": "cobblemon:regidrago.geo",
            "texture": "cobblemon:textures/pokemon/0895_regidrago/regidrago.png",
            "layers": [
                {}
            ]
        },
        {
            "aspects": [
                "shiny"
            ],
            "texture": "cobblemon:textures/pokemon/0895_regidrago/regidrago_shiny.png",
            "layers": [
                {}
            ]
        }
    ]
}