{
  "implemented": true,
  "name": "megagardevoir",
  "nationalPokedexNumber": 9999,
  "primaryType": "fairy",
  "secondaryType": "psychic",
  "abilities": [
    "pixilate",
    "h:pixilate"
  ],
  "baseStats": {
    "hp": 68,
    "attack": 85,
    "defence": 65,
    "special_attack": 170,
    "special_defence": 135,
    "speed": 102
  },
  "behaviour": {
    "resting": {
      "canSleep": true,
      "depth": "normal",
      "light": "0-4",
      "willSleepOnBed": false
    },
    "moving": {
      "canLook": true,
      "walk": {
        "canWalk": true,
        "avoidsLand": false
      },
      "swim": {
        "swimSpeed": 0.3,
        "canSwimInWater": true,
        "canBreatheUnderwater": false
      },
      "fly": {
        "canFly": false,
        "flySpeedHorizontal": 0.3
      },
      "wanderChance": 1
    }
  },
  "catchRate": 1,
  "maleRatio": 0,
  "shoulderMountable": false,
  "baseExperienceYield": 100,
  "eggCycles": 150,
  "eggGroups": [
    "undiscovered"
  ],
  "drops": {
    "amount": 1,
    "entries": []
  },
  "moves": [],
  "labels": [
    "custom"
  ],
  "baseScale": 1,
  "hitbox": {
    "width": 1,
    "height": 1,
    "fixed": false
  },
  "baseFriendship": 50,
  "evYield": {
    "hp": 0,
    "attack": 0,
    "defence": 0,
    "special_attack": 1,
    "special_defence": 0,
    "speed": 0
  },
  "height": 1,
  "weight": 1,
  "evolutions": [
    {
      "id": "megagardevoir-gardevoir-item_interact",
      "variant": "item_interact",
      "result": "gardevoir",
      "consumeHeldItem": false,
      "learnableMoves": [],
      "requirements": [],
      "requiredContext": "lackingmegas:key_stone"
    },
    {
      "id": "megagardevoir-gardevoir-item_interact",
      "variant": "item_interact",
      "result": "gardevoir",
      "consumeHeldItem": false,
      "learnableMoves": [],
      "requirements": [],
      "requiredContext": "lackingmegas:mega_ring"
    }
  ]
}