{
    "species": "cobblemon:pawmot",
    "order": 0,
    "variations": [
        {
            "aspects": [],
            "poser": "cobblemon:pawmot",
            "model": "cobblemon:pawmot.geo",
            "texture": "cobblemon:textures/pokemon/0923_pawmot/pawmot.png",
            "layers": []
        },
        {
            "aspects": [
                "shiny"
            ],
            "texture": "cobblemon:textures/pokemon/0923_pawmot/pawmot_shiny.png",
            "layers": []
        }
    ]
}