{
  "target": "cobblemon:lucario",
  	"features": ["mega"],
  "evolutions": [
  {
    "id": "lucario_megalucario",
    "variant": "item_interact",
    "result": "lucario form=mega",
    "consumeHeldItem": true,
    "requirements": [],
    "requiredContext": "lackingmegas:key_stone"
  },
  {
    "id": "lucario_megalucario1",
    "variant": "item_interact",
    "result": "lucario form=mega",
    "consumeHeldItem": false,
    "requirements": [],
    "requiredContext": "lackingmegas:mega_ring"
  }
],
  "forms": [
    {
      "name": "Mega",
      "primaryType": "fighting",
      "secondaryType": "steel",
      "abilities": [
        "adaptability"
      ],
      "baseStats": {
        "hp": 70,
        "attack": 145,
        "defence": 88,
        "special_attack": 140,
        "special_defence": 70,
        "speed": 112
      },
      "catchRate": 45,
      "maleRatio": 0.875,
      "baseExperienceYield": 184,
      "baseFriendship": 50,
      "evYield": {
        "hp": 0,
        "attack": 1,
        "defence": 0,
        "special_attack": 1,
        "special_defence": 0,
        "speed": 0
      },
      "experienceGroup": "medium_slow",
      "eggCycles": 25,
      "eggGroups": [
        "field",
        "human_like"
      ],
      "labels": [
        "gen6",
        "mega"
      ],
      "aspects": [
        "mega"
      ],
      "height": 13,
      "weight": 575,
      "cannotDynamax": false,
      "battleOnly": true,
	    "evolutions": [
    {
      "id": "megalucario-lucario-item_interact",
      "variant": "item_interact",
      "result": "lucario",
      "consumeHeldItem": false,
      "learnableMoves": [],
      "requirements": [],
      "requiredContext": "lackingmegas:key_stone"
    },
    {
      "id": "megametagross-metagross-item_interact",
      "variant": "item_interact",
      "result": "lucario",
      "consumeHeldItem": false,
      "learnableMoves": [],
      "requirements": [],
      "requiredContext": "lackingmegas:mega_ring"
    }
  ]
    }
  ]

}