{
    "head": "body",
    "portraitScale": 3,
    "portraitTranslation": [
        0,
        -2,
        0
    ],
    "profileScale": 1,
    "profileTranslation": [
        0.05,
        0.4,
        0
    ],
    "poses": {
        "floating": {
            "poseName": "floating",
            "transformTicks": 10,
            "poseTypes": [
                "FLOAT",
                "PORTRAIT",
                "PROFILE"
            ],
            "animations": [
                "bedrock(alomomola, water_idle)"
            ]
        },
        "walking": {
            "poseName": "walking",
            "transformTicks": 10,
            "poseTypes": [
                "WALK"
            ],
            "animations": [
                "bedrock(alomomola, ground_walk)"
            ]
        },
        "standing": {
            "poseName": "standing",
            "transformTicks": 10,
            "poseTypes": [
                "STAND",
                "NONE"
            ],
            "animations": [
                "bedrock(alomomola, ground_idle)"
            ],
            "quirks": []
        },
        "swimming": {
            "poseName": "swimming",
            "transformTicks": 10,
            "poseTypes": [
                "SWIM"
            ],
            "animations": [
                "bedrock(alomomola, water_swim)"
            ],
            "quirks": []
        }
    }
}