{
  "head": "torso",
  "portraitScale": 1.5,
  "portraitTranslation": [0, 0, 0],
  "profileScale": 1,
  "profileTranslation": [0.05, 0.4, 0],
  "faint":  "bedrock(dreepy, faint)",
  "poses": {
    "standing": {
      "poseName": "standing",
      "transformTicks": 10,
      "poseTypes": ["STAND", "NONE", "PORTRAIT", "PROFILE"],
      "animations": ["look", "bedrock(dreepy, ground_idle)"]
  },
    "walking": {
      "poseName": "walking",
      "transformTicks": 10,
      "poseTypes": ["WALK"],
      "animations": ["bedrock(dreepy, ground_walk)"]
     }
  }
}