{
	"format_version": "1.12.0",
	"minecraft:geometry": [
		{
			"description": {
				"identifier": "geometry.klefki",
				"texture_width": 64,
				"texture_height": 64,
				"visible_bounds_width": 2,
				"visible_bounds_height": 3,
				"visible_bounds_offset": [0, 0.5, 0]
			},
			"bones": [
				{
					"name": "body",
					"pivot": [1, -1.1, 0],
					"cubes": [
						{"origin": [0.8, 7.95, -1], "size": [1, 3, 1], "inflate": 0.05, "uv": [26, 26]},
						{"origin": [-0.2, 7.15, -2], "size": [3, 1, 3], "inflate": -0.1, "uv": [15, 0]},
						{"origin": [-1.2, 2.75, -3], "size": [5, 5, 5], "inflate": -0.3, "uv": [0, 0]},
						{"origin": [-0.7, 3.25, -2.71], "size": [4, 4, 0], "uv": [56, 43]},
						{"origin": [-0.7, 3.15, -2.71], "size": [4, 1, 0], "uv": [56, 49]},
						{"origin": [0.8, 5.45, -2.52], "size": [1, 1, 0], "inflate": 0.2, "uv": [62, 8]},
						{"origin": [0.8, 6.25, -2.52], "size": [1, 1, 0], "inflate": 0.201, "uv": [62, 9]},
						{"origin": [0.8, 10.7, -0.95], "size": [1, 3, 1], "inflate": 0.055, "pivot": [1.3, 10.9, -0.5], "rotation": [-33, 0, 0], "uv": [22, 26]},
						{"origin": [0.8, 12.95, 0.5], "size": [1, 4, 1], "inflate": 0.05, "uv": [0, 0]},
						{"origin": [0.8, 13.95, -0.5], "size": [1, 1, 1], "uv": [27, 2]},
						{"origin": [0.8, 15.85, -1.5], "size": [1, 1, 2], "uv": [0, 26]},
						{"origin": [0.8, 5.45, -2.75], "size": [1, 2, 0], "uv": [0, 26]}
					]
				},
				{
					"name": "sack",
					"parent": "body",
					"pivot": [1, 2.9, 0],
					"cubes": [
						{"origin": [-0.2, -0.25, -2], "size": [3, 3, 3], "inflate": -0.3, "uv": [13, 14]},
						{"origin": [0.3, 1.75, -1.5], "size": [2, 3, 2], "inflate": -0.3, "uv": [8, 20]}
					]
				},
				{
					"name": "eyes",
					"parent": "body",
					"pivot": [1, -1.1, 0]
				},
				{
					"name": "right_eye",
					"parent": "eyes",
					"pivot": [2.9, 5.4, 0],
					"cubes": [
						{"origin": [2.1, 3.95, -2.75], "size": [1, 2, 0], "uv": [15, 0]}
					]
				},
				{
					"name": "left_eye",
					"parent": "eyes",
					"pivot": [-0.2, 5.4, 0],
					"cubes": [
						{"origin": [-0.5, 3.95, -2.75], "size": [1, 2, 0], "uv": [8, 20]}
					]
				},
				{
					"name": "mouth",
					"parent": "body",
					"pivot": [1.5, 4.4, -2.7],
					"cubes": [
						{"origin": [0.8, 4.5, -2.75], "size": [1, 1, 0], "uv": [3, 0]}
					]
				},
				{
					"name": "mouth2",
					"parent": "mouth",
					"pivot": [1.5, 4.4, -2.7],
					"cubes": [
						{"origin": [1, 3.2, -2.75], "size": [1, 1, 0], "uv": [15, 4]},
						{"origin": [1, 3.6, -2.75], "size": [1, 1, 0], "pivot": [1.5, 4.4, -2.7], "rotation": [0, 0, 45], "uv": [16, 10]},
						{"origin": [0.6, 3.2, -2.75], "size": [1, 1, 0], "uv": [15, 2]}
					]
				},
				{
					"name": "ring",
					"parent": "body",
					"pivot": [1.3, 10.1, 0],
					"cubes": [
						{"origin": [-0.2, -1.95, -1], "size": [3, 1, 1], "uv": [24, 19]},
						{"origin": [2.1, -2.4, -1], "size": [3, 1, 1], "pivot": [1.5, -1.1, 0], "rotation": [0, 0, -28], "uv": [22, 13]},
						{"origin": [3.8, -3, -1], "size": [3, 1, 1], "pivot": [2.1, -0.3, 0], "rotation": [0, 0, -53], "uv": [22, 15]},
						{"origin": [-2.6, -2.4, -1], "size": [3, 1, 1], "pivot": [1, -1.1, 0], "rotation": [0, 0, 28], "uv": [24, 0]},
						{"origin": [-4.3, -3, -1], "size": [3, 1, 1], "pivot": [0.4, -0.3, 0], "rotation": [0, 0, 53], "uv": [25, 17]},
						{"origin": [-5.7, -4.73, -1], "size": [3, 1, 1], "pivot": [0.4, -0.3, 0], "rotation": [0, 0, 78], "uv": [15, 25]},
						{"origin": [-4.35, -4.56, -1], "size": [3, 1, 1], "pivot": [0.4, 1.6, 0], "rotation": [0, 0, 103], "uv": [7, 25]},
						{"origin": [-2.7, -5.19, -1], "size": [3, 1, 1], "pivot": [1, 2.4, 0], "rotation": [0, 0, 128], "uv": [23, 24]},
						{"origin": [-1.65, -6.02, -1], "size": [3, 1, 1], "pivot": [1, 2.4, 0], "rotation": [0, 0, 156], "uv": [0, 24]},
						{"origin": [-5.3, -3.8, -1], "size": [1, 2, 1], "inflate": 0.001, "pivot": [1, 2.4, 0], "rotation": [0, 0, 128], "uv": [6, 27]},
						{"origin": [2.75, -5.72, -1], "size": [1, 2, 1], "inflate": 0.001, "pivot": [-1, 2.4, 0], "rotation": [0, 0, -128], "uv": [8, 17]},
						{"origin": [1.15, -6.02, -1], "size": [3, 1, 1], "pivot": [1.5, 2.4, 0], "rotation": [0, 0, -156], "uv": [14, 20]},
						{"origin": [2.2, -5.19, -1], "size": [3, 1, 1], "pivot": [1.5, 2.4, 0], "rotation": [0, 0, -128], "uv": [21, 21]},
						{"origin": [3.85, -4.56, -1], "size": [3, 1, 1], "pivot": [2.1, 1.6, 0], "rotation": [0, 0, -103], "uv": [22, 11]},
						{"origin": [5.2, -4.73, -1], "size": [3, 1, 1], "pivot": [2.1, -0.3, 0], "rotation": [0, 0, -78], "uv": [16, 23]}
					]
				},
				{
					"name": "key",
					"parent": "ring",
					"pivot": [0.8, -1.5, 0],
					"cubes": [
						{"origin": [0.8, -3.95, -2.4], "size": [0, 4, 4], "inflate": 0.001, "uv": [0, 13]},
						{"origin": [0.8, -9.95, -1.9], "size": [0, 7, 2], "uv": [58, 11]}
					]
				},
				{
					"name": "key2",
					"parent": "ring",
					"pivot": [1.4, -1.5, 0],
					"cubes": [
						{"origin": [1.4, -3.95, -2], "size": [0, 4, 4], "uv": [8, 6]},
						{"origin": [1.4, -8.95, -0.5], "size": [0, 5, 1], "uv": [58, 27]},
						{"origin": [1.4, -9.25, -0.5], "size": [0, 1, 1], "inflate": -0.001, "uv": [58, 31]},
						{"origin": [1.4, -8.65, -2], "size": [0, 2, 2], "pivot": [1.6, -7.1, -0.5], "rotation": [45, 0, 0], "uv": [60, 26]},
						{"origin": [1.4, -7.35, -0.7], "size": [0, 2, 2], "pivot": [1.6, -7.1, -0.5], "rotation": [45, 0, 0], "uv": [60, 26]}
					]
				},
				{
					"name": "key3",
					"parent": "ring",
					"pivot": [2, -1.5, 0],
					"cubes": [
						{"origin": [2, -3.05, -2], "size": [0, 3, 4], "uv": [0, 6]},
						{"origin": [2, -4.52, -1.57], "size": [0, 2, 2], "inflate": -0.01, "pivot": [2.2, -3.2, 0], "rotation": [-45, 0, 0], "uv": [2, 8]},
						{"origin": [2, -8.55, -1], "size": [0, 5, 2], "inflate": 0.001, "uv": [39, -2]},
						{"origin": [2, -8.19, -1], "size": [0, 1, 1], "pivot": [2.2, -8.2, 0], "rotation": [-49, 0, 0], "uv": [62, 0]},
						{"origin": [2, -8.19, -1.4], "size": [0, 1, 1], "inflate": -0.01, "pivot": [2.2, -8.2, 0], "rotation": [-49, 0, 0], "uv": [62, 0]},
						{"origin": [2, -7.59, -1.4], "size": [0, 1, 1], "pivot": [2.2, -8.2, 0], "rotation": [-49, 0, 0], "uv": [62, 0]},
						{"origin": [2, -7.19, -2.1], "size": [0, 1, 1], "pivot": [2.2, -8.2, 0], "rotation": [-49, 0, 0], "uv": [62, 0]},
						{"origin": [2, -6.59, -2.5], "size": [0, 1, 1], "pivot": [2.2, -8.2, 0], "rotation": [-49, 0, 0], "uv": [62, 0]},
						{"origin": [2, -5.69, -0.858], "size": [0, 2, 1], "uv": [42, 1]},
						{"origin": [2, -4.55, -0.858], "size": [0, 1, 1], "inflate": -0.001, "uv": [42, 1]},
						{"origin": [2, -7.19, -2.5], "size": [0, 1, 1], "inflate": -0.01, "pivot": [2.2, -8.2, 0], "rotation": [-49, 0, 0], "uv": [62, 0]},
						{"origin": [2, -9.19, -0.4], "size": [0, 1, 1], "pivot": [2.2, -8.2, 0], "rotation": [-49, 0, 0], "uv": [62, 0]},
						{"origin": [2, -8.65, -0.09], "size": [0, 1, 1], "pivot": [2.2, -8.2, 0], "rotation": [-49, 0, 0], "uv": [62, 0]},
						{"origin": [2, -9.19, -0.09], "size": [0, 1, 1], "inflate": -0.001, "pivot": [2.2, -8.2, 0], "rotation": [-49, 0, 0], "uv": [62, 0]},
						{"origin": [2, -3.67, -0.67], "size": [0, 2, 2], "inflate": -0.01, "pivot": [-2.2, -3.2, 0], "rotation": [-45, 0, 0], "uv": [2, 8], "mirror": true}
					]
				},
				{
					"name": "key4",
					"parent": "ring",
					"pivot": [0.2, -1.5, 0],
					"cubes": [
						{"origin": [0.2, -2.95, -2], "size": [0, 3, 3], "uv": [16, 8]}
					]
				},
				{
					"name": "lowerkey4",
					"parent": "key4",
					"pivot": [0.4, -2.1, 0],
					"cubes": [
						{"origin": [-0.5, -8.05, -0.7], "size": [1.45, 1.4, 0], "inflate": 0.002, "pivot": [0.4, -7.1, 0], "rotation": [0, 0, 45], "uv": [23, 7]},
						{"origin": [-0.9, -7.15, -0.7], "size": [2, 3, 0], "inflate": 0.002, "uv": [20, 4]},
						{"origin": [-0.07, -4.88, -0.7], "size": [2, 2, 0], "inflate": -0.001, "pivot": [0.4, -4.1, 0], "rotation": [0, 0, -25], "uv": [20, 4]},
						{"origin": [-1.65, -5.13, -0.7], "size": [2, 2, 0], "inflate": -0.001, "pivot": [0.4, -4.1, 0], "rotation": [0, 0, 25], "uv": [20, 4]},
						{"origin": [-1.9, -4.15, -0.7], "size": [4, 2, 0], "inflate": 0.002, "uv": [20, 4]}
					]
				}
			]
		}
	]
}