{
	"format_version": "1.8.0",
	"animations": {
		"animation.krokorok.render": {
			"loop": true,
			"bones": {
				"torso2": {
					"rotation": [0, 0, 0]
				},
				"torso3": {
					"rotation": [0, 7.5, 0]
				},
				"head": {
					"rotation": [0, 22.5, 0]
				},
				"snout_bottom": {
					"rotation": [22.5, 0, 0]
				},
				"eye_left_half_close": {
					"position": [0, 0, 0]
				},
				"left_leg": {
					"rotation": [0, -22.5, 0]
				},
				"right_leg": {
					"rotation": [0, 22.5, 0]
				},
				"left_arm2": {
					"rotation": [0, 0, 132.5]
				},
				"left_arm": {
					"rotation": [0, 0, -22.5]
				},
				"left_hand": {
					"rotation": [0, 0, -105]
				},
				"right_arm": {
					"rotation": [0, 0, 17.5]
				},
				"right_arm2": {
					"rotation": [-30, 0, 45]
				},
				"right_hand": {
					"rotation": [-32.5, 0, 25]
				},
				"tail": {
					"rotation": [65, 0, 0]
				},
				"tail2": {
					"rotation": [30, 0, 0]
				},
				"tail3": {
					"rotation": [20, 0, 0]
				},
				"tail4": {
					"rotation": [-5, 0, 0]
				},
				"tail5": {
					"rotation": [-7.5, 0, 0]
				}
			}
		},
		"animation.krokorok.ground_idle": {
			"loop": true,
			"animation_length": 2,
			"bones": {
				"head": {
					"rotation": {
						"0.0": {
							"post": [0, 0, 0],
							"lerp_mode": "catmullrom"
						},
						"0.5": {
							"post": [-2.52154, 7.49282, -0.32902],
							"lerp_mode": "catmullrom"
						},
						"1.0": {
							"post": [0, 0, 0],
							"lerp_mode": "catmullrom"
						},
						"1.5": {
							"post": [-2.52154, -7.49282, 0.32902],
							"lerp_mode": "catmullrom"
						},
						"2.0": {
							"post": [0, 0, 0],
							"lerp_mode": "catmullrom"
						}
					}
				},
				"snout_bottom": {
					"rotation": {
						"0.0": {
							"post": [0, 0, 0],
							"lerp_mode": "catmullrom"
						},
						"0.5417": {
							"post": [2.5, 0, 0],
							"lerp_mode": "catmullrom"
						},
						"1.0": {
							"post": [0, 0, 0],
							"lerp_mode": "catmullrom"
						},
						"1.5417": {
							"post": [2.5, 0, 0],
							"lerp_mode": "catmullrom"
						},
						"2.0": {
							"post": [0, 0, 0],
							"lerp_mode": "catmullrom"
						}
					}
				},
				"left_arm": {
					"rotation": {
						"0.0": {
							"post": [0, 0, 17.5],
							"lerp_mode": "catmullrom"
						},
						"0.5": {
							"post": [0, 12.5, 12.5],
							"lerp_mode": "catmullrom"
						},
						"1.0": {
							"post": [0, 0, 17.5],
							"lerp_mode": "catmullrom"
						},
						"1.5": {
							"post": [0, -12.5, 17.5],
							"lerp_mode": "catmullrom"
						},
						"2.0": {
							"post": [0, 0, 17.5],
							"lerp_mode": "catmullrom"
						}
					}
				},
				"left_arm2": {
					"rotation": {
						"0.0": [0, 0, 45],
						"0.5417": [0, 7.5, 45],
						"1.0": [0, 0, 45],
						"1.5417": [0, -7.5, 45],
						"2.0": [0, 0, 45]
					}
				},
				"left_hand": {
					"rotation": [0, 0, 7.5]
				},
				"right_arm": {
					"rotation": {
						"0.0": {
							"post": [0, 0, -17.5],
							"lerp_mode": "catmullrom"
						},
						"0.5": {
							"post": [0, 12.5, -12.5],
							"lerp_mode": "catmullrom"
						},
						"1.0": {
							"post": [0, 0, -17.5],
							"lerp_mode": "catmullrom"
						},
						"1.5": {
							"post": [0, -12.5, -17.5],
							"lerp_mode": "catmullrom"
						},
						"2.0": {
							"post": [0, 0, -17.5],
							"lerp_mode": "catmullrom"
						}
					}
				},
				"right_arm2": {
					"rotation": {
						"0.0": [0, 0, -45],
						"0.5417": [0, 7.5, -45],
						"1.0": [0, 0, -45],
						"1.5417": [0, -7.5, -45],
						"2.0": [0, 0, -45]
					}
				},
				"right_hand": {
					"rotation": [0, 0, -7.5]
				},
				"left_leg": {
					"rotation": [0, -15, 0]
				},
				"right_leg": {
					"rotation": [0, 15, 0]
				},
				"tail": {
					"rotation": {
						"0.0": {
							"post": [65, 0, 0],
							"lerp_mode": "catmullrom"
						},
						"0.375": {
							"post": [64.66239, 9.05478, -4.26175],
							"lerp_mode": "catmullrom"
						},
						"0.9167": {
							"post": [65, 0, 0],
							"lerp_mode": "catmullrom"
						},
						"1.4167": {
							"post": [64.66239, -9.05478, 4.26175],
							"lerp_mode": "catmullrom"
						},
						"2.0": {
							"post": [65, 0, 0],
							"lerp_mode": "catmullrom"
						}
					}
				},
				"tail2": {
					"rotation": {
						"0.0": {
							"post": [32.5, 0, 0],
							"lerp_mode": "catmullrom"
						},
						"0.4583": {
							"post": [32.10382, 5.35355, -8.45862],
							"lerp_mode": "catmullrom"
						},
						"0.9583": {
							"post": [32.5, 0, 0],
							"lerp_mode": "catmullrom"
						},
						"1.4583": {
							"post": [32.10382, -5.35355, 8.45862],
							"lerp_mode": "catmullrom"
						},
						"2.0": {
							"post": [32.5, 0, 0],
							"lerp_mode": "catmullrom"
						}
					}
				},
				"tail3": {
					"rotation": {
						"0.0": {
							"post": [-22.5, 0, 0],
							"lerp_mode": "catmullrom"
						},
						"0.5": {
							"post": [-22.19157, -3.81024, -9.25249],
							"lerp_mode": "catmullrom"
						},
						"1.0": {
							"post": [-22.5, 0, 0],
							"lerp_mode": "catmullrom"
						},
						"1.5": {
							"post": [-22.19157, 3.81024, 9.25249],
							"lerp_mode": "catmullrom"
						},
						"2.0": {
							"post": [-22.5, 0, 0],
							"lerp_mode": "catmullrom"
						}
					}
				},
				"tail4": {
					"rotation": {
						"0.0": {
							"post": [37.5, 0, 0],
							"lerp_mode": "catmullrom"
						},
						"0.5417": {
							"post": [37.07723, 6.06809, -7.96341],
							"lerp_mode": "catmullrom"
						},
						"1.0417": {
							"post": [37.5, 0, 0],
							"lerp_mode": "catmullrom"
						},
						"1.5417": {
							"post": [37.07723, -6.06809, 7.96341],
							"lerp_mode": "catmullrom"
						},
						"2.0": {
							"post": [37.5, 0, 0],
							"lerp_mode": "catmullrom"
						}
					}
				},
				"tail5": {
					"rotation": {
						"0.0": {
							"post": [-7.5, 0, 0],
							"lerp_mode": "catmullrom"
						},
						"0.5833": {
							"post": [-7.38733, -1.29876, -9.91615],
							"lerp_mode": "catmullrom"
						},
						"1.0833": {
							"post": [-7.5, 0, 0],
							"lerp_mode": "catmullrom"
						},
						"1.5833": {
							"post": [-7.38733, 1.29876, 9.91615],
							"lerp_mode": "catmullrom"
						},
						"2.0": {
							"post": [-7.5, 0, 0],
							"lerp_mode": "catmullrom"
						}
					}
				}
			}
		},
		"animation.krokorok.ground_walk": {
			"loop": true,
			"animation_length": 2,
			"bones": {
				"torso2": {
					"rotation": {
						"0.0": {
							"post": [22.5, 0, 0],
							"lerp_mode": "catmullrom"
						},
						"0.75": {
							"post": [15, 0, 0],
							"lerp_mode": "catmullrom"
						},
						"1.5": {
							"post": [32.5, 0, 0],
							"lerp_mode": "catmullrom"
						},
						"2.0": {
							"post": [22.5, 0, 0],
							"lerp_mode": "catmullrom"
						}
					}
				},
				"torso3": {
					"rotation": {
						"0.0": {
							"post": [30, 0, 0],
							"lerp_mode": "catmullrom"
						},
						"0.7917": {
							"post": [20, 0, 0],
							"lerp_mode": "catmullrom"
						},
						"1.5417": {
							"post": [32.5, 0, 0],
							"lerp_mode": "catmullrom"
						},
						"2.0": {
							"post": [30, 0, 0],
							"lerp_mode": "catmullrom"
						}
					}
				},
				"head": {
					"rotation": {
						"0.0": [-37.5, 0, 0],
						"0.8333": [-25, 0, 0],
						"1.5833": [-55, 0, 0],
						"2.0": [-37.5, 0, 0]
					}
				},
				"snout_bottom": {
					"rotation": {
						"0.0": [0, 0, 0],
						"0.875": [10, 0, 0],
						"1.625": [2.5, 0, 0],
						"2.0": [0, 0, 0]
					}
				},
				"left_leg": {
					"rotation": {
						"0.0": {
							"post": [0, 0, 0],
							"lerp_mode": "catmullrom"
						},
						"0.5": {
							"post": [-20, 0, 0],
							"lerp_mode": "catmullrom"
						},
						"1.0": {
							"post": [7.5, 0, 0],
							"lerp_mode": "catmullrom"
						},
						"1.5": {
							"post": [45, 0, 0],
							"lerp_mode": "catmullrom"
						},
						"2.0": {
							"post": [0, 0, 0],
							"lerp_mode": "catmullrom"
						}
					},
					"position": {
						"0.0": {
							"post": [0, 0, 0],
							"lerp_mode": "catmullrom"
						},
						"1.25": {
							"post": [0, 1, 1],
							"lerp_mode": "catmullrom"
						},
						"2.0": {
							"post": [0, 0, 0],
							"lerp_mode": "catmullrom"
						}
					}
				},
				"left_leg2": {
					"rotation": {
						"0.0": {
							"post": [0, 0, 0],
							"lerp_mode": "catmullrom"
						},
						"0.5417": {
							"post": [-15, 0, 0],
							"lerp_mode": "catmullrom"
						},
						"1.0417": {
							"post": [0, 0, 0],
							"lerp_mode": "catmullrom"
						},
						"1.5417": {
							"post": [20, 0, 0],
							"lerp_mode": "catmullrom"
						},
						"2.0": {
							"post": [0, 0, 0],
							"lerp_mode": "catmullrom"
						}
					}
				},
				"left_leg3": {
					"rotation": {
						"0.0": {
							"post": [0, 0, 0],
							"lerp_mode": "catmullrom"
						},
						"0.5833": {
							"post": [0, 0, 0],
							"lerp_mode": "catmullrom"
						},
						"1.25": {
							"post": [2.07, 0, 0],
							"lerp_mode": "catmullrom"
						},
						"1.5417": {
							"post": [42.5, 0, 0],
							"lerp_mode": "catmullrom"
						},
						"2.0": {
							"post": [0, 0, 0],
							"lerp_mode": "catmullrom"
						}
					}
				},
				"left_leg4": {
					"rotation": {
						"0.0": {
							"post": [0, 0, 0],
							"lerp_mode": "catmullrom"
						},
						"0.5833": {
							"post": [-10, 0, 0],
							"lerp_mode": "catmullrom"
						},
						"1.0417": {
							"post": [2.96, 0, 0],
							"lerp_mode": "catmullrom"
						},
						"1.25": {
							"post": [-17.5, 0, 0],
							"lerp_mode": "catmullrom"
						},
						"2.0": {
							"post": [0, 0, 0],
							"lerp_mode": "catmullrom"
						}
					}
				},
				"right_leg": {
					"rotation": {
						"0.0": {
							"post": [0, 0, 0],
							"lerp_mode": "catmullrom"
						},
						"0.5": {
							"post": [45, 0, 0],
							"lerp_mode": "catmullrom"
						},
						"1.0": {
							"post": [-7.5, 0, 0],
							"lerp_mode": "catmullrom"
						},
						"1.5": {
							"post": [-20, 0, 0],
							"lerp_mode": "catmullrom"
						},
						"2.0": {
							"post": [0, 0, 0],
							"lerp_mode": "catmullrom"
						}
					},
					"position": {
						"0.0": {
							"post": [0, 0, 0],
							"lerp_mode": "catmullrom"
						},
						"0.25": {
							"post": [0, 1, 1],
							"lerp_mode": "catmullrom"
						},
						"2.0": {
							"post": [0, 0, 0],
							"lerp_mode": "catmullrom"
						}
					}
				},
				"right_leg2": {
					"rotation": {
						"0.0": {
							"post": [0, 0, 0],
							"lerp_mode": "catmullrom"
						},
						"0.5417": {
							"post": [15, 0, 0],
							"lerp_mode": "catmullrom"
						},
						"1.0417": {
							"post": [0, 0, 0],
							"lerp_mode": "catmullrom"
						},
						"1.5417": {
							"post": [-15, 0, 0],
							"lerp_mode": "catmullrom"
						},
						"2.0": {
							"post": [0, 0, 0],
							"lerp_mode": "catmullrom"
						}
					}
				},
				"right_leg3": {
					"rotation": {
						"0.0": {
							"post": [0, 0, 0],
							"lerp_mode": "catmullrom"
						},
						"0.25": {
							"post": [2.07, 0, 0],
							"lerp_mode": "catmullrom"
						},
						"0.5417": {
							"post": [42.5, 0, 0],
							"lerp_mode": "catmullrom"
						},
						"1.5833": {
							"post": [7.35, 0, 0],
							"lerp_mode": "catmullrom"
						},
						"2.0": {
							"post": [0, 0, 0],
							"lerp_mode": "catmullrom"
						}
					}
				},
				"right_leg4": {
					"rotation": {
						"0.0": {
							"post": [0, 0, 0],
							"lerp_mode": "catmullrom"
						},
						"0.625": {
							"post": [-22.5, 0, 0],
							"lerp_mode": "catmullrom"
						},
						"1.3333": {
							"post": [-30.91, 0, 0],
							"lerp_mode": "catmullrom"
						},
						"2.0": {
							"post": [0, 0, 0],
							"lerp_mode": "catmullrom"
						}
					}
				},
				"tail": {
					"rotation": {
						"0.0": {
							"post": [65, 0, 0],
							"lerp_mode": "catmullrom"
						},
						"0.375": {
							"post": [64.66239, 9.05478, -4.26175],
							"lerp_mode": "catmullrom"
						},
						"0.9167": {
							"post": [65, 0, 0],
							"lerp_mode": "catmullrom"
						},
						"1.4167": {
							"post": [64.66239, -9.05478, 4.26175],
							"lerp_mode": "catmullrom"
						},
						"1.8333": {
							"post": [65, 0, 0],
							"lerp_mode": "catmullrom"
						},
						"2.0": {
							"post": [65, 0, 0],
							"lerp_mode": "catmullrom"
						}
					}
				},
				"tail2": {
					"rotation": {
						"0.0": {
							"post": [32.5, 0, 0],
							"lerp_mode": "catmullrom"
						},
						"0.4583": {
							"post": [32.10382, 5.35355, -8.45862],
							"lerp_mode": "catmullrom"
						},
						"0.9583": {
							"post": [32.5, 0, 0],
							"lerp_mode": "catmullrom"
						},
						"1.4583": {
							"post": [32.10382, -5.35355, 8.45862],
							"lerp_mode": "catmullrom"
						},
						"1.875": {
							"post": [32.5, 0, 0],
							"lerp_mode": "catmullrom"
						},
						"2.0": {
							"post": [32.5, 0, 0],
							"lerp_mode": "catmullrom"
						}
					}
				},
				"tail3": {
					"rotation": {
						"0.0": {
							"post": [-22.5, 0, 0],
							"lerp_mode": "catmullrom"
						},
						"0.5": {
							"post": [-22.19157, -3.81024, -9.25249],
							"lerp_mode": "catmullrom"
						},
						"1.0": {
							"post": [-22.5, 0, 0],
							"lerp_mode": "catmullrom"
						},
						"1.5": {
							"post": [-22.19157, 3.81024, 9.25249],
							"lerp_mode": "catmullrom"
						},
						"1.9167": {
							"post": [-22.5, 0, 0],
							"lerp_mode": "catmullrom"
						},
						"2.0": {
							"post": [-22.5, 0, 0],
							"lerp_mode": "catmullrom"
						}
					}
				},
				"tail4": {
					"rotation": {
						"0.0": {
							"post": [37.5, 0, 0],
							"lerp_mode": "catmullrom"
						},
						"0.5417": {
							"post": [37.07723, 6.06809, -7.96341],
							"lerp_mode": "catmullrom"
						},
						"1.0417": {
							"post": [37.5, 0, 0],
							"lerp_mode": "catmullrom"
						},
						"1.5417": {
							"post": [37.07723, -6.06809, 7.96341],
							"lerp_mode": "catmullrom"
						},
						"1.9583": {
							"post": [37.5, 0, 0],
							"lerp_mode": "catmullrom"
						},
						"2.0": {
							"post": [37.5, 0, 0],
							"lerp_mode": "catmullrom"
						}
					}
				},
				"tail5": {
					"rotation": {
						"0.0": {
							"post": [-7.5, 0, 0],
							"lerp_mode": "catmullrom"
						},
						"0.5833": {
							"post": [-7.38733, -1.29876, -9.91615],
							"lerp_mode": "catmullrom"
						},
						"1.0833": {
							"post": [-7.5, 0, 0],
							"lerp_mode": "catmullrom"
						},
						"1.5833": {
							"post": [-7.38733, 1.29876, 9.91615],
							"lerp_mode": "catmullrom"
						},
						"2.0": {
							"post": [-7.5, 0, 0],
							"lerp_mode": "catmullrom"
						}
					}
				},
				"left_arm": {
					"rotation": [0, 45, 5]
				},
				"left_arm2": {
					"rotation": [0, 42.5, 0]
				},
				"left_hand": {
					"rotation": [0, 0, 12.5]
				},
				"claw_left": {
					"rotation": [0, -55, 0]
				},
				"right_arm": {
					"rotation": [0, -45, -5]
				},
				"right_arm2": {
					"rotation": [0, -42.5, 0]
				},
				"right_hand": {
					"rotation": [0, 0, -12.5]
				},
				"claw_right": {
					"rotation": [0, 55, 0]
				}
			}
		},
		"animation.krokorok.blink": {
			"animation_length": 0.75,
			"bones": {
				"eye_left_close": {
					"position": {
						"0.0": [0, 0, 0],
						"0.2083": {"pre": [0, 0, 0], "post": [0, 0, -1]},
						"0.375": {"pre": [0, 0, -1], "post": [0, 0, 0]}
					}
				},
				"eye_left_half_close": {
					"position": {
						"0.0": [0, 0, 0],
						"0.2083": {"pre": [0, 0, 0], "post": [0, 0, 1]},
						"0.375": {"pre": [0, 0, 1], "post": [0, 0, 0]}
					}
				},
				"eye_right_close": {
					"position": {
						"0.0": [0, 0, 0],
						"0.2083": {"pre": [0, 0, 0], "post": [0, 0, -1]},
						"0.375": {"pre": [0, 0, -1], "post": [0, 0, 1]}
					}
				},
				"eye_right_half_close": {
					"position": {
						"0.0": [0, 0, 0],
						"0.2083": {"pre": [0, 0, 0], "post": [0, 0, 1]},
						"0.375": {"pre": [0, 0, 1], "post": [0, 0, 0]}
					}
				}
			}
		},
		"animation.krokorok.sleep": {
			"loop": true,
			"animation_length": 2,
			"bones": {
				"torso": {
					"rotation": [90, 0, 0],
					"position": [0, 3, 11]
				},
				"torso2": {
					"rotation": [0, 0, 25]
				},
				"torso3": {
					"rotation": [0, 0, 25]
				},
				"head": {
					"rotation": {
						"0.0": {
							"post": [-78.35686, -5.90316, 16.50371],
							"lerp_mode": "catmullrom"
						},
						"0.75": {
							"post": [-95.85686, -5.90316, 16.50371],
							"lerp_mode": "catmullrom"
						},
						"1.0417": {
							"post": [-103.35686, -5.90316, 16.50371],
							"lerp_mode": "catmullrom"
						},
						"1.25": {
							"post": [-80.85686, -5.90316, 16.50371],
							"lerp_mode": "catmullrom"
						},
						"2.0": {
							"post": [-78.35686, -5.90316, 16.50371],
							"lerp_mode": "catmullrom"
						}
					}
				},
				"snout_bottom": {
					"rotation": {
						"0.0": {
							"post": [0, 0, 0],
							"lerp_mode": "catmullrom"
						},
						"0.8333": {
							"post": [22.5, 0, 0],
							"lerp_mode": "catmullrom"
						},
						"1.3333": {
							"post": [0, 0, 0],
							"lerp_mode": "catmullrom"
						},
						"2.0": {
							"post": [0, 0, 0],
							"lerp_mode": "catmullrom"
						}
					}
				},
				"eye_left_close": {
					"position": [0, 0, -1]
				},
				"eye_left_half_close": {
					"position": [0, 0, 1]
				},
				"eye_right_close": {
					"position": [0, 0, -1]
				},
				"eye_right_half_close": {
					"position": [0, 0, 1]
				},
				"left_arm": {
					"rotation": [-90, 0, 5]
				},
				"left_arm2": {
					"rotation": [0, 120, 0]
				},
				"left_hand": {
					"rotation": [0, 22.5, 0]
				},
				"right_arm": {
					"rotation": [-90, 0, 55]
				},
				"right_arm2": {
					"rotation": [0, -77.5, 0]
				},
				"right_hand": {
					"rotation": [0, -30, 0]
				},
				"left_leg": {
					"rotation": [-12.5, 0, 0]
				},
				"left_leg3": {
					"rotation": [87.5, 0, 0]
				},
				"right_leg": {
					"rotation": [-12.5, 0, 0]
				},
				"right_leg3": {
					"rotation": [87.5, 0, 0]
				},
				"tail2": {
					"rotation": {
						"0.0": {
							"post": [0, 0, -15],
							"lerp_mode": "catmullrom"
						},
						"0.5": {
							"post": [17.5, 0, -15],
							"lerp_mode": "catmullrom"
						},
						"1.0": {
							"post": [0, 0, -15],
							"lerp_mode": "catmullrom"
						},
						"2.0": {
							"post": [0, 0, -15],
							"lerp_mode": "catmullrom"
						}
					}
				},
				"tail3": {
					"rotation": {
						"0.0": {
							"post": [-5, 0, -37.5],
							"lerp_mode": "catmullrom"
						},
						"0.5833": {
							"post": [10, 0, -37.5],
							"lerp_mode": "catmullrom"
						},
						"1.0833": {
							"post": [-5, 0, -37.5],
							"lerp_mode": "catmullrom"
						},
						"2.0": {
							"post": [-5, 0, -37.5],
							"lerp_mode": "catmullrom"
						}
					}
				},
				"tail4": {
					"rotation": {
						"0.0": {
							"post": [-5, 0, -42.5],
							"lerp_mode": "catmullrom"
						},
						"0.6667": {
							"post": [12.5, 0, -42.5],
							"lerp_mode": "catmullrom"
						},
						"1.1667": {
							"post": [-5, 0, -42.5],
							"lerp_mode": "catmullrom"
						},
						"2.0": {
							"post": [-5, 0, -42.5],
							"lerp_mode": "catmullrom"
						}
					}
				},
				"tail5": {
					"rotation": {
						"0.0": {
							"post": [2.5, 0, -37.5],
							"lerp_mode": "catmullrom"
						},
						"0.75": {
							"post": [22.5, 0, -37.5],
							"lerp_mode": "catmullrom"
						},
						"1.25": {
							"post": [2.5, 0, -37.5],
							"lerp_mode": "catmullrom"
						},
						"2.0": {
							"post": [2.5, 0, -37.5],
							"lerp_mode": "catmullrom"
						}
					}
				}
			}
		},
		"animation.krokorok.cry": {
			"animation_length": 1.5,
			"bones": {
				"torso2": {
					"rotation": {
						"0.0": {
							"post": [0, 0, 0],
							"lerp_mode": "catmullrom"
						},
						"0.5": {
							"post": [-5, 0, 0],
							"lerp_mode": "catmullrom"
						},
						"1.25": {
							"post": [0, 0, 0],
							"lerp_mode": "catmullrom"
						}
					}
				},
				"torso3": {
					"rotation": {
						"0.0": {
							"post": [0, 0, 0],
							"lerp_mode": "catmullrom"
						},
						"0.5833": {
							"post": [-7.5, 0, 0],
							"lerp_mode": "catmullrom"
						},
						"1.3333": {
							"post": [0, 0, 0],
							"lerp_mode": "catmullrom"
						}
					}
				},
				"head": {
					"rotation": {
						"0.0": {
							"post": [0, 0, 0],
							"lerp_mode": "catmullrom"
						},
						"0.6667": {
							"post": [-7.5, 0, 0],
							"lerp_mode": "catmullrom"
						},
						"1.4167": {
							"post": [0, 0, 0],
							"lerp_mode": "catmullrom"
						}
					}
				},
				"snout_bottom": {
					"rotation": {
						"0.0": {
							"post": [0, 0, 0],
							"lerp_mode": "catmullrom"
						},
						"0.75": {
							"post": [25, 0, 0],
							"lerp_mode": "catmullrom"
						},
						"1.5": {
							"post": [0, 0, 0],
							"lerp_mode": "catmullrom"
						}
					}
				}
			}
		},
		"animation.krokorok.battle_idle": {
			"loop": true,
			"animation_length": 2,
			"bones": {
				"torso2": {
					"rotation": {
						"0.0": {
							"post": [0, 0, 0],
							"lerp_mode": "catmullrom"
						},
						"0.9583": {
							"post": [-2.5, 0, 0],
							"lerp_mode": "catmullrom"
						},
						"2.0": {
							"post": [0, 0, 0],
							"lerp_mode": "catmullrom"
						}
					}
				},
				"torso3": {
					"rotation": {
						"0.0": {
							"post": [0, 0, 0],
							"lerp_mode": "catmullrom"
						},
						"1.0": {
							"post": [-5, 0, 0],
							"lerp_mode": "catmullrom"
						},
						"2.0": {
							"post": [0, 0, 0],
							"lerp_mode": "catmullrom"
						}
					}
				},
				"head": {
					"rotation": {
						"0.0": {
							"post": [0, 0, 0],
							"lerp_mode": "catmullrom"
						},
						"1.0417": {
							"post": [5, 0, 0],
							"lerp_mode": "catmullrom"
						},
						"2.0": {
							"post": [0, 0, 0],
							"lerp_mode": "catmullrom"
						}
					}
				},
				"snout_bottom": {
					"rotation": {
						"0.0": [0, 0, 0],
						"0.5": [22.5, 0, 0],
						"1.0": [0, 0, 0]
					}
				},
				"left_arm": {
					"rotation": {
						"0.0": {
							"post": [-120, 50, 35],
							"lerp_mode": "catmullrom"
						},
						"0.4583": {
							"post": [-110, 15, 10],
							"lerp_mode": "catmullrom"
						},
						"0.9583": {
							"post": [-120, 50, 35],
							"lerp_mode": "catmullrom"
						},
						"1.4583": {
							"post": [-130, 60, 22.5],
							"lerp_mode": "catmullrom"
						},
						"2.0": {
							"post": [-120, 50, 35],
							"lerp_mode": "catmullrom"
						}
					}
				},
				"left_arm2": {
					"rotation": {
						"0.0": {
							"post": [0, 0, 55],
							"lerp_mode": "catmullrom"
						},
						"0.5": {
							"post": [0, 0, 27.5],
							"lerp_mode": "catmullrom"
						},
						"1.0": {
							"post": [0, 0, 55],
							"lerp_mode": "catmullrom"
						},
						"1.5": {
							"post": [0, 0, 72.5],
							"lerp_mode": "catmullrom"
						},
						"2.0": {
							"post": [0, 0, 55],
							"lerp_mode": "catmullrom"
						}
					}
				},
				"left_hand": {
					"rotation": {
						"0.0": {
							"post": [0, 0, 47.5],
							"lerp_mode": "catmullrom"
						},
						"0.5417": {
							"post": [0, 0, 32.5],
							"lerp_mode": "catmullrom"
						},
						"1.0": {
							"post": [0, 0, 47.5],
							"lerp_mode": "catmullrom"
						},
						"1.5417": {
							"post": [0, 0, 50],
							"lerp_mode": "catmullrom"
						},
						"2.0": {
							"post": [0, 0, 47.5],
							"lerp_mode": "catmullrom"
						}
					}
				},
				"claw_left": {
					"rotation": [0, -55, 0]
				},
				"right_arm": {
					"rotation": {
						"0.0": {
							"post": [-132.5, -50, -35],
							"lerp_mode": "catmullrom"
						},
						"0.4583": {
							"post": [-130, -50, -22.5],
							"lerp_mode": "catmullrom"
						},
						"0.9583": {
							"post": [-132.5, -50, -35],
							"lerp_mode": "catmullrom"
						},
						"1.4583": {
							"post": [-110, -15, -10],
							"lerp_mode": "catmullrom"
						},
						"2.0": {
							"post": [-132.5, -50, -35],
							"lerp_mode": "catmullrom"
						}
					}
				},
				"right_arm2": {
					"rotation": {
						"0.0": {
							"post": [0, 0, -52.5],
							"lerp_mode": "catmullrom"
						},
						"0.5": {
							"post": [0, 0, -72.5],
							"lerp_mode": "catmullrom"
						},
						"1.0": {
							"post": [0, 0, -52.5],
							"lerp_mode": "catmullrom"
						},
						"1.5": {
							"post": [0, 0, -52.5],
							"lerp_mode": "catmullrom"
						},
						"2.0": {
							"post": [0, 0, -52.5],
							"lerp_mode": "catmullrom"
						}
					}
				},
				"right_hand": {
					"rotation": {
						"0.0": {
							"post": [0, 0, -45],
							"lerp_mode": "catmullrom"
						},
						"0.5417": {
							"post": [0, 0, -50],
							"lerp_mode": "catmullrom"
						},
						"1.0417": {
							"post": [0, 0, -45],
							"lerp_mode": "catmullrom"
						},
						"1.5417": {
							"post": [0, 0, -32.5],
							"lerp_mode": "catmullrom"
						},
						"2.0": {
							"post": [0, 0, -45],
							"lerp_mode": "catmullrom"
						}
					}
				},
				"claw_right": {
					"rotation": [0, 55, 0]
				},
				"tail": {
					"rotation": {
						"0.0": {
							"post": [65, 0, 0],
							"lerp_mode": "catmullrom"
						},
						"0.375": {
							"post": [64.66239, 9.05478, -4.26175],
							"lerp_mode": "catmullrom"
						},
						"0.9167": {
							"post": [65, 0, 0],
							"lerp_mode": "catmullrom"
						},
						"1.375": {
							"post": [64.66239, -9.05478, 4.26175],
							"lerp_mode": "catmullrom"
						},
						"2.0": {
							"post": [65, 0, 0],
							"lerp_mode": "catmullrom"
						}
					}
				},
				"tail2": {
					"rotation": {
						"0.0": {
							"post": [32.5, 0, 0],
							"lerp_mode": "catmullrom"
						},
						"0.4583": {
							"post": [32.10382, 5.35355, -8.45862],
							"lerp_mode": "catmullrom"
						},
						"0.9583": {
							"post": [32.5, 0, 0],
							"lerp_mode": "catmullrom"
						},
						"1.4167": {
							"post": [32.10382, -5.35355, 8.45862],
							"lerp_mode": "catmullrom"
						},
						"2.0": {
							"post": [32.5, 0, 0],
							"lerp_mode": "catmullrom"
						}
					}
				},
				"tail3": {
					"rotation": {
						"0.0": {
							"post": [-22.5, 0, 0],
							"lerp_mode": "catmullrom"
						},
						"0.5": {
							"post": [-22.19157, -3.81024, -9.25249],
							"lerp_mode": "catmullrom"
						},
						"1.0": {
							"post": [-22.5, 0, 0],
							"lerp_mode": "catmullrom"
						},
						"1.4583": {
							"post": [-22.19157, 3.81024, 9.25249],
							"lerp_mode": "catmullrom"
						},
						"2.0": {
							"post": [-22.5, 0, 0],
							"lerp_mode": "catmullrom"
						}
					}
				},
				"tail4": {
					"rotation": {
						"0.0": {
							"post": [37.5, 0, 0],
							"lerp_mode": "catmullrom"
						},
						"0.5417": {
							"post": [37.07723, 6.06809, -7.96341],
							"lerp_mode": "catmullrom"
						},
						"1.0417": {
							"post": [37.5, 0, 0],
							"lerp_mode": "catmullrom"
						},
						"1.5": {
							"post": [37.07723, -6.06809, 7.96341],
							"lerp_mode": "catmullrom"
						},
						"2.0": {
							"post": [37.5, 0, 0],
							"lerp_mode": "catmullrom"
						}
					}
				},
				"tail5": {
					"rotation": {
						"0.0": {
							"post": [-7.5, 0, 0],
							"lerp_mode": "catmullrom"
						},
						"0.8333": {
							"post": [-7.38733, -1.29876, -9.91615],
							"lerp_mode": "catmullrom"
						},
						"1.0833": {
							"post": [-7.5, 0, 0],
							"lerp_mode": "catmullrom"
						},
						"1.5417": {
							"post": [-7.38733, 1.29876, 9.91615],
							"lerp_mode": "catmullrom"
						},
						"2.0": {
							"post": [-7.5, 0, 0],
							"lerp_mode": "catmullrom"
						}
					}
				}
			}
		},
		"animation.krokorok.faint": {
			"loop": "hold_on_last_frame",
			"animation_length": 2,
			"bones": {
				"torso": {
					"rotation": {
						"0.0": [0, 0, 0],
						"0.75": [-90, 0, 0]
					},
					"position": {
						"0.0": [0, 0, 0],
						"0.75": [0, 4, 0]
					}
				},
				"torso2": {
					"rotation": {
						"0.0": [0, 0, 0],
						"0.25": [22.5, 0, 0],
						"0.7917": [-5, 0, 0]
					}
				},
				"torso3": {
					"rotation": {
						"0.0": [0, 0, 0],
						"0.3333": [12.5, 0, 0],
						"0.875": [-2.5, 0, 0]
					}
				},
				"head": {
					"rotation": {
						"0.0": [0, 0, 0],
						"0.4167": [12.5, 0, 0],
						"0.9583": [-7.5, 0, 0]
					}
				},
				"snout_bottom": {
					"rotation": {
						"0.0": [0, 0, 0],
						"0.4167": [25, 0, 0],
						"1.2083": [37.5, 0, 0],
						"1.3333": [32.5, 0, 0]
					}
				},
				"eye_left_close": {
					"position": {
						"0.0": [0, 0, 0],
						"0.9583": {"pre": [0, 0, 0], "post": [0, 0, -1]}
					}
				},
				"eye_left_half_close": {
					"position": {
						"0.0": [0, 0, 0],
						"0.9583": {"pre": [0, 0, 0], "post": [0, 0, 1]}
					}
				},
				"eye_right_close": {
					"position": {
						"0.0": [0, 0, 0],
						"0.9583": {"pre": [0, 0, 0], "post": [0, 0, -1]}
					}
				},
				"eye_right_half_close": {
					"position": {
						"0.0": [0, 0, 0],
						"0.9583": {"pre": [0, 0, 0], "post": [0, 0, 1]}
					}
				},
				"left_arm": {
					"rotation": {
						"0.0": [0, 0, 17.5],
						"0.875": [0, 0, -12.5]
					}
				},
				"left_arm2": {
					"rotation": {
						"0.0": [0, 0, 45],
						"0.9583": [0, 0, -30]
					}
				},
				"left_hand": {
					"rotation": [0, 0, 7.5]
				},
				"right_arm": {
					"rotation": {
						"0.0": [0, 0, -17.5],
						"0.875": [0, 0, 30]
					}
				},
				"right_arm2": {
					"rotation": {
						"0.0": [0, 0, -45],
						"0.9583": [0, 0, 57.5]
					}
				},
				"right_hand": {
					"rotation": [0, 0, -7.5]
				},
				"left_leg": {
					"rotation": [0, -15, 0]
				},
				"left_leg3": {
					"rotation": {
						"0.0": [0, 0, 0],
						"0.8333": [80, 0, 0]
					}
				},
				"right_leg": {
					"rotation": [0, 15, 0]
				},
				"right_leg3": {
					"rotation": {
						"0.0": [0, 0, 0],
						"0.8333": [80, 0, 0]
					}
				},
				"tail": {
					"rotation": {
						"0.0": [65, 0, 0],
						"0.7917": [-20, 0, 0]
					}
				},
				"tail2": {
					"rotation": [32.5, 0, 0]
				},
				"tail3": {
					"rotation": [-22.5, 0, 0]
				},
				"tail4": {
					"rotation": {
						"0.0": [37.5, 0, 0],
						"0.875": [22.5, 0, 0]
					}
				},
				"tail5": {
					"rotation": [-7.5, 0, 0]
				}
			}
		}
	}
}