{
	"format_version": "1.8.0",
	"animations": {
		"animation.dragapult.ground_idle": {
			"loop": true,
			"bones": {
				"dragapult2": {
					"position": [0, 1, 4],
					"scale": 2
				},
				"tail4": {
					"rotation": ["-5.959+math.sin(q.anim_time*90*0.4)*15", -54.01634, "2.3223-math.sin(q.anim_time*90*0.5)*1"],
					"position": [0.2, 0.1, -2.1]
				},
				"right_arm3": {
					"rotation": ["13.6225-math.sin(q.anim_time*90*0.5)*5", "42.919-math.sin(q.anim_time*90*0.5)*5", "23.8525-math.sin(q.anim_time*90*0.5)*5"]
				},
				"right_arm4": {
					"rotation": ["-35.9606-math.sin(q.anim_time*90*0.5)*5", "37.4266-math.sin(q.anim_time*90*0.5)*5", "-50.0472-math.sin(q.anim_time*90*0.5)*5"],
					"position": [0.1, 0, -0.2]
				},
				"right_arm5": {
					"rotation": ["-7+math.sin(q.anim_time*90*0.5)*5", 0, "18-math.sin(q.anim_time*90*0.5)*6"]
				},
				"tail5": {
					"rotation": ["14.781+math.sin(q.anim_time*10*0.4)*15", -54.59467, "-12.1373-math.sin(q.anim_time+10*0.5)*1"],
					"position": [1, 0, -1.7]
				},
				"tail6": {
					"rotation": ["17.4119+math.sin(q.anim_time*10*0.4)*15", -19.83941, "-3.5106-math.sin(q.anim_time+10*0.5)*1"],
					"position": [0.3, -0.4, -1],
					"scale": [1, 0.88, 1]
				},
				"tail7": {
					"rotation": ["19.3116+math.sin(q.anim_time*10*0.4)*15", -28.79584, "-2.6648-math.sin(q.anim_time+10*0.5)*1"],
					"position": [0.4, -0.4, -0.9],
					"scale": [0.98, 0.91, 1.1]
				},
				"dragapult": {
					"rotation": ["2.5+math.sin(q.anim_time*90*0.5)*2", 0, "0-math.sin(q.anim_time*90*0.5)*1"],
					"position": ["-math.sin(q.anim_time*10*0.5)*0.5", "1-math.sin(q.anim_time*10*1)*1", -3]
				},
				"torso2": {
					"rotation": ["2.5+math.sin(q.anim_time*90*0.5)*2", 0, "-math.sin(q.anim_time*90*0.5)*1"],
					"position": ["-math.sin(q.anim_time*10*0.5)*0.5", "-math.sin(q.anim_time*10*1)*1", 3]
				},
				"head2": {
					"rotation": ["10+math.sin(q.anim_time*90*0.5)*2", 0, "-math.sin(q.anim_time*90*0.5)*1"],
					"position": [0, 0, 1.3]
				},
				"legs": {
					"rotation": ["math.sin(q.anim_time*90*0.5)*8", 0, 0]
				},
				"jaw": {
					"rotation": ["-3.5+math.sin(q.anim_time*90*0.5)*0.2", 0, "0-math.sin(q.anim_time*90*0.5)*1"],
					"position": [0, -0.3, 0],
					"scale": [1, 0.8, 1]
				},
				"left_arm3": {
					"rotation": ["-12.4985+math.sin(q.anim_time*90*0.5)*5", "-48.9073+math.sin(q.anim_time*90*0.5)*5", "15.2593+math.sin(q.anim_time*90*0.5)*5"]
				},
				"left_arm4": {
					"rotation": [-17.5, "-50+math.sin(q.anim_time*90*0.5)*5", "0+math.sin(q.anim_time*90*0.5)*5"]
				},
				"eyes2": {
					"position": [0, 0.1, 0],
					"scale": [1, 0.74, 1]
				},
				"left_arm5": {
					"rotation": ["-7.5+math.sin(q.anim_time*90*0.5)*5", 0, "-2.5+math.sin(q.anim_time*90*0.5)*5"]
				},
				"tail9": {
					"rotation": [19.11323, -7.96643, -3.85758],
					"position": [0, -0.1, -0.3]
				},
				"tail8": {
					"rotation": [-52.15057, 2.76986, 3.34312],
					"position": [0, -0.7, 4.7]
				},
				"right_leg": {
					"rotation": [-18.98849, -12.7902, 4.35627],
					"position": [-0.4, 0, 0]
				},
				"left_leg": {
					"rotation": [-21.30455, 26.3526, -9.82101]
				},
				"left_leg2": {
					"rotation": [36, 0, 0]
				},
				"left_foot": {
					"rotation": [5, 0, 0],
					"position": [0, 0, 0.2]
				},
				"right_leg2": {
					"rotation": [36.5, 0, 0]
				},
				"right_foot": {
					"rotation": [7, 0, 0],
					"position": [0, 0.2, 0.2]
				},
				"dreepy2": {
					"rotation": [20.75735, 14.60779, 6.41616],
					"position": [-21, "23.9-math.sin(q.anim_time*10*1)*1", 4]
				},
				"torso3": {
					"rotation": ["10+math.sin(q.anim_time*90*0.5)*2", 0, "-math.sin(q.anim_time*90*0.5)*1"],
					"position": [0.8, 0, 0]
				},
				"right_arm6": {
					"scale": 0
				},
				"left_arm6": {
					"scale": 0
				},
				"tail10": {
					"scale": 0
				},
				"neck2": {
					"rotation": [55, 0, 0],
					"position": [0, -0.3, 0]
				},
				"head3": {
					"rotation": [-57.5, 0, 0]
				},
				"dreepy1": {
					"rotation": [16.04024, -19.69192, -9.4717],
					"position": [12.4, "22.6-math.sin(q.anim_time*10*1)*1", 2.4]
				},
				"right_arm2": {
					"scale": 0
				},
				"left_arm2": {
					"scale": 0
				},
				"ring3": {
					"scale": 0
				},
				"neck3": {
					"rotation": [55, 0, 0],
					"position": [0, -0.4, 0]
				},
				"head4": {
					"rotation": [-57.5, 0, 0]
				},
				"bone": {
					"position": [0, -1, 0],
					"scale": [0.8, 0.6, 1]
				},
				"bone3": {
					"position": [0, -3.2, 0],
					"scale": [0.8, 0.6, 1]
				},
				"bone2": {
					"position": [0, 1.1, 0],
					"scale": [0.8, 0.6, 1]
				},
				"eyeslids": {
					"scale": 0
				},
				"torso4": {
					"rotation": ["10+math.sin(q.anim_time*90*0.5)*2", 0, "-math.sin(q.anim_time*90*0.5)*1"]
				}
			}
		},
		"animation.dragapult.ground_walk": {
			"loop": true,
			"bones": {
				"dragapult2": {
					"position": [0, 1, 4],
					"scale": 2
				},
				"tail4": {
					"rotation": ["17.4793+math.sin(q.anim_time*90*0.4)*15", -6.65134, "-2.0973-math.sin(q.anim_time*90*0.5)*1"],
					"position": [0, 0, -0.9]
				},
				"right_arm3": {
					"rotation": ["13.6225-math.sin(q.anim_time*90*0.5)*5", "42.919-math.sin(q.anim_time*90*0.5)*5", "23.8525-math.sin(q.anim_time*90*0.5)*5"]
				},
				"right_arm4": {
					"rotation": ["-35.9606-math.sin(q.anim_time*90*0.5)*5", "37.4266-math.sin(q.anim_time*90*0.5)*5", "-50.0472-math.sin(q.anim_time*90*0.5)*5"],
					"position": [0.1, 0, -0.2]
				},
				"right_arm5": {
					"rotation": ["-7+math.sin(q.anim_time*90*0.5)*5", 0, "18-math.sin(q.anim_time*90*0.5)*6"]
				},
				"tail5": {
					"rotation": ["16.899+math.sin(q.anim_time*10*0.4)*15", -2.0748, "-3.2333-math.sin(q.anim_time+10*0.5)*1"],
					"position": [0, 0, -0.9]
				},
				"tail6": {
					"rotation": ["17.5502+math.sin(q.anim_time*10*0.4)*15", -1.29922, "0.382-math.sin(q.anim_time+10*0.5)*1"],
					"position": [0, -0.4, -1],
					"scale": [1, 0.88, 1]
				},
				"tail7": {
					"rotation": [20, 0, 0],
					"position": [0, 0, -0.6],
					"scale": [0.98, 0.91, 1.1]
				},
				"dragapult": {
					"rotation": ["7.5+math.sin(q.anim_time*90*0.5)*2", 0, "0-math.sin(q.anim_time*90*0.5)*1"],
					"position": ["-math.sin(q.anim_time*10*0.5)*0.5", "-3-math.sin(q.anim_time*10*1)*1", -3]
				},
				"torso2": {
					"rotation": ["12.5+math.sin(q.anim_time*90*0.5)*2", 0, "-math.sin(q.anim_time*90*0.5)*1"],
					"position": ["-math.sin(q.anim_time*10*0.5)*0.5", "-math.sin(q.anim_time*10*1)*1", "3-math.sin(q.anim_time*10*1)*5"]
				},
				"head2": {
					"rotation": ["10+math.sin(q.anim_time*90*0.5)*2", 0, "-math.sin(q.anim_time*90*0.5)*1"],
					"position": [0, 0, 1.3]
				},
				"legs": {
					"rotation": ["math.sin(q.anim_time*90*0.5)*8", 0, 0]
				},
				"jaw": {
					"rotation": ["9+math.sin(q.anim_time*90*0.5)*1", 0, "0-math.sin(q.anim_time*90*0.5)*1"],
					"position": [0, 0.9, 0],
					"scale": [1, 0.8, 1]
				},
				"left_arm3": {
					"rotation": ["-12.4985+math.sin(q.anim_time*90*0.5)*5", "-48.9073+math.sin(q.anim_time*90*0.5)*5", "15.2593+math.sin(q.anim_time*90*0.5)*5"]
				},
				"left_arm4": {
					"rotation": [-17.5, "-50+math.sin(q.anim_time*90*0.5)*5", "0+math.sin(q.anim_time*90*0.5)*5"]
				},
				"eyes2": {
					"position": [0, 0.1, 0],
					"scale": [1, 0.74, 1]
				},
				"left_arm5": {
					"rotation": ["-7.5+math.sin(q.anim_time*90*0.5)*5", 0, "-2.5+math.sin(q.anim_time*90*0.5)*5"]
				},
				"tail9": {
					"rotation": [26.11323, -7.96643, -3.85758],
					"position": [0, -0.1, -0.3]
				},
				"tail8": {
					"rotation": [-52.15057, 2.76986, 3.34312],
					"position": [0, -0.7, 4.7]
				},
				"right_leg": {
					"rotation": [90.22224, -12.87321, -3.33564],
					"position": [-0.4, 0, 0]
				},
				"left_leg": {
					"rotation": [86.13107, -0.96482, 9.31085]
				},
				"left_leg2": {
					"rotation": [36, 0, 0]
				},
				"left_foot": {
					"rotation": [5, 0, 0],
					"position": [0, 0, 0.2]
				},
				"right_leg2": {
					"rotation": [36.5, 0, 0]
				},
				"right_foot": {
					"rotation": [7, 0, 0],
					"position": [0, 0.2, 0.2]
				},
				"dreepy2": {
					"rotation": [20.75735, 14.60779, 6.41616],
					"position": ["-21.4-math.sin(q.anim_time*10*0.5)*0.5", "23-math.sin(q.anim_time*10*1)*1", "0.1-math.sin(q.anim_time*10*1)*5"]
				},
				"torso3": {
					"rotation": ["10+math.sin(q.anim_time*90*0.5)*2", 0, "-math.sin(q.anim_time*90*0.5)*1"],
					"position": [0.8, 0, 0]
				},
				"right_arm6": {
					"scale": 0
				},
				"left_arm6": {
					"scale": 0
				},
				"tail10": {
					"scale": 0
				},
				"neck2": {
					"rotation": [55, 0, 0],
					"position": [0, -0.3, 0]
				},
				"head3": {
					"rotation": [-57.5, 0, 0]
				},
				"dreepy1": {
					"rotation": ["10+math.sin(q.anim_time*90*0.5)*2", 0, "-math.sin(q.anim_time*90*0.5)*1"],
					"position": ["12.1-math.sin(q.anim_time*10*0.5)*0.5", "21-math.sin(q.anim_time*10*1)*1", "-3.1-math.sin(q.anim_time*10*1)*5"]
				},
				"right_arm2": {
					"scale": 0
				},
				"left_arm2": {
					"scale": 0
				},
				"ring3": {
					"scale": 0
				},
				"neck3": {
					"rotation": [55, 0, 0],
					"position": [0, -0.4, 0]
				},
				"head4": {
					"rotation": [-57.5, 0, 0]
				},
				"bone": {
					"position": [0, -1, 0],
					"scale": [0.8, 0.6, 1]
				},
				"bone3": {
					"position": [0, -3.2, 0],
					"scale": [0.8, 0.6, 1]
				},
				"bone2": {
					"position": [0, 1.1, 0],
					"scale": [0.8, 0.6, 1]
				},
				"eyeslids": {
					"scale": 0
				},
				"torso4": {
					"rotation": ["10.2577+math.sin(q.anim_time*90*0.5)*2", -12.79912, "-2.2957-math.sin(q.anim_time*90*0.5)*1"],
					"position": [2.1, 0, 0]
				}
			}
		},
		"animation.dragapult.faint": {
			"loop": "hold_on_last_frame",
			"animation_length": 2.16667,
			"bones": {
				"dragapult2": {
					"rotation": {
						"0.0": [0, 0, 0],
						"0.75": [-12.5, 0, 0]
					},
					"position": [0, 1, 4],
					"scale": {
						"0.0": [2, 2, 2],
						"1.2083": [2, 2, 2],
						"2.0833": [0, 0, 0]
					}
				},
				"tail4": {
					"rotation": {
						"0.0": ["-4.8693+math.sin(q.anim_time*90*0.4)*15", -44.06028, "0.8846-math.sin(q.anim_time*90*0.5)*1"],
						"0.8333": ["-12.7775+math.sin(q.anim_time*90*0.4)*15", -66.25792, "10.0283-math.sin(q.anim_time*90*0.5)*1"]
					},
					"position": [0.2, 0.1, -1.7]
				},
				"right_arm3": {
					"rotation": ["13.6225-math.sin(q.anim_time*90*0.5)*5", "42.919-math.sin(q.anim_time*90*0.5)*5", "23.8525-math.sin(q.anim_time*90*0.5)*5"]
				},
				"right_arm4": {
					"rotation": ["-35.9606-math.sin(q.anim_time*90*0.5)*5", "37.4266-math.sin(q.anim_time*90*0.5)*5", "-50.0472-math.sin(q.anim_time*90*0.5)*5"],
					"position": [0.1, 0, -0.2]
				},
				"right_arm5": {
					"rotation": ["-7+math.sin(q.anim_time*90*0.5)*5", 0, "18-math.sin(q.anim_time*90*0.5)*6"]
				},
				"tail5": {
					"rotation": {
						"0.0": ["14.781+math.sin(q.anim_time*10*0.4)*15", -54.59467, "-12.1373-math.sin(q.anim_time+10*0.5)*1"],
						"1.0": ["9.7722+math.sin(q.anim_time*10*0.4)*15", -32.66494, "-5.0154-math.sin(q.anim_time+10*0.5)*1"]
					},
					"position": {
						"0.0": [1, 0, -1.7],
						"1.0": [0.2, 0, -1.7]
					}
				},
				"tail6": {
					"rotation": {
						"0.0": ["17.4119+math.sin(q.anim_time*10*0.4)*15", -19.83941, "-3.5106-math.sin(q.anim_time+10*0.5)*1"],
						"1.0": ["17.301+math.sin(q.anim_time*10*0.4)*15", -18.89055, "-3.176-math.sin(q.anim_time+10*0.5)*1"]
					},
					"position": [0.3, -0.4, -1],
					"scale": [1, 0.88, 1]
				},
				"tail7": {
					"rotation": {
						"0.0": ["19.3116+math.sin(q.anim_time*10*0.4)*15", -28.79584, "-2.6648-math.sin(q.anim_time+10*0.5)*1"],
						"1.0": ["20.6367+math.sin(q.anim_time*10*0.4)*15", -34.39759, "-5.1907-math.sin(q.anim_time+10*0.5)*1"]
					},
					"position": [0.4, -0.4, -0.9],
					"scale": [0.98, 0.91, 1.1]
				},
				"dragapult": {
					"rotation": {
						"0.0": ["math.sin(q.anim_time*90*0.5)*2", 0, "-math.sin(q.anim_time*90*0.5)*1"],
						"1.125": ["-15+math.sin(q.anim_time*90*0.5)*2", 0, "0-math.sin(q.anim_time*90*0.5)*1"]
					},
					"position": ["-math.sin(q.anim_time*10*0.5)*0.5", "13-math.sin(q.anim_time*10*1)*1", -3]
				},
				"torso2": {
					"rotation": {
						"0.0": ["2.5+math.sin(q.anim_time*90*0.5)*2", 0, "-math.sin(q.anim_time*90*0.5)*1"],
						"0.75": ["-7.5+math.sin(q.anim_time*90*0.5)*2", 0, "0-math.sin(q.anim_time*90*0.5)*1"],
						"1.0417": [8.26314, 0, -0.65935],
						"1.25": [23.44126, 4.01241, -9.88806],
						"2.0": ["-20+math.sin(q.anim_time*90*0.5)*2", 0, "-math.sin(q.anim_time*90*0.5)*1"]
					},
					"position": {
						"0.0": ["-math.sin(q.anim_time*10*0.5)*0.5", "-math.sin(q.anim_time*10*1)*1", 3],
						"0.75": ["-math.sin(q.anim_time*10*0.5)*0.5", 8.2, 32.94],
						"1.625": ["-math.sin(q.anim_time*10*0.5)*0.5", "10-math.sin(q.anim_time*10*1)*1", 27]
					}
				},
				"head2": {
					"rotation": {
						"0.0": ["10+math.sin(q.anim_time*90*0.5)*2", 0, "-math.sin(q.anim_time*90*0.5)*1"],
						"0.5417": ["-7.5+math.sin(q.anim_time*90*0.5)*2", 0, "0-math.sin(q.anim_time*90*0.5)*1"],
						"1.0": ["-20+math.sin(q.anim_time*90*0.5)*2", 0, "-math.sin(q.anim_time*90*0.5)*1"],
						"1.5833": ["5+math.sin(q.anim_time*90*0.5)*2", 0, "-math.sin(q.anim_time*90*0.5)*1"]
					},
					"position": {
						"0.0": [0, 0, 1.3],
						"1.0833": [0, -1, 1.3]
					}
				},
				"legs": {
					"rotation": ["math.sin(q.anim_time*90*0.5)*8", 0, 0]
				},
				"jaw": {
					"rotation": {
						"0.0": ["-3.5+math.sin(q.anim_time*90*0.5)*0.2", 0, "0-math.sin(q.anim_time*90*0.5)*1"],
						"0.1667": ["14.5+math.sin(q.anim_time*90*0.5)*0.2", 0, "0-math.sin(q.anim_time*90*0.5)*1"]
					},
					"position": {
						"0.0": [0, -0.3, 0],
						"0.1667": [0, 1.3, 0]
					},
					"scale": [1, 0.8, 1]
				},
				"left_arm3": {
					"rotation": ["-12.4985+math.sin(q.anim_time*90*0.5)*5", "-48.9073+math.sin(q.anim_time*90*0.5)*5", "15.2593+math.sin(q.anim_time*90*0.5)*5"]
				},
				"left_arm4": {
					"rotation": [-17.5, "-50+math.sin(q.anim_time*90*0.5)*5", "0+math.sin(q.anim_time*90*0.5)*5"]
				},
				"eyes2": {
					"position": {
						"0.0": [0, 0.1, 0],
						"0.7917": [0, 0.1, 0],
						"0.8333": [0, 0, 1]
					},
					"scale": {
						"0.0": [1, 0.74, 1],
						"0.7917": [1, 0.74, 1],
						"0.8333": [1, 0, 1]
					}
				},
				"left_arm5": {
					"rotation": ["-7.5+math.sin(q.anim_time*90*0.5)*5", 0, "-2.5+math.sin(q.anim_time*90*0.5)*5"]
				},
				"tail9": {
					"rotation": {
						"0.0": [19.11323, -7.96643, -3.85758],
						"1.0": [20.4852, -22.08994, -9.1052]
					},
					"position": [0, -0.1, -0.3]
				},
				"tail8": {
					"rotation": [-52.15057, 2.76986, 3.34312],
					"position": [0, -0.7, 4.7]
				},
				"right_leg": {
					"rotation": [-18.98849, -12.7902, 4.35627],
					"position": [-0.4, 0, 0]
				},
				"left_leg": {
					"rotation": [-21.30455, 26.3526, -9.82101]
				},
				"left_leg2": {
					"rotation": [36, 0, 0]
				},
				"left_foot": {
					"rotation": [5, 0, 0],
					"position": [0, 0, 0.2]
				},
				"right_leg2": {
					"rotation": [36.5, 0, 0]
				},
				"right_foot": {
					"rotation": [7, 0, 0],
					"position": [0, 0.2, 0.2]
				},
				"dreepy2": {
					"rotation": [20.75735, 14.60779, 6.41616],
					"position": {
						"0.2083": [-20, "23.9-math.sin(q.anim_time*10*1)*1", 4],
						"0.25": [-23, "18.9-math.sin(q.anim_time*10*1)*1", -7.42],
						"1.375": [-20, "23.9-math.sin(q.anim_time*10*1)*1", -670],
						"2.0417": [-863, "23.9-math.sin(q.anim_time*10*1)*1", -3946]
					}
				},
				"torso3": {
					"position": [0.8, 0, 0]
				},
				"right_arm6": {
					"rotation": {
						"0.0": [0, 0, 0],
						"0.0417": [0, -75, 0]
					},
					"scale": {
						"0.0": [0, 0, 0],
						"0.0417": [1, 1, 1]
					}
				},
				"left_arm6": {
					"rotation": {
						"0.0": [0, 0, 0],
						"0.0417": [0, 80, 0]
					},
					"scale": {
						"0.0": [0, 0, 0],
						"0.0417": [1, 1, 1]
					}
				},
				"tail10": {
					"scale": {
						"0.0": [0, 0, 0],
						"0.0417": [1, 1, 1]
					}
				},
				"neck2": {
					"rotation": [55, 0, 0],
					"position": [0, -0.3, 0]
				},
				"head3": {
					"rotation": [-57.5, 0, 0]
				},
				"dreepy1": {
					"rotation": [16.04024, -19.69192, -9.4717],
					"position": [12.4, "22.6-math.sin(q.anim_time*10*1)*1", 2.4]
				},
				"right_arm2": {
					"rotation": {
						"0.0": [0, 0, 0],
						"0.0417": [0, -77.5, 0]
					},
					"scale": {
						"0.0": [0, 0, 0],
						"0.0417": [1, 1, 1]
					}
				},
				"left_arm2": {
					"rotation": {
						"0.0": [0, 0, 0],
						"0.0417": [0, 72.5, 0]
					},
					"scale": {
						"0.0": [0, 0, 0],
						"0.0417": [1, 1, 1]
					}
				},
				"ring3": {
					"scale": {
						"0.0": [0, 0, 0],
						"0.0417": [1, 1, 1]
					}
				},
				"neck3": {
					"rotation": [55, 0, 0],
					"position": [0, -0.4, 0]
				},
				"head4": {
					"rotation": [-57.5, 0, 0]
				},
				"bone": {
					"position": [0, -1, 0],
					"scale": [0.8, 0.6, 1]
				},
				"bone3": {
					"position": [0, -3.2, 0],
					"scale": [0.8, 0.6, 1]
				},
				"bone2": {
					"position": [0, 1.1, 0],
					"scale": [0.8, 0.6, 1]
				},
				"torso4": {
					"rotation": {
						"0.0": [0, 0, 0],
						"0.7083": [0, -22.5, 0],
						"1.4167": [0, -22.5, 0]
					},
					"position": {
						"0.0": [0, 0, 0],
						"0.3333": [4.64, 13, -44.21],
						"1.4583": [194, 228.13, -766.47],
						"2.0417": [359, 874, -2831]
					}
				},
				"eyeslids": {
					"position": [0, 0, 0],
					"scale": {
						"0.0": [0, 0, 0],
						"0.7917": [0, 0, 0],
						"0.8333": {"pre": [0, 0, 0], "post": [1, 1, 1]}
					}
				}
			}
		},
		"animation.dragapult.cry": {
			"animation_length": 0.83333,
			"bones": {
				"torso2": {
					"rotation": {
						"0.0": [0, 0, 0],
						"0.375": [7.5, 0, 0],
						"0.6667": [0, 0, 0]
					}
				},
				"head2": {
					"rotation": {
						"0.0": [0, 0, 0],
						"0.4583": [-7, 0, 0],
						"0.8333": [0, 0, 0]
					}
				},
				"jaw": {
					"rotation": {
						"0.0": [0, 0, 0],
						"0.375": [25, 0, 0],
						"0.6667": [0, 0, 0]
					},
					"position": {
						"0.0": [0, 0, 0],
						"0.375": [0, 2.4, 0],
						"0.6667": [0, 0, 0]
					}
				}
			}
		}
	}
}