{
	"format_version": "1.12.0",
	"minecraft:geometry": [
		{
			"description": {
				"identifier": "geometry.duraludon",
				"texture_width": 128,
				"texture_height": 128,
				"visible_bounds_width": 5,
				"visible_bounds_height": 4.5,
				"visible_bounds_offset": [0, 1.75, 0]
			},
			"bones": [
				{
					"name": "duraludon",
					"pivot": [0, 0, 0]
				},
				{
					"name": "torso",
					"parent": "duraludon",
					"pivot": [0, 26, 0]
				},
				{
					"name": "body",
					"parent": "torso",
					"pivot": [0, -0.15957, 0.03606]
				},
				{
					"name": "lower_body",
					"parent": "body",
					"pivot": [0.5, 16.26117, 1.1321],
					"cubes": [
						{"origin": [6.5, 9.90473, 0.94659], "size": [1, 13, 4], "pivot": [0.5, 23.83317, 2.81705], "rotation": [2.5, 0, 0], "uv": [18, 95]},
						{"origin": [5.8, 18.69119, -1.26633], "size": [1, 5, 2], "inflate": -0.02, "pivot": [0.5, 23.83317, 2.81705], "rotation": [25, 0, 0], "uv": [74, 110]},
						{"origin": [6.3, 15.79245, 2.12306], "size": [1, 5, 2], "inflate": -0.01, "pivot": [0.5, 23.83317, 2.81705], "rotation": [-20, 0, 0], "uv": [80, 110]},
						{"origin": [6.5, 13.2403, -3.52416], "size": [1, 5, 2], "inflate": -0.02, "pivot": [0.5, 23.83317, 2.81705], "rotation": [25, 0, 0], "uv": [74, 103]},
						{"origin": [6.5, 10.34156, 4.38089], "size": [1, 5, 2], "inflate": -0.01, "pivot": [0.5, 23.83317, 2.81705], "rotation": [-20, 0, 0], "uv": [109, 56]},
						{"origin": [-5.5, 9, -7], "size": [12, 13, 13], "uv": [0, 26]},
						{"origin": [-6, 9.88653, 4.92992], "size": [13, 13, 1], "pivot": [0.5, 23.83317, 2.81705], "rotation": [2.5, 0, 0], "uv": [0, 71]},
						{"origin": [-4.5, 11, -7.9], "size": [10, 9, 1], "inflate": 0.1, "uv": [91, 92]},
						{"origin": [-6.5, 9.90473, 0.94659], "size": [1, 13, 4], "pivot": [0.5, 23.83317, 2.81705], "rotation": [2.5, 0, 0], "uv": [18, 95], "mirror": true},
						{"origin": [-5.8, 18.69119, -1.26633], "size": [1, 5, 2], "inflate": -0.02, "pivot": [1.4, 23.83317, 2.81705], "rotation": [25, 0, 0], "uv": [74, 110], "mirror": true},
						{"origin": [-6, 16.09245, 2.12306], "size": [1, 5, 2], "inflate": -0.01, "pivot": [1.4, 23.83317, 2.81705], "rotation": [-20, 0, 0], "uv": [80, 110], "mirror": true},
						{"origin": [-6.5, 13.2403, -3.52416], "size": [1, 5, 2], "inflate": -0.02, "pivot": [0.5, 23.83317, 2.81705], "rotation": [25, 0, 0], "uv": [74, 103], "mirror": true},
						{"origin": [-6.5, 10.34156, 4.38089], "size": [1, 5, 2], "inflate": -0.01, "pivot": [0.5, 23.83317, 2.81705], "rotation": [-20, 0, 0], "uv": [109, 56], "mirror": true}
					]
				},
				{
					"name": "middle_body",
					"parent": "lower_body",
					"pivot": [0.5, 21.78673, -0.23717],
					"cubes": [
						{"origin": [-5, 22, -6], "size": [11, 7, 11], "uv": [34, 0]},
						{"origin": [-5.5, 24.65666, 1.2009], "size": [1, 5, 2], "inflate": -0.02, "pivot": [0.5, 23.83317, 2.81705], "rotation": [25, 0, 0], "uv": [92, 110], "mirror": true},
						{"origin": [-5.5, 21.75527, -0.35057], "size": [1, 5, 2], "inflate": -0.01, "pivot": [0.5, 23.83317, 2.81705], "rotation": [-20, 0, 0], "uv": [86, 110], "mirror": true},
						{"origin": [-5.5, 22.34208, 4.92646], "size": [12, 7, 1], "inflate": 0.01, "pivot": [0.5, 23.83317, 2.81705], "rotation": [5.5, 0, 0], "uv": [92, 83]},
						{"origin": [-5.5, 22.36027, 0.94313], "size": [1, 7, 4], "pivot": [0.5, 23.83317, 2.81705], "rotation": [2.5, 0, 0], "uv": [34, 0], "mirror": true},
						{"origin": [5.5, 22.36027, 0.94313], "size": [1, 7, 4], "pivot": [0.5, 23.83317, 2.81705], "rotation": [2.5, 0, 0], "uv": [34, 0]},
						{"origin": [5.5, 24.65666, 1.2009], "size": [1, 5, 2], "inflate": -0.02, "pivot": [0.5, 23.83317, 2.81705], "rotation": [25, 0, 0], "uv": [92, 110]},
						{"origin": [5.5, 21.75527, -0.35057], "size": [1, 5, 2], "inflate": -0.01, "pivot": [0.5, 23.83317, 2.81705], "rotation": [-20, 0, 0], "uv": [86, 110]}
					]
				},
				{
					"name": "top_body",
					"parent": "middle_body",
					"pivot": [0.5, 34.17456, 1.26002],
					"cubes": [
						{"origin": [-4.51, 32.92902, 4.62021], "size": [1, 5, 2], "inflate": -0.02, "pivot": [0.5, 23.83317, 2.81705], "rotation": [25, 0, 0], "uv": [68, 39], "mirror": true},
						{"origin": [-4.5, 29.29838, 0.93106], "size": [1, 9, 4], "pivot": [0.5, 23.83317, 2.81705], "rotation": [2.5, 0, 0], "uv": [0, 26], "mirror": true},
						{"origin": [-4.5, 28.16063, -3.01683], "size": [1, 5, 2], "inflate": -0.01, "pivot": [0.5, 23.83317, 2.81705], "rotation": [-20, 0, 0], "uv": [99, 32], "mirror": true},
						{"origin": [-4, 29, -5.5], "size": [9, 9, 10], "uv": [0, 52]},
						{"origin": [-4.5, 29.28019, 4.91439], "size": [10, 9, 1], "inflate": 0.01, "pivot": [0.5, 23.83317, 2.81705], "rotation": [5.5, 0, 0], "uv": [93, 0]},
						{"origin": [4.51, 32.92902, 4.62021], "size": [1, 5, 2], "inflate": -0.02, "pivot": [0.5, 23.83317, 2.81705], "rotation": [25, 0, 0], "uv": [68, 39]},
						{"origin": [4.5, 28.16063, -3.01683], "size": [1, 5, 2], "inflate": -0.01, "pivot": [0.5, 23.83317, 2.81705], "rotation": [-20, 0, 0], "uv": [99, 32]},
						{"origin": [4.5, 29.29838, 0.93106], "size": [1, 9, 4], "pivot": [0.5, 23.83317, 2.81705], "rotation": [2.5, 0, 0], "uv": [0, 26]},
						{"origin": [-3, 36.24043, -1.76394], "size": [7, 3, 3], "inflate": -0.02, "uv": [96, 10]},
						{"origin": [5.17874, 36.10471, -0.96069], "size": [0, 4, 4], "inflate": -0.02, "pivot": [5.64554, 37.97435, 0.34504], "rotation": [45.19157, 3.81024, -9.25249], "uv": [29, 51]},
						{"origin": [-3.9705, 35.92836, -1.10704], "size": [0, 4, 4], "pivot": [-5.35446, 37.97435, 0.34504], "rotation": [44.90022, -3.2999, 2.0372], "uv": [29, 51]}
					]
				},
				{
					"name": "head",
					"parent": "top_body",
					"pivot": [0.50711, 38.03582, 1.43967],
					"cubes": [
						{"origin": [1.03033, 39, -6.23008], "size": [5, 5, 5], "pivot": [0.5, 37.95675, -0.75], "rotation": [30.36119, 40.78947, 20.94102], "uv": [63, 93]},
						{"origin": [-3, 38, 0.5], "size": [1, 6, 2], "pivot": [0.5, 37.95675, -0.75], "rotation": [22.5, 0, 0], "uv": [105, 30]},
						{"origin": [-1.9, 38, 0.5], "size": [1, 6, 2], "pivot": [0.5, 37.95675, -0.75], "rotation": [22.5, 0, 0], "uv": [105, 30]},
						{"origin": [3, 38.62938, -0.83587], "size": [1, 6, 2], "pivot": [1.5, 41.62938, 0.16413], "rotation": [22.5, 0, 0], "uv": [105, 30], "mirror": true},
						{"origin": [1.9, 38.62938, -0.83587], "size": [1, 6, 2], "pivot": [1.5, 41.62938, 0.16413], "rotation": [22.5, 0, 0], "uv": [105, 30], "mirror": true},
						{"origin": [-3, 39, -5], "size": [7, 5, 6], "inflate": 0.01, "pivot": [0.5, 37.95675, -0.75], "rotation": [22.5, 0, 0], "uv": [67, 0]}
					]
				},
				{
					"name": "cannon",
					"parent": "head",
					"pivot": [0.5, 38.62672, 2.08241],
					"cubes": [
						{"origin": [-1, 37.60493, 0.38926], "size": [3, 11, 4], "pivot": [0.5, 38.62672, 2.08241], "rotation": [17.5, 0, 0], "uv": [0, 0]}
					]
				},
				{
					"name": "eyes",
					"parent": "head",
					"pivot": [-3, 39.84406, -3.96085],
					"cubes": [
						{"origin": [4, 39.10283, -5.33346], "size": [0, 1, 2], "inflate": 0.03, "pivot": [4, 39.80283, -4.33346], "rotation": [47.5, 0, 0], "uv": [0, 1]},
						{"origin": [4, 40.4322, -3.92331], "size": [0, 2, 4], "inflate": 0.02, "pivot": [0.5, 38.05675, -0.75], "rotation": [37.5, 0, 0], "uv": [8, 11]},
						{"origin": [-3, 39.39092, -5.24298], "size": [0, 1, 2], "inflate": 0.03, "pivot": [-3, 39.84406, -3.96085], "rotation": [47.5, 0, 0], "uv": [0, 1], "mirror": true},
						{"origin": [-3, 38.8469, -5.67486], "size": [0, 2, 4], "inflate": 0.02, "pivot": [-3, 39.84406, -3.96085], "rotation": [37.5, 0, 0], "uv": [8, 11], "mirror": true}
					]
				},
				{
					"name": "eye_lids",
					"parent": "eyes",
					"pivot": [0.5, 38.05675, -0.75]
				},
				{
					"name": "eye_lid_1",
					"parent": "eye_lids",
					"pivot": [3, 40.02041, -3.73569],
					"cubes": [
						{"origin": [3, 40.4322, -3.92331], "size": [0, 2, 4], "inflate": 0.04, "pivot": [-0.5, 38.05675, -0.75], "rotation": [37.5, 0, 0], "uv": [61, 114]}
					]
				},
				{
					"name": "eye_lid_2",
					"parent": "eye_lids",
					"pivot": [-2, 40.02041, -3.73569],
					"cubes": [
						{"origin": [-2, 40.4322, -3.92331], "size": [0, 2, 4], "inflate": 0.04, "pivot": [1.5, 38.05675, -0.75], "rotation": [37.5, 0, 0], "uv": [61, 114]}
					]
				},
				{
					"name": "jaw",
					"parent": "head",
					"pivot": [0.5, 37.05675, -0.15],
					"cubes": [
						{"origin": [-3, 38.3, -4.4], "size": [7, 1, 6], "inflate": -0.01, "pivot": [0.5, 37.05675, -0.15], "rotation": [22.5, 0, 0], "uv": [81, 25]},
						{"origin": [-3, 39.3, -4.4], "size": [7, 1, 6], "inflate": -0.01, "pivot": [0.5, 37.05675, -0.15], "rotation": [22.5, 0, 0], "uv": [95, 121]},
						{"origin": [1.03033, 38.3, -5.63008], "size": [5, 1, 5], "inflate": -0.02, "pivot": [0.5, 37.05675, -0.15], "rotation": [30.36119, 40.78947, 20.94102], "uv": [38, 95]},
						{"origin": [1.03033, 39.3, -5.63008], "size": [5, 1, 5], "inflate": -0.02, "pivot": [0.5, 37.05675, -0.15], "rotation": [30.36119, 40.78947, 20.94102], "uv": [59, 122]}
					]
				},
				{
					"name": "arms",
					"parent": "middle_body",
					"pivot": [0, 0, 0]
				},
				{
					"name": "left_arm",
					"parent": "arms",
					"pivot": [7, 27, -2],
					"cubes": [
						{"origin": [4, 24, -5], "size": [6, 6, 6], "uv": [22, 83]}
					]
				},
				{
					"name": "left_arm_joint",
					"parent": "left_arm",
					"pivot": [10, 27, -2],
					"cubes": [
						{"origin": [9, 24.5, -4.5], "size": [7, 5, 5], "uv": [88, 58]},
						{"origin": [15, 24, -5], "size": [5, 6, 6], "inflate": -0.01, "uv": [0, 85]}
					]
				},
				{
					"name": "left_hand",
					"parent": "left_arm_joint",
					"pivot": [19.1, 26.96579, -2.53421],
					"cubes": [
						{"origin": [18, 23.5, -6], "size": [9, 7, 7], "uv": [74, 32]},
						{"origin": [25, 24.25736, -6.1], "size": [5, 5, 3], "inflate": -0.01, "pivot": [27, 26.25736, -4.5], "rotation": [0, 0, -45], "uv": [103, 43]},
						{"origin": [25, 24.25736, -2], "size": [5, 5, 3], "inflate": -0.01, "pivot": [27, 26.25736, -4.5], "rotation": [0, 0, -45], "uv": [96, 102]},
						{"origin": [24.5, 26.5, -4.03553], "size": [5, 5, 3], "inflate": -0.01, "pivot": [27, 29, -2.53553], "rotation": [90, 45, 0], "uv": [80, 102]},
						{"origin": [24.5, 26.5, -8.13553], "size": [5, 5, 3], "inflate": -0.01, "pivot": [27, 29, -2.53553], "rotation": [90, 45, 0], "uv": [38, 101]}
					]
				},
				{
					"name": "right_arm",
					"parent": "arms",
					"pivot": [-6, 27, -2],
					"cubes": [
						{"origin": [-9, 24, -5], "size": [6, 6, 6], "uv": [22, 83], "mirror": true}
					]
				},
				{
					"name": "right_arm_joint",
					"parent": "right_arm",
					"pivot": [-9, 27, -2],
					"cubes": [
						{"origin": [-15, 24.5, -4.5], "size": [7, 5, 5], "uv": [88, 58], "mirror": true},
						{"origin": [-19, 24, -5], "size": [5, 6, 6], "inflate": -0.01, "uv": [0, 85], "mirror": true}
					]
				},
				{
					"name": "right_hand",
					"parent": "right_arm_joint",
					"pivot": [-18.1, 26.96579, -2.53421],
					"cubes": [
						{"origin": [-26, 23.5, -6], "size": [9, 7, 7], "uv": [74, 32], "mirror": true},
						{"origin": [-29, 24.25736, -6.1], "size": [5, 5, 3], "inflate": -0.01, "pivot": [-26, 26.25736, -4.5], "rotation": [0, 0, 45], "uv": [103, 43], "mirror": true},
						{"origin": [-29, 24.25736, -2], "size": [5, 5, 3], "inflate": -0.01, "pivot": [-26, 26.25736, -4.5], "rotation": [0, 0, 45], "uv": [96, 102], "mirror": true},
						{"origin": [-28.5, 26.5, -4.03553], "size": [5, 5, 3], "inflate": -0.01, "pivot": [-26, 29, -2.53553], "rotation": [90, -45, 0], "uv": [80, 102], "mirror": true},
						{"origin": [-28.5, 26.5, -8.13553], "size": [5, 5, 3], "inflate": -0.01, "pivot": [-26, 29, -2.53553], "rotation": [90, -45, 0], "uv": [38, 101], "mirror": true}
					]
				},
				{
					"name": "tail",
					"parent": "body",
					"pivot": [0.14645, 15.14645, 5],
					"cubes": [
						{"origin": [1.5, 11, 5], "size": [3, 7, 18], "pivot": [0.5, 15.5, 15.5], "rotation": [0, 0, 45], "uv": [0, 0]},
						{"origin": [-2.4, 12.8, 5], "size": [5, 2, 18], "inflate": -0.001, "uv": [1, 5]},
						{"origin": [-2.5, 11, 5], "size": [4, 3, 18], "pivot": [0.5, 15.5, 15.5], "rotation": [0, 0, 45], "uv": [1, 5]},
						{"origin": [-1.5, 12, 23], "size": [3, 1, 0], "inflate": 0.01, "pivot": [0.5, 15.5, 15.5], "rotation": [0, 0, 45], "uv": [62, 67]}
					]
				},
				{
					"name": "body2",
					"parent": "torso",
					"pivot": [0, -0.15957, 0.03606]
				},
				{
					"name": "tail2",
					"parent": "body2",
					"pivot": [-0.14645, 15.14645, 5],
					"cubes": [
						{"origin": [-1.3, 11.8, 23], "size": [3, 1, 0], "inflate": 0.01, "pivot": [-0.5, 15.5, 15.5], "rotation": [0, 0, -45], "uv": [62, 67], "mirror": true}
					]
				},
				{
					"name": "legs",
					"parent": "duraludon",
					"pivot": [0, 0, 0]
				},
				{
					"name": "left_leg",
					"parent": "legs",
					"pivot": [6.1, 1, 1.2],
					"cubes": [
						{"origin": [2.1359, 7.33013, -5], "size": [8, 12, 9], "pivot": [6.1359, 12.33013, -1.5], "rotation": [0, 0, -30], "uv": [63, 62]}
					]
				},
				{
					"name": "left_leg_foot",
					"parent": "left_leg",
					"pivot": [8.1, 3, -7.38579],
					"cubes": [
						{"origin": [3.1, 0, -6], "size": [9, 10, 11], "uv": [39, 41]},
						{"origin": [11.1, 0, -3], "size": [4, 7, 0], "uv": [38, 109]},
						{"origin": [6.1, 0, -8.8], "size": [3, 2, 3], "inflate": 0.01, "uv": [78, 93]},
						{"origin": [6.1, 1, -8.38579], "size": [3, 2, 4], "pivot": [8.1, 2, -7.38579], "rotation": [45, 0, 0], "uv": [97, 76]},
						{"origin": [11.1, 0, 2], "size": [4, 7, 0], "uv": [38, 109]}
					]
				},
				{
					"name": "right_leg",
					"parent": "legs",
					"pivot": [-5.1, 1, 1.2],
					"cubes": [
						{"origin": [-9.1359, 7.33013, -5], "size": [8, 12, 9], "pivot": [-5.1359, 12.33013, -1.5], "rotation": [0, 0, 30], "uv": [63, 62], "mirror": true}
					]
				},
				{
					"name": "right_leg_foot",
					"parent": "right_leg",
					"pivot": [-7.1, 3, -7.38579],
					"cubes": [
						{"origin": [-11.1, 0, -6], "size": [9, 10, 11], "uv": [39, 41], "mirror": true},
						{"origin": [-14.1, 0, 2], "size": [4, 7, 0], "uv": [46, 109], "mirror": true},
						{"origin": [-14.1, 0, -3], "size": [4, 7, 0], "uv": [38, 109], "mirror": true},
						{"origin": [-8.1, 0, -8.8], "size": [3, 2, 3], "inflate": 0.01, "uv": [78, 93], "mirror": true},
						{"origin": [-8.1, 1, -8.38579], "size": [3, 2, 4], "pivot": [-7.1, 2, -7.38579], "rotation": [45, 0, 0], "uv": [97, 76], "mirror": true}
					]
				}
			]
		}
	]
}