{
	"format_version": "1.8.0",
	"animations": {
		"animation.dreepy.ground_idle": {
			"loop": true,
			"bones": {
				"right_arm": {
					"rotation": [-91.153, 8.396, "72.652+math.sin(q.anim_time*90*1)*3"],
					"position": [0, -0.3, 0.7]
				},
				"right_arm2": {
					"rotation": [3.95596, -16.7296, "30.2854+math.sin(q.anim_time*90*0.4)*15"],
					"position": [-0.2, 0.1, 0]
				},
				"right_hand": {
					"rotation": [-195.33577, 1.829, "-16.8342+math.sin(q.anim_time*90*0.4)*15"],
					"position": [0, -0.1, 0]
				},
				"left_arm": {
					"rotation": [82.20676, -9.29082, "-68.625-math.sin(q.anim_time*90*1)*3"],
					"position": [0, -0.5, 0.7]
				},
				"left_arm2": {
					"rotation": [-12.93213, -21.58174, "31.9747-math.sin(q.anim_time*90*0.4)*5"],
					"position": [0.2, -0.1, 0]
				},
				"left_hand": {
					"rotation": [0.86608, 10.25456, "-21.2697-math.sin(q.anim_time*90*0.4)*15"],
					"position": [0, 0.1, 0]
				},
				"torso": {
					"rotation": ["-52.5+math.sin(q.anim_time*90*0.5)*2", 0, "-math.sin(q.anim_time*90*0.5)*1"],
					"position": ["-math.sin(q.anim_time*90*1)*0.5", "3-math.sin(q.anim_time*90*2)*1", -3]
				},
				"tail": {
					"rotation": ["40+math.sin((query.anim_time-0.4)*90*1)*10", "-math.cos((query.anim_time-0.4)*90*1)*5", 0],
					"position": [0, -0.28895, -0.57486]
				},
				"tail2": {
					"rotation": ["2.5+math.sin((query.anim_time-0.8)*90*1)*15", "-math.cos((query.anim_time-0.8)*90*1)*7", 0],
					"position": [0, 0, -0.2]
				},
				"tail3": {
					"rotation": ["12.5+math.sin((query.anim_time-1.2)*90*1)*20", "-math.cos((query.anim_time-1.2)*90*1)*10", 0],
					"position": [0, 0, -0.4]
				},
				"neck": {
					"rotation": ["22.5+math.sin(q.anim_time*10*0.4)*7", 0, "0-math.sin(q.anim_time*90*0.5)*1"]
				},
				"head": {
					"rotation": ["40+math.sin(q.anim_time*90*1)*5", 0, "-math.sin(q.anim_time*90*0.5)*1"],
					"scale": [1, 0.78, 1]
				},
				"eyes": {
					"scale": 1
				},
				"eyesockets": {
					"position": [0, 0, 0],
					"scale": [1, 1.5, 1]
				},
				"pupils": {
					"position": [0, 0, 0],
					"scale": [1, 0.9, 1]
				},
				"ring": {
					"position": [0.25, -0.3, 0],
					"scale": [0.89, 0.89, 0.9]
				},
				"bone": {
					"rotation": ["5+math.sin((query.anim_time)*90*1)*4", "-math.cos((query.anim_time)*90*1)*2", 0]
				}
			}
		},
		"animation.dreepy.ground_walk": {
			"loop": true,
			"bones": {
				"right_arm": {
					"rotation": [-91.6388, "45.886+math.sin(q.anim_time*90*4)*4", "71.6436+math.sin(q.anim_time*90*4)*4"],
					"position": [0, -0.3, 0.7]
				},
				"right_arm2": {
					"rotation": [3.95596, -16.7296, "30.2854+math.sin(q.anim_time*90*4)*4"],
					"position": [-0.2, 0.1, 0]
				},
				"right_hand": {
					"rotation": ["-194.9473+math.sin(q.anim_time*90*4)*4", 3.92181, -9.1026],
					"position": [0, -0.1, 0]
				},
				"left_arm": {
					"rotation": [79.8745, "-40.4314+math.sin((q.anim_time-0.5)*90*4)*4", "-63.2842+math.sin((q.anim_time-0.5)*90*4)*4"],
					"position": [0, -0.5, 0.7]
				},
				"left_arm2": {
					"rotation": [-12.93213, "-21.5817-math.sin(q.anim_time*90*4)*5", "31.9747-math.sin(q.anim_time*90*4)*5"],
					"position": [0.2, -0.1, 0]
				},
				"left_hand": {
					"rotation": ["-9.4136-math.sin(q.anim_time*90*4)*4", 9.8217, -8.5822],
					"position": [0, 0.1, 0]
				},
				"torso": {
					"rotation": ["-12.5+math.sin(q.anim_time*90*0.5)*2", 0, "-math.sin(q.anim_time*90*0.5)*1"],
					"position": ["-math.sin(q.anim_time*90*0.5)*0.5", "5-math.sin(q.anim_time*90*4)*1", "-3-math.sin(q.anim_time*90*0.1)*4"]
				},
				"tail": {
					"rotation": ["17.5+math.sin((query.anim_time-0.2)*90*4)*10", "-math.cos((query.anim_time-0.2)*90*4)*5", 0],
					"position": [0, -0.1, -0.3]
				},
				"tail2": {
					"rotation": ["11+math.sin((query.anim_time-0.4)*90*4)*15", "-math.cos((query.anim_time-0.4)*90*4)*7", 0],
					"position": [0, 0, -0.2]
				},
				"tail3": {
					"rotation": ["-9.5+math.sin((query.anim_time-0.6)*90*4)*15", "-math.cos((query.anim_time-0.6)*90*4)*7", 0],
					"position": [0, 0, -0.4]
				},
				"neck": {
					"rotation": ["22.5+math.sin(q.anim_time*90*4)*7", 0, "0-math.sin(q.anim_time*90*0.5)*1"]
				},
				"head": {
					"rotation": ["2.5-math.sin(q.anim_time*90*4)*10", 0, "-math.sin(q.anim_time*90*2)*4"],
					"scale": [1, 0.78, 1]
				},
				"eyes": {
					"scale": 1
				},
				"eyesockets": {
					"position": [0, 0, 0],
					"scale": [1, 1.5, 1]
				},
				"pupils": {
					"position": [0, 0, 0],
					"scale": [1, 0.9, 1]
				},
				"ring": {
					"position": [0.25, -0.3, 0],
					"scale": [0.89, 0.89, 0.9]
				},
				"bone": {
					"rotation": ["math.sin((query.anim_time)*90*4)*5", "-math.cos((query.anim_time)*90*4)*2", 0]
				}
			}
		},
		"animation.dreepy.blink": {
			"animation_length": 0.16667,
			"bones": {
				"eyes": {
					"scale": {
						"0.0": [1, 1, 1],
						"0.0417": [1, 0, 1],
						"0.1667": [1, 0, 1]
					}
				}
			}
		}
	}
}