{
	"format_version": "1.12.0",
	"minecraft:geometry": [
		{
			"description": {
				"identifier": "geometry.dreepy",
				"texture_width": 64,
				"texture_height": 64,
				"visible_bounds_width": 4,
				"visible_bounds_height": 2.5,
				"visible_bounds_offset": [0, 0.75, 0]
			},
			"bones": [
				{
					"name": "torso",
					"pivot": [2.1, 10, 2.9],
					"cubes": [
						{"origin": [0.6, 8.8, 0.6], "size": [3, 3, 5], "uv": [0, 7]}
					]
				},
				{
					"name": "right_arm",
					"parent": "torso",
					"pivot": [3.6, 10.3, 0.6],
					"cubes": [
						{"origin": [3.6, 9.8, 0.6], "size": [2, 1, 0], "uv": [11, 11]}
					]
				},
				{
					"name": "right_arm2",
					"parent": "right_arm",
					"pivot": [5.6, 10.3, 0.6],
					"cubes": [
						{"origin": [5.6, 9.8, 0.6], "size": [2, 1, 0], "uv": [0, 11]}
					]
				},
				{
					"name": "right_hand",
					"parent": "right_arm2",
					"pivot": [7.6, 10.3, 0.7],
					"cubes": [
						{"origin": [7.6, 6.8, -0.4], "size": [1, 4, 2], "uv": [6, 28]}
					]
				},
				{
					"name": "left_arm",
					"parent": "torso",
					"pivot": [0.6, 10.3, 0.6],
					"cubes": [
						{"origin": [-1.4, 9.8, 0.6], "size": [2, 1, 0], "uv": [0, 4]}
					]
				},
				{
					"name": "left_arm2",
					"parent": "left_arm",
					"pivot": [-1.4, 10.3, 0.6],
					"cubes": [
						{"origin": [-3.4, 9.8, 0.6], "size": [2, 1, 0], "uv": [0, 0]}
					]
				},
				{
					"name": "left_hand",
					"parent": "left_arm2",
					"pivot": [-3.4, 10.3, 0.7],
					"cubes": [
						{"origin": [-4.4, 6.8, -0.4], "size": [1, 4, 2], "uv": [0, 28]}
					]
				},
				{
					"name": "tail",
					"parent": "torso",
					"pivot": [2.1, 10, 5.5],
					"cubes": [
						{"origin": [1.1, 9.3, 5.9], "size": [2, 2, 4], "inflate": 0.3, "uv": [12, 23]}
					]
				},
				{
					"name": "ring",
					"parent": "tail",
					"pivot": [0, 12.2, 9.7],
					"cubes": [
						{"origin": [2.79, 14.6, 7.7], "size": [0, 3, 2], "pivot": [0, 12.2, 9.6], "rotation": [0, 0, 44], "uv": [40, -2]},
						{"origin": [0.6, 8.9, 8.8], "size": [3, 3, 1], "inflate": 0.1, "uv": [8, 22]},
						{"origin": [0.6, 8.9, 7.6], "size": [3, 3, 1], "inflate": 0.1, "uv": [8, 22]},
						{"origin": [0.23, 11.7, 7.7], "size": [0, 3, 2], "pivot": [0, 12.2, 9.6], "rotation": [0, 0, -44], "uv": [38, 4]},
						{"origin": [2.13, 5.8, 7.7], "size": [0, 3, 2], "uv": [42, 4]}
					]
				},
				{
					"name": "tail2",
					"parent": "tail",
					"pivot": [2, 10.1, 10],
					"cubes": [
						{"origin": [1.1, 9.3, 10.2], "size": [2, 2, 4], "inflate": 0.1, "uv": [0, 22]}
					]
				},
				{
					"name": "tail3",
					"parent": "tail2",
					"pivot": [2, 10.2, 14],
					"cubes": [
						{"origin": [1.1, 9.3, 14.1], "size": [2, 2, 4], "inflate": -0.2, "uv": [20, 8]}
					]
				},
				{
					"name": "neck",
					"parent": "torso",
					"pivot": [2.3, 10.3, 1.1],
					"cubes": [
						{"origin": [1.1, 9.2, -0.7], "size": [2, 4, 2], "pivot": [0, 12, 0], "rotation": [29, 0, 0], "uv": [24, 23]}
					]
				},
				{
					"name": "head",
					"parent": "neck",
					"pivot": [2.1, 12.1, -0.2],
					"cubes": [
						{"origin": [-0.9, 12, -3.7], "size": [5, 2, 5], "uv": [0, 0]},
						{"origin": [-0.9, 13.4, -1.68], "size": [5, 1, 5], "inflate": -0.01, "pivot": [0, 1, 0], "rotation": [9, 0, 0], "uv": [0, 0]},
						{"origin": [3.8, 13.4, -1.68], "size": [1, 1, 5], "inflate": -0.011, "pivot": [0, 1, 0], "rotation": [9, 0, 0], "uv": [0, 0]},
						{"origin": [-1.5, 12, -6.35], "size": [4, 2, 4], "inflate": 0.01, "pivot": [2, 14, -5.8], "rotation": [0, 45, 0], "uv": [0, 16]},
						{"origin": [-1.73015, 12.92207, -0.82554], "size": [2, 1, 6], "inflate": 0.0001, "pivot": [-0.2, 13, 0], "rotation": [-0.03299, -45.31301, 8.50093], "uv": [10, 9]},
						{"origin": [3.73015, 12.92207, -0.82554], "size": [2, 1, 6], "inflate": 0.0001, "pivot": [4.2, 13, 0], "rotation": [-0.03299, 45.31301, -8.50093], "uv": [14, 1]},
						{"origin": [3.8, 12, -3.7], "size": [1, 2, 5], "inflate": 0.0001, "uv": [16, 16]}
					]
				},
				{
					"name": "fins",
					"parent": "head",
					"pivot": [3, 13, 0]
				},
				{
					"name": "fin_left",
					"parent": "fins",
					"pivot": [4, 1, 0],
					"cubes": [
						{"origin": [0.5, 12.4, -1.4], "size": [0, 1, 4], "inflate": 0.0001, "pivot": [4, 1, 0], "rotation": [-22, -45, 0], "uv": [0, 11]},
						{"origin": [0.4, 12.5, 2.5], "size": [0, 1, 4], "inflate": 0.0001, "pivot": [4, 1, 0], "rotation": [-3, -45, 0], "uv": [11, 4]}
					]
				},
				{
					"name": "fin_right",
					"parent": "fins",
					"pivot": [0, 1, 0],
					"cubes": [
						{"origin": [3.5, 12.4, -1.4], "size": [0, 1, 4], "inflate": 0.0001, "pivot": [0, 1, 0], "rotation": [-22, 45, 0], "uv": [12, 12]},
						{"origin": [3.6, 12.5, 2.5], "size": [0, 1, 4], "inflate": 0.0001, "pivot": [0, 1, 0], "rotation": [-3, 45, 0], "uv": [12, 13]}
					]
				},
				{
					"name": "eyesockets",
					"parent": "head",
					"pivot": [2.8, 13.8, -1.4],
					"cubes": [
						{"origin": [-0.35, 12.5, -3.5], "size": [2, 2, 3], "pivot": [0.1, 13.8, -1.2], "rotation": [-32, 12, 0], "uv": [24, 0]},
						{"origin": [-0.35, 13.61, -3.77], "size": [2, 2, 1], "inflate": 0.0001, "pivot": [0.1, 13.8, -1.2], "rotation": [0, 12, 0], "uv": [12, 29]},
						{"origin": [2.3, 13.61, -3.97], "size": [2, 2, 1], "inflate": 0.0001, "pivot": [2.8, 13.8, -1.4], "rotation": [0, -12, 0], "uv": [28, 8]},
						{"origin": [2.3, 12.5, -3.7], "size": [2, 2, 3], "pivot": [2.8, 13.8, -1.4], "rotation": [-32, -12, 0], "uv": [23, 14]}
					]
				},
				{
					"name": "eyes",
					"parent": "eyesockets",
					"pivot": [1.9, 14.7, -3.9],
					"cubes": [
						{"origin": [-0.35, 13.51, -3.88], "size": [2, 2, 1], "inflate": -0.1, "pivot": [0.1, 13.8, -1.2], "rotation": [0, 12, 0], "uv": [18, 29]},
						{"origin": [2.3, 13.51, -4.08], "size": [2, 2, 1], "inflate": -0.1, "pivot": [2.8, 13.8, -1.4], "rotation": [0, -12, 0], "uv": [28, 19]}
					]
				},
				{
					"name": "pupils",
					"parent": "eyes",
					"pivot": [0.1, 13.8, -1.3],
					"cubes": [
						{"origin": [2.6, 14.11, -4.09], "size": [1, 1, 1], "inflate": -0.1, "pivot": [2.8, 13.8, -1.5], "rotation": [0, -12, 0], "uv": [1, 9]},
						{"origin": [0.35, 14.11, -3.89], "size": [1, 1, 1], "inflate": -0.1, "pivot": [0.1, 13.8, -1.3], "rotation": [0, 12, 0], "uv": [11, 9]}
					]
				}
			]
		}
	]
}