{
	"format_version": "1.12.0",
	"minecraft:geometry": [
		{
			"description": {
				"identifier": "geometry.drakloak",
				"texture_width": 128,
				"texture_height": 128,
				"visible_bounds_width": 7,
				"visible_bounds_height": 5.5,
				"visible_bounds_offset": [0, 2.25, 0]
			},
			"bones": [
				{
					"name": "drakloak",
					"pivot": [0, 0, 0]
				},
				{
					"name": "dreepy",
					"parent": "drakloak",
					"pivot": [0, 40, 8]
				},
				{
					"name": "torso",
					"parent": "dreepy",
					"pivot": [2.1, 40, 2.9],
					"cubes": [
						{"origin": [0.6, 38.8, 0.6], "size": [3, 3, 5], "uv": [57, 61]}
					]
				},
				{
					"name": "right_arm",
					"parent": "torso",
					"pivot": [3.6, 40.3, 0.6],
					"cubes": [
						{"origin": [3.6, 39.8, 0.6], "size": [2, 1, 0], "uv": [29, 32]}
					]
				},
				{
					"name": "right_arm2",
					"parent": "right_arm",
					"pivot": [5.6, 40.3, 0.6],
					"cubes": [
						{"origin": [5.6, 39.8, 0.6], "size": [2, 1, 0], "uv": [29, 31]}
					]
				},
				{
					"name": "right_hand",
					"parent": "right_arm2",
					"pivot": [7.6, 40.3, 0.7],
					"cubes": [
						{"origin": [7.6, 36.8, -0.4], "size": [1, 4, 2], "uv": [25, 31]}
					]
				},
				{
					"name": "left_arm",
					"parent": "torso",
					"pivot": [0.6, 40.3, 0.6],
					"cubes": [
						{"origin": [-1.4, 39.8, 0.6], "size": [2, 1, 0], "uv": [31, 7]}
					]
				},
				{
					"name": "left_arm2",
					"parent": "left_arm",
					"pivot": [-1.4, 40.3, 0.6],
					"cubes": [
						{"origin": [-3.4, 39.8, 0.6], "size": [2, 1, 0], "uv": [27, 7]}
					]
				},
				{
					"name": "left_hand",
					"parent": "left_arm2",
					"pivot": [-3.4, 40.3, 0.7],
					"cubes": [
						{"origin": [-4.4, 36.8, -0.4], "size": [1, 4, 2], "uv": [0, 29]}
					]
				},
				{
					"name": "tail",
					"parent": "torso",
					"pivot": [2.1, 40, 5.5],
					"cubes": [
						{"origin": [1.1, 39.3, 5.9], "size": [2, 2, 4], "inflate": 0.3, "uv": [0, 71]}
					]
				},
				{
					"name": "ring",
					"parent": "tail",
					"pivot": [0, 42.2, 9.7],
					"cubes": [
						{"origin": [2.79, 44.6, 7.7], "size": [0, 3, 2], "pivot": [0, 42.2, 9.6], "rotation": [0, 0, 44], "uv": [4, 44]},
						{"origin": [0.6, 38.9, 8.8], "size": [3, 3, 1], "inflate": 0.1, "uv": [0, 40]},
						{"origin": [0.6, 38.9, 7.6], "size": [3, 3, 1], "inflate": 0.1, "uv": [0, 0]},
						{"origin": [0.23, 41.7, 7.7], "size": [0, 3, 2], "pivot": [0, 42.2, 9.6], "rotation": [0, 0, -44], "uv": [0, 48]},
						{"origin": [2.13, 35.8, 7.7], "size": [0, 3, 2], "uv": [0, 44]}
					]
				},
				{
					"name": "tail2",
					"parent": "tail",
					"pivot": [2, 40.1, 10],
					"cubes": [
						{"origin": [1.1, 39.3, 10.2], "size": [2, 2, 4], "inflate": 0.1, "uv": [70, 46]}
					]
				},
				{
					"name": "tail3",
					"parent": "tail2",
					"pivot": [2, 40.2, 14],
					"cubes": [
						{"origin": [1.1, 39.3, 14.1], "size": [2, 2, 4], "inflate": -0.2, "uv": [59, 69]}
					]
				},
				{
					"name": "neck",
					"parent": "torso",
					"pivot": [2.3, 40.3, 1.1],
					"cubes": [
						{"origin": [1.1, 39.2, -0.7], "size": [2, 4, 2], "pivot": [0, 42, 0], "rotation": [29, 0, 0], "uv": [0, 18]}
					]
				},
				{
					"name": "head",
					"parent": "neck",
					"pivot": [2.1, 42.1, -0.2],
					"cubes": [
						{"origin": [-0.9, 42, -3.7], "size": [5, 2, 5], "uv": [55, 50]},
						{"origin": [-0.9, 43.4, -1.68], "size": [5, 1, 5], "inflate": -0.01, "pivot": [0, 31, 0], "rotation": [9, 0, 0], "uv": [56, 26]},
						{"origin": [3.8, 43.4, -1.68], "size": [1, 1, 5], "inflate": -0.011, "pivot": [0, 31, 0], "rotation": [9, 0, 0], "uv": [68, 64]},
						{"origin": [-1.5, 42, -6.35], "size": [4, 2, 4], "inflate": 0.01, "pivot": [2, 44, -5.8], "rotation": [0, 45, 0], "uv": [0, 65]},
						{"origin": [-1.73015, 42.92207, -0.82554], "size": [2, 1, 6], "inflate": 0.0001, "pivot": [-0.2, 43, 0], "rotation": [-0.03299, -45.31301, 8.50093], "uv": [25, 51]},
						{"origin": [3.73015, 42.92207, -0.82554], "size": [2, 1, 6], "inflate": 0.0001, "pivot": [4.2, 43, 0], "rotation": [-0.03299, 45.31301, -8.50093], "uv": [23, 62]},
						{"origin": [3.8, 42, -3.7], "size": [1, 2, 5], "inflate": 0.0001, "uv": [51, 0]}
					]
				},
				{
					"name": "fins",
					"parent": "head",
					"pivot": [3, 43, 0]
				},
				{
					"name": "fin_left",
					"parent": "fins",
					"pivot": [4, 31, 0],
					"cubes": [
						{"origin": [0.5, 42.4, -1.4], "size": [0, 1, 4], "inflate": 0.0001, "pivot": [4, 31, 0], "rotation": [-22, -45, 0], "uv": [0, 4]},
						{"origin": [0.4, 42.5, 2.5], "size": [0, 1, 4], "inflate": 0.0001, "pivot": [4, 31, 0], "rotation": [-3, -45, 0], "uv": [0, 20]}
					]
				},
				{
					"name": "fin_right",
					"parent": "fins",
					"pivot": [0, 31, 0],
					"cubes": [
						{"origin": [3.5, 42.4, -1.4], "size": [0, 1, 4], "inflate": 0.0001, "pivot": [0, 31, 0], "rotation": [-22, 45, 0], "uv": [0, 21]},
						{"origin": [3.6, 42.5, 2.5], "size": [0, 1, 4], "inflate": 0.0001, "pivot": [0, 31, 0], "rotation": [-3, 45, 0], "uv": [0, 22]}
					]
				},
				{
					"name": "eyesockets",
					"parent": "head",
					"pivot": [2.8, 43.8, -1.4],
					"cubes": [
						{"origin": [-0.35, 42.5, -3.5], "size": [2, 2, 3], "pivot": [0.1, 43.8, -1.2], "rotation": [-32, 12, 0], "uv": [71, 13]},
						{"origin": [-0.35, 43.61, -3.77], "size": [2, 2, 1], "inflate": 0.0001, "pivot": [0.1, 43.8, -1.2], "rotation": [0, 12, 0], "uv": [50, 37]},
						{"origin": [2.3, 43.61, -3.97], "size": [2, 2, 1], "inflate": 0.0001, "pivot": [2.8, 43.8, -1.4], "rotation": [0, -12, 0], "uv": [50, 31]},
						{"origin": [2.3, 42.5, -3.7], "size": [2, 2, 3], "pivot": [2.8, 43.8, -1.4], "rotation": [-32, -12, 0], "uv": [71, 0]}
					]
				},
				{
					"name": "eyes",
					"parent": "eyesockets",
					"pivot": [1.9, 44.7, -3.9],
					"cubes": [
						{"origin": [-0.35, 43.51, -3.88], "size": [2, 2, 1], "inflate": -0.1, "pivot": [0.1, 43.8, -1.2], "rotation": [0, 12, 0], "uv": [25, 51]},
						{"origin": [2.3, 43.51, -4.08], "size": [2, 2, 1], "inflate": -0.1, "pivot": [2.8, 43.8, -1.4], "rotation": [0, -12, 0], "uv": [50, 34]}
					]
				},
				{
					"name": "pupils",
					"parent": "eyes",
					"pivot": [0.1, 43.8, -1.3],
					"cubes": [
						{"origin": [2.6, 44.11, -4.09], "size": [1, 1, 1], "inflate": -0.1, "pivot": [2.8, 43.8, -1.5], "rotation": [0, -12, 0], "uv": [31, 0]},
						{"origin": [0.35, 44.11, -3.89], "size": [1, 1, 1], "inflate": -0.1, "pivot": [0.1, 43.8, -1.3], "rotation": [0, 12, 0], "uv": [31, 20]}
					]
				},
				{
					"name": "drakloak1",
					"parent": "drakloak",
					"pivot": [0, 0, 0]
				},
				{
					"name": "torso2",
					"parent": "drakloak1",
					"pivot": [0, 20, 0],
					"cubes": [
						{"origin": [-5, 11, -2], "size": [9, 9, 9], "uv": [0, 0]},
						{"origin": [-4, 20, -1], "size": [7, 8, 7], "uv": [34, 51]},
						{"origin": [-3.6, 28, 1.2], "size": [8, 0, 1], "pivot": [0, 28, 0], "rotation": [0, -45, 0], "uv": [66, 40]}
					]
				},
				{
					"name": "tail4",
					"parent": "torso2",
					"pivot": [-0.7, 13, 7],
					"cubes": [
						{"origin": [-2.7, 10.9, 6.4], "size": [4, 4, 9], "uv": [54, 13]}
					]
				},
				{
					"name": "tail5",
					"parent": "tail4",
					"pivot": [-0.7, 13, 15.7],
					"cubes": [
						{"origin": [-2.7, 10.9, 15.1], "size": [4, 4, 9], "inflate": -0.25, "uv": [54, 0]}
					]
				},
				{
					"name": "tail6",
					"parent": "tail5",
					"pivot": [-0.7, 13, 23.6],
					"cubes": [
						{"origin": [-2.7, 10.9, 23.3], "size": [4, 4, 9], "inflate": -0.5, "uv": [50, 32]}
					]
				},
				{
					"name": "tail7",
					"parent": "tail6",
					"pivot": [-0.7, 13, 31.6],
					"cubes": [
						{"origin": [-2.2, 11.4, 31.7], "size": [3, 3, 5], "inflate": -0.15, "uv": [13, 60]},
						{"origin": [-2.2, 11.4, 36], "size": [3, 3, 4], "inflate": -0.5, "uv": [35, 66]}
					]
				},
				{
					"name": "legs",
					"parent": "torso2",
					"pivot": [-0.7, 13.9, -1],
					"cubes": [
						{"origin": [-4.8, 10.5, -2.9], "size": [1, 4, 4], "pivot": [0, 12, -3], "rotation": [45, 0, 0], "uv": [22, 69]},
						{"origin": [2.8, 10.5, -2.9], "size": [1, 4, 4], "pivot": [0, 12, -3], "rotation": [45, 0, 0], "uv": [49, 66]}
					]
				},
				{
					"name": "right_arm3",
					"parent": "torso2",
					"pivot": [3, 23.4, 0.5],
					"cubes": [
						{"origin": [3, 23, -0.5], "size": [3, 1, 1], "uv": [25, 45]}
					]
				},
				{
					"name": "right_arm4",
					"parent": "right_arm3",
					"pivot": [6, 23.4, 0.5],
					"cubes": [
						{"origin": [6, 23, -0.5], "size": [3, 1, 1], "uv": [0, 44]}
					]
				},
				{
					"name": "right_arm5",
					"parent": "right_arm4",
					"pivot": [9, 23.4, 0.5],
					"cubes": [
						{"origin": [9, 19.5, -1], "size": [1, 5, 2], "uv": [27, 20]}
					]
				},
				{
					"name": "left_arm3",
					"parent": "torso2",
					"pivot": [-3, 23.4, 0.5],
					"cubes": [
						{"origin": [-6, 23, -0.5], "size": [3, 1, 1], "uv": [25, 43]}
					]
				},
				{
					"name": "left_arm4",
					"parent": "left_arm3",
					"pivot": [-6, 23.4, 0.5],
					"cubes": [
						{"origin": [-9, 23, -0.5], "size": [3, 1, 1], "uv": [25, 41]}
					]
				},
				{
					"name": "left_arm5",
					"parent": "left_arm4",
					"pivot": [-9, 23.4, 0.5],
					"cubes": [
						{"origin": [-10, 19.5, -1], "size": [1, 5, 2], "uv": [27, 0]}
					]
				},
				{
					"name": "head2",
					"parent": "torso2",
					"pivot": [0, 28, 1],
					"cubes": [
						{"origin": [-1.4, 29, 4.9], "size": [3, 2, 1], "inflate": -0.001, "uv": [0, 35]},
						{"origin": [-5.8, 28.9, -0.37], "size": [3, 1, 4], "inflate": 0.01, "pivot": [0, 28, -2], "rotation": [14.87201, 44.18953, 10.4715], "uv": [12, 68]},
						{"origin": [-5.8, 29.9, -5.37], "size": [9, 2, 9], "inflate": 0.01, "pivot": [0, 28, -2], "rotation": [14.87201, 44.18953, 10.4715], "uv": [0, 18]},
						{"origin": [-5.4, 29, -5.8], "size": [9, 2, 9], "inflate": 0.001, "pivot": [0, 28, -2], "rotation": [0, 45, 0], "uv": [27, 9]},
						{"origin": [-4.4, 28, 1.2], "size": [8, 1, 1], "pivot": [0, 28, -2], "rotation": [0, 45, 0], "uv": [67, 34]},
						{"origin": [-4.4, 28, 2.2], "size": [8, 1, 1], "pivot": [0, 28, -2], "rotation": [0, 45, 0], "uv": [67, 38]},
						{"origin": [-4.4, 28, 0.2], "size": [8, 1, 1], "pivot": [0, 28, -2], "rotation": [0, 45, 0], "uv": [67, 32]},
						{"origin": [-3.6, 28, 2.2], "size": [8, 1, 1], "pivot": [0, 28, -2], "rotation": [0, -45, 0], "uv": [67, 36]},
						{"origin": [-3.8, 28, 2.2], "size": [0.2, 1, 1], "pivot": [0, 28, -2], "rotation": [0, -45, 0], "uv": [29, 12]},
						{"origin": [-3.6, 28, 1.2], "size": [8, 1, 1], "pivot": [0, 28, -2], "rotation": [0, -45, 0], "uv": [62, 59]},
						{"origin": [-5.2, 28, 2.2], "size": [1, 1, 1], "inflate": -0.001, "pivot": [0, 28, -2], "rotation": [0, 45, 0], "uv": [4, 29]}
					]
				},
				{
					"name": "eyes2",
					"parent": "head2",
					"pivot": [0, 29.8, -7],
					"cubes": [
						{"origin": [3.7, 29.3, -3.1], "size": [0, 2, 4], "pivot": [-0.1, 28, -2], "rotation": [12.43804, 46.95471, 0.60908], "uv": [0, 2]},
						{"origin": [3.69, 29.3, 0.5], "size": [0, 1.6, 1], "pivot": [-0.1, 28, -2], "rotation": [12.43804, 46.95471, 0.60908], "uv": [0, 18]},
						{"origin": [3.71, 29.35, -2.3], "size": [0, 0.9, 0.6], "pivot": [-0.1, 28, -2], "rotation": [12.43804, 46.95471, 0.60908], "uv": [87, 48]},
						{"origin": [-3.9, 29.2, -3.2], "size": [0, 2, 4], "pivot": [0.1, 28, -2], "rotation": [12.21335, -45.97776, -0.29917], "uv": [0, 0]},
						{"origin": [-3.91, 29.25, -2.4], "size": [0, 0.9, 0.6], "pivot": [0.1, 28, -2], "rotation": [12.21335, -45.97776, -0.29917], "uv": [87, 48]},
						{"origin": [-3.89, 29.3, 0.4], "size": [0, 1.6, 1], "pivot": [0.1, 28, -2], "rotation": [12.21335, -45.97776, -0.29917], "uv": [6, 17]}
					]
				},
				{
					"name": "jaw",
					"parent": "head2",
					"pivot": [0, 29.6, 0.5],
					"cubes": [
						{"origin": [-4.4, 28, -5.8], "size": [8, 1, 8], "inflate": -0.001, "pivot": [0, 28, -2], "rotation": [0, 45, 0], "uv": [27, 0]}
					]
				},
				{
					"name": "bone",
					"parent": "head2",
					"pivot": [-1.5, 28, -1.8],
					"cubes": [
						{"origin": [1.6, 29, -4.1], "size": [8, 2, 9], "pivot": [-1.5, 28, -1.8], "rotation": [0, -14.5, 0], "uv": [0, 29]},
						{"origin": [9.5, 30, -4.1], "size": [8, 1, 9], "inflate": 0.001, "pivot": [-1.5, 28, -1.8], "rotation": [0, -14.5, 0], "uv": [0, 50]},
						{"origin": [9.6, 28.03, -4.1], "size": [8, 1, 9], "pivot": [-1.5, 28, -1.8], "rotation": [1.29123, -14.44362, -5.16363], "uv": [25, 41]},
						{"origin": [8.6, 31, -4.1], "size": [0, 5, 9], "pivot": [-1.5, 28, -1.8], "rotation": [0, -14.5, 0], "uv": [0, 51]}
					]
				},
				{
					"name": "bone2",
					"parent": "head2",
					"pivot": [1.5, 28, -1.8],
					"cubes": [
						{"origin": [-9.6, 29, -4], "size": [8, 2, 9], "pivot": [1.5, 28, -1.7], "rotation": [0, 14.5, 0], "uv": [27, 20]},
						{"origin": [-17.5, 30, -4], "size": [8, 1, 9], "inflate": 0.001, "pivot": [1.5, 28, -1.7], "rotation": [0, 14.5, 0], "uv": [0, 40]},
						{"origin": [-17.6, 28.03, -4], "size": [8, 1, 9], "pivot": [1.5, 28, -1.7], "rotation": [1.29123, 14.44362, 5.16363], "uv": [25, 31]},
						{"origin": [-8.6, 31, -4.1], "size": [0, 5, 9], "pivot": [1.5, 28, -1.8], "rotation": [0, 14.5, 0], "uv": [50, 36]}
					]
				}
			]
		}
	]
}