{
	"format_version": "1.12.0",
	"minecraft:geometry": [
		{
			"description": {
				"identifier": "geometry.tympole",
				"texture_width": 64,
				"texture_height": 64,
				"visible_bounds_width": 4,
				"visible_bounds_height": 1.5,
				"visible_bounds_offset": [0, 0.25, 0]
			},
			"bones": [
				{
					"name": "tympole",
					"pivot": [0, 0, 0]
				},
				{
					"name": "body",
					"parent": "tympole",
					"pivot": [0, 0, 0],
					"cubes": [
						{"origin": [-3.5, 0.7, -1.25], "size": [7, 6, 6], "inflate": 0.1067, "uv": [25, 21]},
						{"origin": [-3.5, 6.7, -1.25], "size": [7, 0.5, 6], "inflate": 0.1, "uv": [26, 26]},
						{"origin": [-5.8, 1.9, -0.05], "size": [6, 5, 5], "uv": [18, 34]},
						{"origin": [-5.1, 1.9, -0.05], "size": [6, 5, 5], "inflate": 0.1, "uv": [24, 0]},
						{"origin": [-0.9, 1.9, -0.05], "size": [6, 5, 5], "inflate": 0.1, "uv": [0, 40]},
						{"origin": [-0.2, 1.9, -0.05], "size": [6, 5, 5], "uv": [0, 27]},
						{"origin": [-4, 0, -1], "size": [8, 7, 7], "uv": [0, 12]},
						{"origin": [-4, 7, -1], "size": [8, 1, 7], "uv": [0, 12]}
					]
				},
				{
					"name": "left_eyebrow",
					"parent": "body",
					"pivot": [-2.3, 5.6, -1.35],
					"rotation": [0, 0, -17.5],
					"cubes": [
						{"origin": [-3.82739, 4.07352, -1.38], "size": [0.7, 1.1, 0], "pivot": [-3.12739, 5.97352, -1.35], "rotation": [0, 0, -90], "uv": [0, 6], "mirror": true},
						{"origin": [-3.82739, 4.67352, -1.38], "size": [0.4, 1.3, 0], "pivot": [-3.12739, 5.97352, -1.35], "rotation": [0, 0, -90], "uv": [0, 6], "mirror": true},
						{"origin": [-3.41, 3.5, -1.37], "size": [0.7, 0.9, 0], "pivot": [-3.12739, 5.97352, -1.35], "rotation": [0, 0, -90], "uv": [0, 7], "mirror": true},
						{"origin": [-4.82739, 4.17352, -1.37], "size": [0.4, 0.7, 0], "pivot": [-3.12739, 5.97352, -1.35], "rotation": [0, 0, -127], "uv": [0, 7], "mirror": true}
					]
				},
				{
					"name": "right_eyebrow",
					"parent": "body",
					"pivot": [2.3, 5.6, -1.35],
					"rotation": [0, 0, 17.5],
					"cubes": [
						{"origin": [2.71, 3.5, -1.37], "size": [0.7, 0.9, 0], "pivot": [3.12739, 5.97352, -1.35], "rotation": [0, 0, 90], "uv": [0, 7]},
						{"origin": [4.42739, 4.17352, -1.37], "size": [0.4, 0.7, 0], "pivot": [3.12739, 5.97352, -1.35], "rotation": [0, 0, 127], "uv": [0, 7]},
						{"origin": [3.12739, 4.07352, -1.38], "size": [0.7, 1.1, 0], "pivot": [3.12739, 5.97352, -1.35], "rotation": [0, 0, 90], "uv": [0, 6]},
						{"origin": [3.42739, 4.67352, -1.38], "size": [0.4, 1.3, 0], "pivot": [3.12739, 5.97352, -1.35], "rotation": [0, 0, 90], "uv": [0, 6]}
					]
				},
				{
					"name": "tail",
					"parent": "body",
					"pivot": [-0.5, 3.6, 6],
					"cubes": [
						{"origin": [-4, 3.5, 6], "size": [7, 0, 11], "uv": [-1, 0]},
						{"origin": [-3, 2.6, 6], "size": [7, 0, 11], "pivot": [0, 3, 11], "rotation": [0, 0, -180], "uv": [-1, 0]},
						{"origin": [-1.4, 3.45, 15.6], "size": [2, 0, 1], "uv": [49, 11]},
						{"origin": [-3.6, 3.45, 11.3], "size": [1, 0, 3], "uv": [55, 23]},
						{"origin": [-2.6, 3.45, 12.5], "size": [1, 0, 3], "uv": [55, 23]},
						{"origin": [0.5, 3.45, 12.5], "size": [1, 0, 3], "uv": [55, 23]},
						{"origin": [-3.4, 3.45, 7.8], "size": [1, 0, 3], "uv": [55, 23]},
						{"origin": [-2.6, 3.45, 6.5], "size": [1, 0, 3], "uv": [55, 23]},
						{"origin": [0.6, 3.45, 6.5], "size": [1, 0, 3], "uv": [55, 23]},
						{"origin": [1.4, 3.45, 7.8], "size": [1, 0, 3], "uv": [55, 23]},
						{"origin": [1.6, 3.45, 11.3], "size": [1, 0, 3], "uv": [55, 23]}
					]
				},
				{
					"name": "mouth",
					"parent": "body",
					"pivot": [-0.1, 2.2, -1.35],
					"cubes": [
						{"origin": [4.2, -0.5, -1.38], "size": [0.5, 5, 0], "pivot": [2.2, 4.2, -1.35], "rotation": [0, 0, 90], "uv": [1, 0], "mirror": true},
						{"origin": [3.8, 0.2, -1.38], "size": [0.5, 0.5, 0], "pivot": [2.2, 4.2, -1.35], "rotation": [0, 0, 90], "uv": [6, 1], "mirror": true},
						{"origin": [-4.3, 0.2, -1.38], "size": [0.5, 0.5, 0], "pivot": [-2.2, 4.2, -1.35], "rotation": [0, 0, -90], "uv": [6, 1]}
					]
				},
				{
					"name": "mouth_open",
					"parent": "body",
					"pivot": [-0.1, 1.9, -0.35],
					"cubes": [
						{"origin": [1.7, -0.8, -0.38], "size": [3, 5, 0], "pivot": [2.2, 3.9, -0.35], "rotation": [0, 0, 90], "uv": [55, 38], "mirror": true}
					]
				},
				{
					"name": "eyes",
					"parent": "body",
					"pivot": [0, 4, -1.5],
					"cubes": [
						{"origin": [-2.7, 2.9, -1.38], "size": [1, 2, 0], "uv": [6, 3]},
						{"origin": [-2.6, 3.2, -1.39], "size": [0.85, 1.6, 0], "uv": [50, 59]},
						{"origin": [1.7, 2.9, -1.38], "size": [1, 2, 0], "uv": [6, 0]},
						{"origin": [1.8, 4.1, -1.4], "size": [0.5, 0.6, 0], "uv": [61, 61]},
						{"origin": [-2.3, 4.1, -1.4], "size": [0.5, 0.6, 0], "uv": [61, 61], "mirror": true},
						{"origin": [1.75, 3.2, -1.39], "size": [0.85, 1.6, 0], "uv": [50, 59], "mirror": true}
					]
				}
			]
		}
	]
}