{
   "portraitScale":1.5,
   "portraitTranslation":[0,0,0],
   "profileScale":1,
   "profileTranslation":[0.05,0.4,0],
   "cry": "bedrock(megametagross, cry)",
   "poses":{
      "standing":{
         "poseName":"standing",
         "transformTicks":10,
         "poseTypes":[
            "STAND",
            "NONE",
            "HOVER",
            "PORTRAIT",
            "PROFILE"
         ],
         "animations":[
            "bedrock(megametagross, ground_idle)"
         ]
      },
      "walking":{
         "poseName":"walk",
         "transformTicks":10,
         "poseTypes":[
            "WALK",
            "FLY"
         ],
         "animations":[
            "bedrock(megametagross, ground_walk)"
         ]
      },
      "sleep":{
         "poseName": "sleep",
          "transformTicks": 10,
          "poseTypes": ["SLEEP"],
         "isBattle": false,
          "isTouchingWater": false,
          "animations": ["bedrock(megametagross, sleep, true)"]
       }
   }
}
