{
	"format_version": "1.12.0",
	"minecraft:geometry": [
		{
			"description": {
				"identifier": "geometry.dragapult",
				"texture_width": 128,
				"texture_height": 128,
				"visible_bounds_width": 6,
				"visible_bounds_height": 6.5,
				"visible_bounds_offset": [0, 2.75, 0]
			},
			"bones": [
				{
					"name": "dragapult",
					"pivot": [0, 0, 0]
				},
				{
					"name": "dreepy2",
					"parent": "dragapult",
					"pivot": [0, 40, 8]
				},
				{
					"name": "torso3",
					"parent": "dreepy2",
					"pivot": [2.1, 40, 2.9],
					"cubes": [
						{"origin": [0.6, 38.8, 0.6], "size": [3, 3, 5], "uv": [0, 9]}
					]
				},
				{
					"name": "right_arm6",
					"parent": "torso3",
					"pivot": [3.6, 40.3, 0.6],
					"cubes": [
						{"origin": [3.6, 39.8, 0.6], "size": [2, 1, 0], "uv": [27, 39]}
					]
				},
				{
					"name": "right_arm7",
					"parent": "right_arm6",
					"pivot": [5.6, 40.3, 0.6],
					"cubes": [
						{"origin": [5.6, 39.8, 0.6], "size": [2, 1, 0], "uv": [5, 37]}
					]
				},
				{
					"name": "right_hand2",
					"parent": "right_arm7",
					"pivot": [7.6, 40.3, 0.7],
					"cubes": [
						{"origin": [7.6, 36.8, -0.4], "size": [1, 4, 2], "uv": [12, 0]}
					]
				},
				{
					"name": "left_arm6",
					"parent": "torso3",
					"pivot": [0.6, 40.3, 0.6],
					"cubes": [
						{"origin": [-1.4, 39.8, 0.6], "size": [2, 1, 0], "uv": [27, 34]}
					]
				},
				{
					"name": "left_arm7",
					"parent": "left_arm6",
					"pivot": [-1.4, 40.3, 0.6],
					"cubes": [
						{"origin": [-3.4, 39.8, 0.6], "size": [2, 1, 0], "uv": [0, 18]}
					]
				},
				{
					"name": "left_hand2",
					"parent": "left_arm7",
					"pivot": [-3.4, 40.3, 0.7],
					"cubes": [
						{"origin": [-4.4, 36.8, -0.4], "size": [1, 4, 2], "uv": [0, 0]}
					]
				},
				{
					"name": "tail10",
					"parent": "torso3",
					"pivot": [2.1, 40, 5.5],
					"cubes": [
						{"origin": [1.1, 39.3, 5.9], "size": [2, 2, 4], "inflate": 0.3, "uv": [20, 76]}
					]
				},
				{
					"name": "ring2",
					"parent": "tail10",
					"pivot": [0, 42.2, 9.7],
					"cubes": [
						{"origin": [2.79, 44.6, 7.7], "size": [0, 3, 2], "pivot": [0, 42.2, 9.6], "rotation": [0, 0, 44], "uv": [17, 47]},
						{"origin": [0.6, 38.9, 8.8], "size": [3, 3, 1], "inflate": 0.1, "uv": [44, 43]},
						{"origin": [0.6, 38.9, 7.6], "size": [3, 3, 1], "inflate": 0.1, "uv": [41, 15]},
						{"origin": [0.23, 41.7, 7.7], "size": [0, 3, 2], "pivot": [0, 42.2, 9.6], "rotation": [0, 0, -44], "uv": [27, 29]},
						{"origin": [2.13, 35.8, 7.7], "size": [0, 3, 2], "uv": [0, 7]}
					]
				},
				{
					"name": "tail11",
					"parent": "tail10",
					"pivot": [2, 40.1, 10],
					"cubes": [
						{"origin": [1.1, 39.3, 10.2], "size": [2, 2, 4], "inflate": 0.1, "uv": [38, 75]}
					]
				},
				{
					"name": "tail12",
					"parent": "tail11",
					"pivot": [2, 40.2, 14],
					"cubes": [
						{"origin": [1.1, 39.3, 14.1], "size": [2, 2, 4], "inflate": -0.2, "uv": [8, 75]}
					]
				},
				{
					"name": "neck2",
					"parent": "torso3",
					"pivot": [2.3, 40.3, 1.1],
					"cubes": [
						{"origin": [1.1, 39.2, -0.7], "size": [2, 4, 2], "pivot": [0, 42, 0], "rotation": [29, 0, 0], "uv": [0, 31]}
					]
				},
				{
					"name": "head3",
					"parent": "neck2",
					"pivot": [2.1, 42.1, -0.2],
					"cubes": [
						{"origin": [-0.9, 42, -3.7], "size": [5, 2, 5], "uv": [64, 59]},
						{"origin": [-0.9, 43.4, -1.68], "size": [5, 1, 5], "inflate": -0.01, "pivot": [0, 31, 0], "rotation": [9, 0, 0], "uv": [68, 16]},
						{"origin": [3.8, 43.4, -1.68], "size": [1, 1, 5], "inflate": -0.011, "pivot": [0, 31, 0], "rotation": [9, 0, 0], "uv": [0, 73]},
						{"origin": [-1.5, 42, -6.35], "size": [4, 2, 4], "inflate": 0.01, "pivot": [2, 44, -5.8], "rotation": [0, 45, 0], "uv": [71, 51]},
						{"origin": [-1.73015, 42.92207, -0.82554], "size": [2, 1, 6], "inflate": 0.0001, "pivot": [-0.2, 43, 0], "rotation": [-0.03299, -45.31301, 8.50093], "uv": [26, 69]},
						{"origin": [3.73015, 42.92207, -0.82554], "size": [2, 1, 6], "inflate": 0.0001, "pivot": [4.2, 43, 0], "rotation": [-0.03299, 45.31301, -8.50093], "uv": [16, 68]},
						{"origin": [3.8, 42, -3.7], "size": [1, 2, 5], "inflate": 0.0001, "uv": [69, 72]}
					]
				},
				{
					"name": "fins2",
					"parent": "head3",
					"pivot": [3, 43, 0]
				},
				{
					"name": "fin_left2",
					"parent": "fins2",
					"pivot": [4, 31, 0],
					"cubes": [
						{"origin": [0.5, 42.4, -1.4], "size": [0, 1, 4], "inflate": 0.0001, "pivot": [4, 31, 0], "rotation": [-22, -45, 0], "uv": [0, 13]},
						{"origin": [0.4, 42.5, 2.5], "size": [0, 1, 4], "inflate": 0.0001, "pivot": [4, 31, 0], "rotation": [-3, -45, 0], "uv": [11, 9]}
					]
				},
				{
					"name": "fin_right2",
					"parent": "fins2",
					"pivot": [0, 31, 0],
					"cubes": [
						{"origin": [3.5, 42.4, -1.4], "size": [0, 1, 4], "inflate": 0.0001, "pivot": [0, 31, 0], "rotation": [-22, 45, 0], "uv": [11, 8]},
						{"origin": [3.6, 42.5, 2.5], "size": [0, 1, 4], "inflate": 0.0001, "pivot": [0, 31, 0], "rotation": [-3, 45, 0], "uv": [11, 7]}
					]
				},
				{
					"name": "eyesockets2",
					"parent": "head3",
					"pivot": [2.8, 43.8, -1.4],
					"cubes": [
						{"origin": [-0.35, 42.5, -3.5], "size": [2, 2, 3], "pivot": [0.1, 43.8, -1.2], "rotation": [-32, 12, 0], "uv": [0, 25]},
						{"origin": [-0.35, 43.61, -3.77], "size": [2, 2, 1], "inflate": 0.0001, "pivot": [0.1, 43.8, -1.2], "rotation": [0, 12, 0], "uv": [49, 15]},
						{"origin": [2.3, 43.61, -3.97], "size": [2, 2, 1], "inflate": 0.0001, "pivot": [2.8, 43.8, -1.4], "rotation": [0, -12, 0], "uv": [0, 49]},
						{"origin": [2.3, 42.5, -3.7], "size": [2, 2, 3], "pivot": [2.8, 43.8, -1.4], "rotation": [-32, -12, 0], "uv": [0, 20]}
					]
				},
				{
					"name": "eyes3",
					"parent": "eyesockets2",
					"pivot": [1.9, 44.7, -3.9],
					"cubes": [
						{"origin": [-0.35, 43.51, -3.88], "size": [2, 2, 1], "inflate": -0.1, "pivot": [0.1, 43.8, -1.2], "rotation": [0, 12, 0], "uv": [39, 31]},
						{"origin": [2.3, 43.51, -4.08], "size": [2, 2, 1], "inflate": -0.1, "pivot": [2.8, 43.8, -1.4], "rotation": [0, -12, 0], "uv": [0, 37]}
					]
				},
				{
					"name": "pupils2",
					"parent": "eyes3",
					"pivot": [0.1, 43.8, -1.3],
					"cubes": [
						{"origin": [2.6, 44.11, -4.09], "size": [1, 1, 1], "inflate": -0.1, "pivot": [2.8, 43.8, -1.5], "rotation": [0, -12, 0], "uv": [36, 39]},
						{"origin": [0.35, 44.11, -3.89], "size": [1, 1, 1], "inflate": -0.1, "pivot": [0.1, 43.8, -1.3], "rotation": [0, 12, 0], "uv": [0, 12]}
					]
				},
				{
					"name": "dreepy1",
					"parent": "dragapult",
					"pivot": [0, 40, 8]
				},
				{
					"name": "torso4",
					"parent": "dreepy1",
					"pivot": [2.1, 40, 2.9],
					"cubes": [
						{"origin": [0.6, 38.8, 0.6], "size": [3, 3, 5], "uv": [0, 9]}
					]
				},
				{
					"name": "right_arm2",
					"parent": "torso4",
					"pivot": [3.6, 40.3, 0.6],
					"cubes": [
						{"origin": [3.6, 39.8, 0.6], "size": [2, 1, 0], "uv": [27, 39]}
					]
				},
				{
					"name": "right_arm8",
					"parent": "right_arm2",
					"pivot": [5.6, 40.3, 0.6],
					"cubes": [
						{"origin": [5.6, 39.8, 0.6], "size": [2, 1, 0], "uv": [5, 37]}
					]
				},
				{
					"name": "right_hand3",
					"parent": "right_arm8",
					"pivot": [7.6, 40.3, 0.7],
					"cubes": [
						{"origin": [7.6, 36.8, -0.4], "size": [1, 4, 2], "uv": [12, 0]}
					]
				},
				{
					"name": "left_arm2",
					"parent": "torso4",
					"pivot": [0.6, 40.3, 0.6],
					"cubes": [
						{"origin": [-1.4, 39.8, 0.6], "size": [2, 1, 0], "uv": [27, 34]}
					]
				},
				{
					"name": "left_arm8",
					"parent": "left_arm2",
					"pivot": [-1.4, 40.3, 0.6],
					"cubes": [
						{"origin": [-3.4, 39.8, 0.6], "size": [2, 1, 0], "uv": [0, 18]}
					]
				},
				{
					"name": "left_hand3",
					"parent": "left_arm8",
					"pivot": [-3.4, 40.3, 0.7],
					"cubes": [
						{"origin": [-4.4, 36.8, -0.4], "size": [1, 4, 2], "uv": [0, 0]}
					]
				},
				{
					"name": "tail2",
					"parent": "torso4",
					"pivot": [2.1, 40, 5.5],
					"cubes": [
						{"origin": [1.1, 39.3, 5.9], "size": [2, 2, 4], "inflate": 0.3, "uv": [20, 76]}
					]
				},
				{
					"name": "ring3",
					"parent": "tail2",
					"pivot": [0, 42.2, 9.7],
					"cubes": [
						{"origin": [2.79, 44.6, 7.7], "size": [0, 3, 2], "pivot": [0, 42.2, 9.6], "rotation": [0, 0, 44], "uv": [17, 47]},
						{"origin": [0.6, 38.9, 8.8], "size": [3, 3, 1], "inflate": 0.1, "uv": [44, 43]},
						{"origin": [0.6, 38.9, 7.6], "size": [3, 3, 1], "inflate": 0.1, "uv": [41, 15]},
						{"origin": [0.23, 41.7, 7.7], "size": [0, 3, 2], "pivot": [0, 42.2, 9.6], "rotation": [0, 0, -44], "uv": [27, 29]},
						{"origin": [2.13, 35.8, 7.7], "size": [0, 3, 2], "uv": [0, 7]}
					]
				},
				{
					"name": "tail3",
					"parent": "tail2",
					"pivot": [2, 40.1, 10],
					"cubes": [
						{"origin": [1.1, 39.3, 10.2], "size": [2, 2, 4], "inflate": 0.1, "uv": [38, 75]}
					]
				},
				{
					"name": "tail13",
					"parent": "tail3",
					"pivot": [2, 40.2, 14],
					"cubes": [
						{"origin": [1.1, 39.3, 14.1], "size": [2, 2, 4], "inflate": -0.2, "uv": [8, 75]}
					]
				},
				{
					"name": "neck3",
					"parent": "torso4",
					"pivot": [2.3, 40.3, 1.1],
					"cubes": [
						{"origin": [1.1, 39.2, -0.7], "size": [2, 4, 2], "pivot": [0, 42, 0], "rotation": [29, 0, 0], "uv": [0, 31]}
					]
				},
				{
					"name": "head4",
					"parent": "neck3",
					"pivot": [2.1, 42.1, -0.2],
					"cubes": [
						{"origin": [-0.9, 42, -3.7], "size": [5, 2, 5], "uv": [64, 59]},
						{"origin": [-0.9, 43.4, -1.68], "size": [5, 1, 5], "inflate": -0.01, "pivot": [0, 31, 0], "rotation": [9, 0, 0], "uv": [68, 16]},
						{"origin": [3.8, 43.4, -1.68], "size": [1, 1, 5], "inflate": -0.011, "pivot": [0, 31, 0], "rotation": [9, 0, 0], "uv": [0, 73]},
						{"origin": [-1.5, 42, -6.35], "size": [4, 2, 4], "inflate": 0.01, "pivot": [2, 44, -5.8], "rotation": [0, 45, 0], "uv": [71, 51]},
						{"origin": [-1.73015, 42.92207, -0.82554], "size": [2, 1, 6], "inflate": 0.0001, "pivot": [-0.2, 43, 0], "rotation": [-0.03299, -45.31301, 8.50093], "uv": [26, 69]},
						{"origin": [3.73015, 42.92207, -0.82554], "size": [2, 1, 6], "inflate": 0.0001, "pivot": [4.2, 43, 0], "rotation": [-0.03299, 45.31301, -8.50093], "uv": [16, 68]},
						{"origin": [3.8, 42, -3.7], "size": [1, 2, 5], "inflate": 0.0001, "uv": [69, 72]}
					]
				},
				{
					"name": "fins3",
					"parent": "head4",
					"pivot": [3, 43, 0]
				},
				{
					"name": "fin_left3",
					"parent": "fins3",
					"pivot": [4, 31, 0],
					"cubes": [
						{"origin": [0.5, 42.4, -1.4], "size": [0, 1, 4], "inflate": 0.0001, "pivot": [4, 31, 0], "rotation": [-22, -45, 0], "uv": [0, 13]},
						{"origin": [0.4, 42.5, 2.5], "size": [0, 1, 4], "inflate": 0.0001, "pivot": [4, 31, 0], "rotation": [-3, -45, 0], "uv": [11, 9]}
					]
				},
				{
					"name": "fin_right3",
					"parent": "fins3",
					"pivot": [0, 31, 0],
					"cubes": [
						{"origin": [3.5, 42.4, -1.4], "size": [0, 1, 4], "inflate": 0.0001, "pivot": [0, 31, 0], "rotation": [-22, 45, 0], "uv": [11, 8]},
						{"origin": [3.6, 42.5, 2.5], "size": [0, 1, 4], "inflate": 0.0001, "pivot": [0, 31, 0], "rotation": [-3, 45, 0], "uv": [11, 7]}
					]
				},
				{
					"name": "eyesockets3",
					"parent": "head4",
					"pivot": [2.8, 43.8, -1.4],
					"cubes": [
						{"origin": [-0.35, 42.5, -3.5], "size": [2, 2, 3], "pivot": [0.1, 43.8, -1.2], "rotation": [-32, 12, 0], "uv": [0, 25]},
						{"origin": [-0.35, 43.61, -3.77], "size": [2, 2, 1], "inflate": 0.0001, "pivot": [0.1, 43.8, -1.2], "rotation": [0, 12, 0], "uv": [49, 15]},
						{"origin": [2.3, 43.61, -3.97], "size": [2, 2, 1], "inflate": 0.0001, "pivot": [2.8, 43.8, -1.4], "rotation": [0, -12, 0], "uv": [0, 49]},
						{"origin": [2.3, 42.5, -3.7], "size": [2, 2, 3], "pivot": [2.8, 43.8, -1.4], "rotation": [-32, -12, 0], "uv": [0, 20]}
					]
				},
				{
					"name": "eyes4",
					"parent": "eyesockets3",
					"pivot": [1.9, 44.7, -3.9],
					"cubes": [
						{"origin": [-0.35, 43.51, -3.88], "size": [2, 2, 1], "inflate": -0.1, "pivot": [0.1, 43.8, -1.2], "rotation": [0, 12, 0], "uv": [39, 31]},
						{"origin": [2.3, 43.51, -4.08], "size": [2, 2, 1], "inflate": -0.1, "pivot": [2.8, 43.8, -1.4], "rotation": [0, -12, 0], "uv": [0, 37]}
					]
				},
				{
					"name": "pupils3",
					"parent": "eyes4",
					"pivot": [0.1, 43.8, -1.3],
					"cubes": [
						{"origin": [2.6, 44.11, -4.09], "size": [1, 1, 1], "inflate": -0.1, "pivot": [2.8, 43.8, -1.5], "rotation": [0, -12, 0], "uv": [36, 39]},
						{"origin": [0.35, 44.11, -3.89], "size": [1, 1, 1], "inflate": -0.1, "pivot": [0.1, 43.8, -1.3], "rotation": [0, 12, 0], "uv": [0, 12]}
					]
				},
				{
					"name": "dragapult2",
					"parent": "dragapult",
					"pivot": [0, 0, 0]
				},
				{
					"name": "torso2",
					"parent": "dragapult2",
					"pivot": [0, 20, 0],
					"cubes": [
						{"origin": [-5, 11, -2], "size": [9, 9, 9], "uv": [0, 31]},
						{"origin": [-4, 20, -1], "size": [7, 8, 7], "uv": [41, 0]},
						{"origin": [-4, 27.8, -1], "size": [7, 1, 7], "inflate": -0.1, "uv": [62, 43]},
						{"origin": [-2.5, 10.4, -2.4], "size": [4, 4, 9], "uv": [45, 46]}
					]
				},
				{
					"name": "left_leg",
					"parent": "torso2",
					"pivot": [-3.6, 13.4, -1.1],
					"cubes": [
						{"origin": [-6, 10.8, -4], "size": [4, 4, 4], "uv": [27, 31]}
					]
				},
				{
					"name": "left_leg2",
					"parent": "left_leg",
					"pivot": [-4.1, 13, -3.5],
					"cubes": [
						{"origin": [-5.5, 11.3, -8.1], "size": [3, 3, 6], "inflate": -0.3, "uv": [0, 0]}
					]
				},
				{
					"name": "left_foot",
					"parent": "left_leg2",
					"pivot": [-3.7, 12.2, -7.3],
					"cubes": [
						{"origin": [-5.5, 11.3, -8.8], "size": [3, 3, 1], "inflate": 0.01, "uv": [44, 47]},
						{"origin": [-5.5, 13.3, -10.1], "size": [3, 3, 0], "inflate": 0.01, "pivot": [0, -1.2, 0], "rotation": [-5, 0, 0], "uv": [21, 49]},
						{"origin": [6.6, 13, -8.5], "size": [1, 2, 0], "inflate": 0.01, "pivot": [0, -1.2, 0], "rotation": [0, 2.12605, -44.9453], "uv": [0, 0]}
					]
				},
				{
					"name": "tail8",
					"parent": "torso2",
					"pivot": [-0.5, 12.5, -1.8],
					"cubes": [
						{"origin": [-2.5, 10.4, -2.4], "size": [4, 4, 9], "uv": [45, 46]}
					]
				},
				{
					"name": "tail4",
					"parent": "tail8",
					"pivot": [-0.5, 12.5, 7.2],
					"cubes": [
						{"origin": [-2.5, 10.4, 6.6], "size": [4, 4, 9], "uv": [17, 55]}
					]
				},
				{
					"name": "tail5",
					"parent": "tail4",
					"pivot": [-0.5, 12.5, 15.9],
					"cubes": [
						{"origin": [-2.5, 10.4, 15.3], "size": [4, 4, 9], "inflate": -0.25, "uv": [51, 15]}
					]
				},
				{
					"name": "tail6",
					"parent": "tail5",
					"pivot": [-0.5, 12.5, 23.8],
					"cubes": [
						{"origin": [-2.5, 10.4, 23.5], "size": [4, 4, 9], "inflate": -0.5, "uv": [0, 49]}
					]
				},
				{
					"name": "tail7",
					"parent": "tail6",
					"pivot": [-0.5, 12.5, 31.7],
					"cubes": [
						{"origin": [-2, 10.9, 31.8], "size": [3, 3, 5], "inflate": -0.15, "uv": [34, 55]}
					]
				},
				{
					"name": "tail9",
					"parent": "tail7",
					"pivot": [-0.5, 12.2, 36.7],
					"cubes": [
						{"origin": [-2, 10.9, 36.1], "size": [3, 3, 4], "inflate": -0.5, "uv": [55, 72]}
					]
				},
				{
					"name": "legs",
					"parent": "torso2",
					"pivot": [-0.7, 13.9, -1]
				},
				{
					"name": "bone",
					"parent": "torso2",
					"pivot": [-0.5, 25, 0],
					"cubes": [
						{"origin": [-3, 22, -1.1], "size": [5, 4, 0], "uv": [89, 79]}
					]
				},
				{
					"name": "bone2",
					"parent": "torso2",
					"pivot": [-0.5, 25, 0],
					"cubes": [
						{"origin": [-3, 22, -1.1], "size": [5, 4, 0], "uv": [89, 79]}
					]
				},
				{
					"name": "bone3",
					"parent": "torso2",
					"pivot": [-0.5, 25, 0],
					"cubes": [
						{"origin": [-3, 22, -1.1], "size": [5, 4, 0], "uv": [89, 79]}
					]
				},
				{
					"name": "right_arm3",
					"parent": "torso2",
					"pivot": [3, 23.4, 0.5],
					"cubes": [
						{"origin": [3, 23, -0.5], "size": [2, 1, 1], "uv": [13, 17]}
					]
				},
				{
					"name": "right_arm4",
					"parent": "right_arm3",
					"pivot": [5, 23.4, 0.5],
					"cubes": [
						{"origin": [5, 23, -0.5], "size": [2, 1, 1], "uv": [7, 17]}
					]
				},
				{
					"name": "right_arm5",
					"parent": "right_arm4",
					"pivot": [7, 23.4, 0.5],
					"cubes": [
						{"origin": [7, 21, -1], "size": [1, 3, 2], "uv": [41, 0]},
						{"origin": [7.5, 19.1, -1], "size": [0, 2, 1], "pivot": [7, 20.8, -0.4], "rotation": [-11, 0, 0], "uv": [0, 19]},
						{"origin": [7.5, 19.2, 0], "size": [0, 2, 1], "pivot": [7, 20.8, 0.7], "rotation": [11, 0, 0], "uv": [16, 13]},
						{"origin": [7.5, 20, 1], "size": [0, 2, 1], "pivot": [7, 20.8, 0.7], "rotation": [42, 0, 0], "uv": [16, 13]},
						{"origin": [7.5, 19, -1.7], "size": [0, 2, 1], "pivot": [7, 20.8, 0.7], "rotation": [-42, 0, 0], "uv": [16, 13]}
					]
				},
				{
					"name": "head2",
					"parent": "torso2",
					"pivot": [0, 29.1, 3.7],
					"rotation": [12, 0, 0],
					"cubes": [
						{"origin": [-4.97666, 30.11684, -5.52334], "size": [10, 2, 10], "inflate": 0.001, "pivot": [0, 29.1, 0.7], "rotation": [0, 45, 0], "uv": [36, 31]},
						{"origin": [-10.97666, 31.11684, -2.52334], "size": [20, 1, 10], "inflate": -0.001, "uv": [0, 20]},
						{"origin": [-10.97666, 30.51684, -2.52334], "size": [20, 1, 10], "inflate": -0.002, "uv": [0, 20]},
						{"origin": [-13.97666, 29.91684, 1.27666], "size": [11, 1, 19], "pivot": [-8, 29.1, -4.5], "rotation": [2, 70, 0], "uv": [0, 0]},
						{"origin": [-13.97666, 31.11684, 1.27666], "size": [11, 1, 19], "pivot": [-8, 29.1, -4.5], "rotation": [0, 70, 0], "uv": [0, 0]},
						{"origin": [-0.44335, 30.61684, -0.48113], "size": [7, 1, 4], "pivot": [-0.4, 32.1, 0.5], "rotation": [-29.73642, 66.80331, -31.85987], "uv": [68, 11]},
						{"origin": [-2.05664, 29.24158, 0.56669], "size": [7, 2, 4], "inflate": -0.001, "pivot": [0, 29.1, 0.7], "rotation": [0, 45, 0], "uv": [62, 0]},
						{"origin": [-5.05664, 29.24158, -5.43331], "size": [4, 2, 10], "inflate": 0.001, "pivot": [0, 29.1, 0.7], "rotation": [0, 45, 0], "uv": [26, 43]},
						{"origin": [4.27666, 40.21684, 2.37666], "size": [6, 5, 5], "pivot": [6.3, 29.1, -4.5], "rotation": [-45, -70, 0], "uv": [0, 63], "mirror": true},
						{"origin": [10.27666, 40.21684, 2.37666], "size": [7, 5, 5], "pivot": [6.3, 29.1, -4.5], "rotation": [-45, -70, 0], "uv": [66, 28], "mirror": true},
						{"origin": [6.27666, 44.81684, 6.77666], "size": [6, 4, 4], "pivot": [6.3, 29.1, -4.5], "rotation": [-45, -70, 0], "uv": [39, 67], "mirror": true},
						{"origin": [1.27666, 31.11684, 1.27666], "size": [11, 1, 19], "pivot": [6.3, 29.1, -4.5], "rotation": [0, -70, 0], "uv": [0, 0], "mirror": true},
						{"origin": [1.27666, 29.91684, 1.27666], "size": [11, 1, 19], "pivot": [6.3, 29.1, -4.5], "rotation": [2, -70, 0], "uv": [0, 0], "mirror": true},
						{"origin": [-12.97666, 43.61684, 5.97666], "size": [6, 4, 4], "pivot": [-6.5, 29.1, -4.5], "rotation": [-45, 70, 0], "uv": [39, 67]},
						{"origin": [-10.47666, 38.81684, 1.37666], "size": [6, 5, 5], "pivot": [-6.5, 29.1, -4.5], "rotation": [-45, 70, 0], "uv": [0, 63]},
						{"origin": [-17.47666, 38.81684, 1.37666], "size": [7, 5, 5], "pivot": [-6.5, 29.1, -4.5], "rotation": [-45, 70, 0], "uv": [66, 28]},
						{"origin": [-17.47666, 38.81684, 1.37666], "size": [7, 5, 0], "pivot": [-6.5, 29.1, -4.5], "rotation": [-45, 70, 0], "uv": [97, 5]},
						{"origin": [-17.47666, 43.81684, 1.37666], "size": [7, 0, 5], "pivot": [-6.5, 29.1, -4.5], "rotation": [-45, 70, 0], "uv": [85, 0]},
						{"origin": [-7.15665, 30.51684, 0.81887], "size": [7, 1, 4], "pivot": [0.4, 32.1, 0.5], "rotation": [-29.73642, -66.80331, 31.85987], "uv": [59, 67]},
						{"origin": [10.47666, 40.21684, 2.57666], "size": [7, 5, 0], "pivot": [6.5, 29.1, -4.5], "rotation": [-45, -70, 0], "uv": [97, 5], "mirror": true},
						{"origin": [10.47666, 45.31684, 2.47666], "size": [7, 0, 5], "pivot": [6.5, 29.1, -4.5], "rotation": [-45, -70, 0], "uv": [85, 0], "mirror": true}
					]
				},
				{
					"name": "jaw",
					"parent": "head2",
					"pivot": [-0.8, 29.3, 2.8],
					"cubes": [
						{"origin": [-2.05664, 29.24158, -5.43331], "size": [7, 1, 7], "inflate": -0.002, "pivot": [0, 29.1, 0.7], "rotation": [0, 45, 0], "uv": [43, 59]}
					]
				},
				{
					"name": "eyes2",
					"parent": "head2",
					"pivot": [0.4, 32.1, 0.5],
					"cubes": [
						{"origin": [6.65665, 29.61684, -0.48113], "size": [0, 2, 4], "pivot": [-0.4, 32.1, 0.5], "rotation": [-29.73642, 66.80331, -31.85987], "uv": [11, 5]},
						{"origin": [6.75665, 29.71684, -0.08113], "size": [0, 1, 0.4], "pivot": [-0.4, 32.1, 0.5], "rotation": [-29.73642, 66.80331, -31.85987], "uv": [84, 40]},
						{"origin": [-7.25665, 29.51684, 0.81887], "size": [0, 2, 4], "pivot": [0.4, 32.1, 0.5], "rotation": [-29.73642, -66.80331, 31.85987], "uv": [11, 5], "mirror": true},
						{"origin": [-7.35665, 29.61684, 1.21887], "size": [0, 1, 0.4], "pivot": [0.4, 32.1, 0.5], "rotation": [-29.73642, -66.80331, 31.85987], "uv": [84, 40]}
					]
				},
				{
					"name": "eyeslids",
					"parent": "head2",
					"pivot": [0.4, 32.1, 0.5],
					"cubes": [
						{"origin": [5.65665, 29.61684, -0.48113], "size": [1, 2, 4], "inflate": -0.001, "pivot": [-0.4, 32.1, 0.5], "rotation": [-29.73642, 66.80331, -31.85987], "uv": [67, 100]},
						{"origin": [-7.25665, 29.51684, 0.81887], "size": [1, 2, 4], "inflate": -0.001, "pivot": [0.4, 32.1, 0.5], "rotation": [-29.73642, -66.80331, 31.85987], "uv": [67, 100], "mirror": true}
					]
				},
				{
					"name": "left_arm3",
					"parent": "torso2",
					"pivot": [-4, 23.4, 0.5],
					"cubes": [
						{"origin": [-6, 23, -0.5], "size": [2, 1, 1], "uv": [13, 17], "mirror": true}
					]
				},
				{
					"name": "left_arm4",
					"parent": "left_arm3",
					"pivot": [-6, 23.4, 0.5],
					"cubes": [
						{"origin": [-8, 23, -0.5], "size": [2, 1, 1], "uv": [7, 17], "mirror": true}
					]
				},
				{
					"name": "left_arm5",
					"parent": "left_arm4",
					"pivot": [-8, 23.4, 0.5],
					"cubes": [
						{"origin": [-9, 21, -1], "size": [1, 3, 2], "uv": [41, 0], "mirror": true},
						{"origin": [-8.5, 19.1, -1], "size": [0, 2, 1], "pivot": [-8, 20.8, -0.4], "rotation": [-11, 0, 0], "uv": [16, 13], "mirror": true},
						{"origin": [-8.5, 19.2, 0], "size": [0, 2, 1], "pivot": [-8, 20.8, 0.7], "rotation": [11, 0, 0], "uv": [16, 13], "mirror": true},
						{"origin": [-8.5, 20, 1], "size": [0, 2, 1], "pivot": [-8, 20.8, 0.7], "rotation": [42, 0, 0], "uv": [16, 13], "mirror": true},
						{"origin": [-8.5, 19, -1.7], "size": [0, 2, 1], "pivot": [-8, 20.8, 0.7], "rotation": [-42, 0, 0], "uv": [16, 13], "mirror": true}
					]
				},
				{
					"name": "right_leg",
					"parent": "torso2",
					"pivot": [3, 13.4, -1.1],
					"cubes": [
						{"origin": [1.4, 10.8, -4], "size": [4, 4, 4], "uv": [27, 31], "mirror": true}
					]
				},
				{
					"name": "right_leg2",
					"parent": "right_leg",
					"pivot": [3.5, 13, -3.5],
					"cubes": [
						{"origin": [1.9, 11.3, -8.1], "size": [3, 3, 6], "inflate": -0.3, "uv": [0, 0], "mirror": true}
					]
				},
				{
					"name": "right_foot",
					"parent": "right_leg2",
					"pivot": [3.1, 12.2, -7.3],
					"cubes": [
						{"origin": [1.9, 11.3, -8.8], "size": [3, 3, 1], "inflate": 0.01, "uv": [44, 47], "mirror": true},
						{"origin": [1.9, 13.3, -10.1], "size": [3, 3, 0], "inflate": 0.01, "pivot": [-0.6, -1.2, 0], "rotation": [-5, 0, 0], "uv": [21, 49], "mirror": true},
						{"origin": [-8.2, 13, -8.5], "size": [1, 2, 0], "inflate": 0.01, "pivot": [-0.6, -1.2, 0], "rotation": [0, -2.12605, 44.9453], "uv": [0, 0], "mirror": true}
					]
				}
			]
		}
	]
}