{
	"format_version": "1.8.0",
	"animations": {
		"animation.regieleki.ground_idle": {
			"loop": true,
			"animation_length": 2,
			"bones": {
				"torso": {
					"rotation": {
						"0.0": [0, 0, 7],
						"0.2083": [0, 0, 9.08],
						"0.5": [0, 0, 0],
						"0.75": [0, 0, -11],
						"1.0": [0, 0, -7],
						"1.25": [0, 0, -16],
						"1.5": [0, 0, 0],
						"1.75": [0, 0, 8.5],
						"2.0": [0, 0, 7]
					},
					"position": {
						"0.0": [2, 8.4, 0],
						"0.5": [0, -0.3, 0],
						"1.0": [-3, 8.4, 0],
						"1.5": [0, -0.3, 0],
						"2.0": [2, 8.4, 0]
					}
				},
				"left_leg": {
					"rotation": {
						"0.0": [17.44854, 8.27182, 5.92557],
						"0.5": [0, 0, -1],
						"1.0": [-4.60659, -19.2906, 18.07779],
						"1.5": [0, 0, -1],
						"2.0": [17.44854, 8.27182, 5.92557]
					},
					"position": {
						"0.0": [0, 0.1, 0],
						"0.5": [0, 0, 0],
						"1.0": [0, 0.1, 0],
						"1.5": [0, 0, 0],
						"2.0": [0, 0.1, 0]
					}
				},
				"arm_right": {
					"rotation": {
						"0.0": [0, 0, 9],
						"0.5": [0, 0, -1],
						"1.0": [0, 0, 9],
						"1.5": [0, 0, -1],
						"2.0": [0, 0, 9]
					}
				},
				"eyes": {
					"scale": {
						"0.0": [1, 1, 1],
						"2.0": [1, 1, 1]
					}
				},
				"right_leg": {
					"rotation": {
						"0.0": [10.11783, -17.9824, -24.56202],
						"0.5": [0, 0, 2],
						"1.0": [24.4485, 8.2718, 5.9256],
						"1.5": [0, 0, 2],
						"2.0": [10.11783, -17.9824, -24.56202]
					},
					"position": {
						"0.0": [0, -0.5, 0],
						"0.5": [0, 0, 0],
						"1.0": [0, -0.5, 0],
						"1.5": [0, 0, 0],
						"2.0": [0, -0.5, 0]
					}
				},
				"el": {
					"rotation": {
						"0.0": [0, 0, 22.5],
						"0.5": [17.5, 0, -2.5],
						"1.5": [17.5, 0, -2.5],
						"2.0": [0, 0, 22.5]
					}
				},
				"el3": {
					"rotation": {
						"0.0": [0, 0, -41],
						"0.5": [0, 0, -31],
						"1.5": [0, 0, -31],
						"2.0": [0, 0, -41]
					}
				},
				"el6": {
					"rotation": {
						"0.0": [-11, 0, 0],
						"0.5": [-11.41697, 1.8059, 14.89731],
						"1.5": [-11.41697, 1.8059, 14.89731],
						"2.0": [-11, 0, 0]
					}
				},
				"el2": {
					"rotation": {
						"0.0": [0, 0, 10],
						"0.5": [0, 0, 0],
						"1.5": [0, 0, 0],
						"2.0": [0, 0, 10]
					}
				},
				"bone5": {
					"position": {
						"0.0": [0, -1, 0],
						"0.0417": [0, -2, 0],
						"0.0833": [0, -1, 0],
						"0.125": [0, -2, 0],
						"0.1667": [0, -1, 0],
						"0.2083": [0, -2, 0],
						"0.25": [0, -1, 0],
						"0.2917": [0, -2, 0],
						"0.3333": [0, -1, 0],
						"0.375": [0, -2, 0],
						"0.4167": [0, -1, 0],
						"0.4583": [0, -2, 0],
						"0.5": [0, -1, 0],
						"0.5417": [0, -2, 0],
						"0.5833": [0, -1, 0],
						"0.625": [0, -2, 0],
						"0.6667": [0, -1, 0],
						"0.7083": [0, -2, 0],
						"0.75": [0, -1, 0],
						"0.7917": [0, -2, 0],
						"0.8333": [0, -1, 0],
						"0.875": [0, -2, 0],
						"0.9167": [0, -1, 0],
						"0.9583": [0, -2, 0],
						"1.0": [0, -1, 0],
						"1.0417": [0, -2, 0],
						"1.0833": [0, -1, 0],
						"1.125": [0, -2, 0],
						"1.1667": [0, -1, 0],
						"1.2083": [0, -1, 0],
						"1.25": [0, -2, 0],
						"1.2917": [0, -1, 0],
						"1.3333": [0, -2, 0],
						"1.375": [0, -1, 0],
						"1.4167": [0, -2, 0],
						"1.4583": [0, -1, 0],
						"1.5": [0, -2, 0],
						"1.5417": [0, -1, 0],
						"1.5833": [0, -2, 0],
						"1.625": [0, -1, 0],
						"1.6667": [0, -2, 0],
						"1.7083": [0, -1, 0],
						"1.75": [0, -2, 0],
						"1.7917": [0, -1, 0],
						"1.8333": [0, -2, 0],
						"1.875": [0, -1, 0],
						"1.9167": [0, -2, 0],
						"1.9583": [0, -1, 0],
						"2.0": [0, -2, 0]
					}
				},
				"bone6": {
					"position": {
						"0.0": [0, 0, 0],
						"0.0417": [0, -3, 0],
						"0.0833": [0, 0, 0],
						"0.125": [0, -3, 0],
						"0.1667": [0, 0, 0],
						"0.2083": [0, -3, 0],
						"0.25": [0, 0, 0],
						"0.2917": [0, -3, 0],
						"0.3333": [0, 0, 0],
						"0.375": [0, -3, 0],
						"0.4167": [0, 0, 0],
						"0.4583": [0, -3, 0],
						"0.5": [0, 0, 0],
						"0.5417": [0, -3, 0],
						"0.5833": [0, 0, 0],
						"0.625": [0, -3, 0],
						"0.6667": [0, 0, 0],
						"0.7083": [0, -3, 0],
						"0.75": [0, 0, 0],
						"0.7917": [0, -3, 0],
						"0.8333": [0, 0, 0],
						"0.875": [0, -3, 0],
						"0.9167": [0, 0, 0],
						"0.9583": [0, -3, 0],
						"1.0": [0, 0, 0],
						"1.0417": [0, -3, 0],
						"1.0833": [0, 0, 0],
						"1.125": [0, -3, 0],
						"1.1667": [0, 0, 0],
						"1.2083": [0, 0, 0],
						"1.25": [0, -3, 0],
						"1.2917": [0, 0, 0],
						"1.3333": [0, -3, 0],
						"1.375": [0, 0, 0],
						"1.4167": [0, -3, 0],
						"1.4583": [0, 0, 0],
						"1.5": [0, -3, 0],
						"1.5417": [0, 0, 0],
						"1.5833": [0, -3, 0],
						"1.625": [0, 0, 0],
						"1.6667": [0, -3, 0],
						"1.7083": [0, 0, 0],
						"1.75": [0, -3, 0],
						"1.7917": [0, 0, 0],
						"1.8333": [0, -3, 0],
						"1.875": [0, 0, 0],
						"1.9167": [0, -3, 0],
						"1.9583": [0, 0, 0],
						"2.0": [0, -3, 0]
					}
				},
				"bone7": {
					"position": {
						"0.0": [0, 1, 0],
						"0.0417": [0, -1, 0],
						"0.0833": [0, 1, 0],
						"0.125": [0, -1, 0],
						"0.1667": [0, 1, 0],
						"0.2083": [0, -1, 0],
						"0.25": [0, 1, 0],
						"0.2917": [0, -1, 0],
						"0.3333": [0, 1, 0],
						"0.375": [0, -1, 0],
						"0.4167": [0, 1, 0],
						"0.4583": [0, -1, 0],
						"0.5": [0, 1, 0],
						"0.5417": [0, -1, 0],
						"0.5833": [0, 1, 0],
						"0.625": [0, -1, 0],
						"0.6667": [0, 1, 0],
						"0.7083": [0, -1, 0],
						"0.75": [0, 1, 0],
						"0.7917": [0, -1, 0],
						"0.8333": [0, 1, 0],
						"0.875": [0, -1, 0],
						"0.9167": [0, 1, 0],
						"0.9583": [0, -1, 0],
						"1.0": [0, 1, 0],
						"1.0417": [0, -1, 0],
						"1.0833": [0, 1, 0],
						"1.125": [0, -1, 0],
						"1.1667": [0, 1, 0],
						"1.2083": [0, 1, 0],
						"1.25": [0, -1, 0],
						"1.2917": [0, 1, 0],
						"1.3333": [0, -1, 0],
						"1.375": [0, 1, 0],
						"1.4167": [0, -1, 0],
						"1.4583": [0, 1, 0],
						"1.5": [0, -1, 0],
						"1.5417": [0, 1, 0],
						"1.5833": [0, -1, 0],
						"1.625": [0, 1, 0],
						"1.6667": [0, -1, 0],
						"1.7083": [0, 1, 0],
						"1.75": [0, -1, 0],
						"1.7917": [0, 1, 0],
						"1.8333": [0, -1, 0],
						"1.875": [0, 1, 0],
						"1.9167": [0, -1, 0],
						"1.9583": [0, 1, 0],
						"2.0": [0, -1, 0]
					}
				},
				"bone8": {
					"position": {
						"0.0": [0, 0, 0],
						"0.0417": [0, -2, 0],
						"0.0833": [0, 0, 0],
						"0.125": [0, -2, 0],
						"0.1667": [0, 0, 0],
						"0.2083": [0, -2, 0],
						"0.25": [0, 0, 0],
						"0.2917": [0, -2, 0],
						"0.3333": [0, 0, 0],
						"0.375": [0, -2, 0],
						"0.4167": [0, 0, 0],
						"0.4583": [0, -2, 0],
						"0.5": [0, 0, 0],
						"0.5417": [0, -2, 0],
						"0.5833": [0, 0, 0],
						"0.625": [0, -2, 0],
						"0.6667": [0, 0, 0],
						"0.7083": [0, -2, 0],
						"0.75": [0, 0, 0],
						"0.7917": [0, -2, 0],
						"0.8333": [0, 0, 0],
						"0.875": [0, -2, 0],
						"0.9167": [0, 0, 0],
						"0.9583": [0, -2, 0],
						"1.0": [0, 0, 0],
						"1.0417": [0, -2, 0],
						"1.0833": [0, 0, 0],
						"1.125": [0, -2, 0],
						"1.1667": [0, 0, 0],
						"1.2083": [0, 0, 0],
						"1.25": [0, -2, 0],
						"1.2917": [0, 0, 0],
						"1.3333": [0, -2, 0],
						"1.375": [0, 0, 0],
						"1.4167": [0, -2, 0],
						"1.4583": [0, 0, 0],
						"1.5": [0, -2, 0],
						"1.5417": [0, 0, 0],
						"1.5833": [0, -2, 0],
						"1.625": [0, 0, 0],
						"1.6667": [0, -2, 0],
						"1.7083": [0, 0, 0],
						"1.75": [0, -2, 0],
						"1.7917": [0, 0, 0],
						"1.8333": [0, -2, 0],
						"1.875": [0, 0, 0],
						"1.9167": [0, -2, 0],
						"1.9583": [0, 0, 0],
						"2.0": [0, -2, 0]
					}
				},
				"bone9": {
					"position": {
						"0.0": [0, 0, 0],
						"0.0417": [0, 0, 3],
						"0.0833": [0, 0, 0],
						"0.125": [0, 0, 3],
						"0.1667": [0, 0, 0],
						"0.2083": [0, 0, 3],
						"0.25": [0, 0, 0],
						"0.2917": [0, 0, 3],
						"0.3333": [0, 0, 0],
						"0.375": [0, 0, 3],
						"0.4167": [0, 0, 0],
						"0.4583": [0, 0, 3],
						"0.5": [0, 0, 0],
						"0.5417": [0, 0, 3],
						"0.5833": [0, 0, 0],
						"0.625": [0, 0, 3],
						"0.6667": [0, 0, 0],
						"0.7083": [0, 0, 3],
						"0.75": [0, 0, 0],
						"0.7917": [0, 0, 3],
						"0.8333": [0, 0, 0],
						"0.875": [0, 0, 3],
						"0.9167": [0, 0, 0],
						"0.9583": [0, 0, 3],
						"1.0": [0, 0, 0],
						"1.0417": [0, 0, 3],
						"1.0833": [0, 0, 0],
						"1.125": [0, 0, 3],
						"1.1667": [0, 0, 0],
						"1.2083": [0, 0, 0],
						"1.25": [0, 0, 3],
						"1.2917": [0, 0, 0],
						"1.3333": [0, 0, 3],
						"1.375": [0, 0, 0],
						"1.4167": [0, 0, 3],
						"1.4583": [0, 0, 0],
						"1.5": [0, 0, 3],
						"1.5417": [0, 0, 0],
						"1.5833": [0, 0, 3],
						"1.625": [0, 0, 0],
						"1.6667": [0, 0, 3],
						"1.7083": [0, 0, 0],
						"1.75": [0, 0, 3],
						"1.7917": [0, 0, 0],
						"1.8333": [0, 0, 3],
						"1.875": [0, 0, 0],
						"1.9167": [0, 0, 3],
						"1.9583": [0, 0, 0],
						"2.0": [0, 0, 3]
					}
				},
				"bone10": {
					"position": {
						"0.0": [0, 0, 0],
						"0.0417": [0, 0, 2],
						"0.0833": [0, 0, 0],
						"0.125": [0, 0, 2],
						"0.1667": [0, 0, 0],
						"0.2083": [0, 0, 2],
						"0.25": [0, 0, 0],
						"0.2917": [0, 0, 2],
						"0.3333": [0, 0, 0],
						"0.375": [0, 0, 2],
						"0.4167": [0, 0, 0],
						"0.4583": [0, 0, 2],
						"0.5": [0, 0, 0],
						"0.5417": [0, 0, 2],
						"0.5833": [0, 0, 0],
						"0.625": [0, 0, 2],
						"0.6667": [0, 0, 0],
						"0.7083": [0, 0, 2],
						"0.75": [0, 0, 0],
						"0.7917": [0, 0, 2],
						"0.8333": [0, 0, 0],
						"0.875": [0, 0, 2],
						"0.9167": [0, 0, 0],
						"0.9583": [0, 0, 2],
						"1.0": [0, 0, 0],
						"1.0417": [0, 0, 2],
						"1.0833": [0, 0, 0],
						"1.125": [0, 0, 2],
						"1.1667": [0, 0, 0],
						"1.2083": [0, 0, 0],
						"1.25": [0, 0, 2],
						"1.2917": [0, 0, 0],
						"1.3333": [0, 0, 2],
						"1.375": [0, 0, 0],
						"1.4167": [0, 0, 2],
						"1.4583": [0, 0, 0],
						"1.5": [0, 0, 2],
						"1.5417": [0, 0, 0],
						"1.5833": [0, 0, 2],
						"1.625": [0, 0, 0],
						"1.6667": [0, 0, 2],
						"1.7083": [0, 0, 0],
						"1.75": [0, 0, 2],
						"1.7917": [0, 0, 0],
						"1.8333": [0, 0, 2],
						"1.875": [0, 0, 0],
						"1.9167": [0, 0, 2],
						"1.9583": [0, 0, 0],
						"2.0": [0, 0, 2]
					}
				},
				"bone11": {
					"position": {
						"0.0": [0, 0, 0],
						"0.0417": [0, 0, 4],
						"2.0": [0, 0, 0]
					}
				},
				"bone12": {
					"position": {
						"0.0": [0, 0, 0],
						"0.0417": [0, 0, -2],
						"0.0833": [0, 0, 0],
						"0.125": [0, 0, -2],
						"0.1667": [0, 0, 0],
						"0.2083": [0, 0, -2],
						"0.25": [0, 0, 0],
						"0.2917": [0, 0, -2],
						"0.3333": [0, 0, 0],
						"0.375": [0, 0, -2],
						"0.4167": [0, 0, 0],
						"0.4583": [0, 0, -2],
						"0.5": [0, 0, 0],
						"0.5417": [0, 0, -2],
						"0.5833": [0, 0, 0],
						"0.625": [0, 0, -2],
						"0.6667": [0, 0, 0],
						"0.7083": [0, 0, -2],
						"0.75": [0, 0, 0],
						"0.7917": [0, 0, -2],
						"0.8333": [0, 0, 0],
						"0.875": [0, 0, -2],
						"0.9167": [0, 0, 0],
						"0.9583": [0, 0, -2],
						"1.0": [0, 0, 0],
						"1.0417": [0, 0, -2],
						"1.0833": [0, 0, 0],
						"1.125": [0, 0, -2],
						"1.1667": [0, 0, 0],
						"1.2083": [0, 0, 0],
						"1.25": [0, 0, -2],
						"1.2917": [0, 0, 0],
						"1.3333": [0, 0, -2],
						"1.375": [0, 0, 0],
						"1.4167": [0, 0, -2],
						"1.4583": [0, 0, 0],
						"1.5": [0, 0, -2],
						"1.5417": [0, 0, 0],
						"1.5833": [0, 0, -2],
						"1.625": [0, 0, 0],
						"1.6667": [0, 0, -2],
						"1.7083": [0, 0, 0],
						"1.75": [0, 0, -2],
						"1.7917": [0, 0, 0],
						"1.8333": [0, 0, -2],
						"1.875": [0, 0, 0],
						"1.9167": [0, 0, -2],
						"1.9583": [0, 0, 0],
						"2.0": [0, 0, -2]
					}
				},
				"bone13": {
					"position": {
						"0.0": [0, 0, 0],
						"0.0417": [0, 0, -3],
						"0.0833": [0, 0, 0],
						"0.125": [0, 0, -3],
						"0.1667": [0, 0, 0],
						"0.2083": [0, 0, -3],
						"0.25": [0, 0, 0],
						"0.2917": [0, 0, -3],
						"0.3333": [0, 0, 0],
						"0.375": [0, 0, -3],
						"0.4167": [0, 0, 0],
						"0.4583": [0, 0, -3],
						"0.5": [0, 0, 0],
						"0.5417": [0, 0, -3],
						"0.5833": [0, 0, 0],
						"0.625": [0, 0, -3],
						"0.6667": [0, 0, 0],
						"0.7083": [0, 0, -3],
						"0.75": [0, 0, 0],
						"0.7917": [0, 0, -3],
						"0.8333": [0, 0, 0],
						"0.875": [0, 0, -3],
						"0.9167": [0, 0, 0],
						"0.9583": [0, 0, -3],
						"1.0": [0, 0, 0],
						"1.0417": [0, 0, -3],
						"1.0833": [0, 0, 0],
						"1.125": [0, 0, -3],
						"1.1667": [0, 0, 0],
						"1.2083": [0, 0, 0],
						"1.25": [0, 0, -3],
						"1.2917": [0, 0, 0],
						"1.3333": [0, 0, -3],
						"1.375": [0, 0, 0],
						"1.4167": [0, 0, -3],
						"1.4583": [0, 0, 0],
						"1.5": [0, 0, -3],
						"1.5417": [0, 0, 0],
						"1.5833": [0, 0, -3],
						"1.625": [0, 0, 0],
						"1.6667": [0, 0, -3],
						"1.7083": [0, 0, 0],
						"1.75": [0, 0, -3],
						"1.7917": [0, 0, 0],
						"1.8333": [0, 0, -3],
						"1.875": [0, 0, 0],
						"1.9167": [0, 0, -3],
						"1.9583": [0, 0, 0],
						"2.0": [0, 0, -3]
					}
				},
				"bone14": {
					"position": {
						"0.0": [0, 0, 0],
						"0.0417": [0, 0, -1],
						"0.0833": [0, 0, 0],
						"0.125": [0, 0, -1],
						"0.1667": [0, 0, 0],
						"0.2083": [0, 0, -1],
						"0.25": [0, 0, 0],
						"0.2917": [0, 0, -1],
						"0.3333": [0, 0, 0],
						"0.375": [0, 0, -1],
						"0.4167": [0, 0, 0],
						"0.4583": [0, 0, -1],
						"0.5": [0, 0, 0],
						"0.5417": [0, 0, -1],
						"0.5833": [0, 0, 0],
						"0.625": [0, 0, -1],
						"0.6667": [0, 0, 0],
						"0.7083": [0, 0, -1],
						"0.75": [0, 0, 0],
						"0.7917": [0, 0, -1],
						"0.8333": [0, 0, 0],
						"0.875": [0, 0, -1],
						"0.9167": [0, 0, 0],
						"0.9583": [0, 0, -1],
						"1.0": [0, 0, 0],
						"1.0417": [0, 0, -1],
						"1.0833": [0, 0, 0],
						"1.125": [0, 0, -1],
						"1.1667": [0, 0, 0],
						"1.2083": [0, 0, 0],
						"1.25": [0, 0, -1],
						"1.2917": [0, 0, 0],
						"1.3333": [0, 0, -1],
						"1.375": [0, 0, 0],
						"1.4167": [0, 0, -1],
						"1.4583": [0, 0, 0],
						"1.5": [0, 0, -1],
						"1.5417": [0, 0, 0],
						"1.5833": [0, 0, -1],
						"1.625": [0, 0, 0],
						"1.6667": [0, 0, -1],
						"1.7083": [0, 0, 0],
						"1.75": [0, 0, -1],
						"1.7917": [0, 0, 0],
						"1.8333": [0, 0, -1],
						"1.875": [0, 0, 0],
						"1.9167": [0, 0, -1],
						"1.9583": [0, 0, 0],
						"2.0": [0, 0, -1]
					}
				},
				"bone15": {
					"position": {
						"0.0": [1, 0, 0],
						"0.0417": [1, 0, -2],
						"0.0833": [1, 0, 0],
						"0.125": [1, 0, -2],
						"0.1667": [1, 0, 0],
						"0.2083": [1, 0, -2],
						"0.25": [1, 0, 0],
						"0.2917": [1, 0, -2],
						"0.3333": [1, 0, 0],
						"0.375": [1, 0, -2],
						"0.4167": [1, 0, 0],
						"0.4583": [1, 0, -2],
						"0.5": [1, 0, 0],
						"0.5417": [1, 0, -2],
						"0.5833": [1, 0, 0],
						"0.625": [1, 0, -2],
						"0.6667": [1, 0, 0],
						"0.7083": [1, 0, -2],
						"0.75": [1, 0, 0],
						"0.7917": [1, 0, -2],
						"0.8333": [1, 0, 0],
						"0.875": [1, 0, -2],
						"0.9167": [1, 0, 0],
						"0.9583": [1, 0, -2],
						"1.0": [1, 0, 0],
						"1.0417": [1, 0, -2],
						"1.0833": [1, 0, 0],
						"1.125": [1, 0, -2],
						"1.1667": [1, 0, 0],
						"1.2083": [1, 0, 0],
						"1.25": [1, 0, -2],
						"1.2917": [1, 0, 0],
						"1.3333": [1, 0, -2],
						"1.375": [1, 0, 0],
						"1.4167": [1, 0, -2],
						"1.4583": [1, 0, 0],
						"1.5": [1, 0, -2],
						"1.5417": [1, 0, 0],
						"1.5833": [1, 0, -2],
						"1.625": [1, 0, 0],
						"1.6667": [1, 0, -2],
						"1.7083": [1, 0, 0],
						"1.75": [1, 0, -2],
						"1.7917": [1, 0, 0],
						"1.8333": [1, 0, -2],
						"1.875": [1, 0, 0],
						"1.9167": [1, 0, -2],
						"1.9583": [1, 0, 0],
						"2.0": [1, 0, -2]
					}
				},
				"bone16": {
					"position": {
						"0.0": [0, 1, 0],
						"0.0417": [0, 1, -1],
						"0.0833": [0, 1, 0],
						"0.125": [0, 1, -1],
						"0.1667": [0, 1, 0],
						"0.2083": [0, 1, -1],
						"0.25": [0, 1, 0],
						"0.2917": [0, 1, -1],
						"0.3333": [0, 1, 0],
						"0.375": [0, 1, -1],
						"0.4167": [0, 1, 0],
						"0.4583": [0, 1, -1],
						"0.5": [0, 1, 0],
						"0.5417": [0, 1, -1],
						"0.5833": [0, 1, 0],
						"0.625": [0, 1, -1],
						"0.6667": [0, 1, 0],
						"0.7083": [0, 1, -1],
						"0.75": [0, 1, 0],
						"0.7917": [0, 1, -1],
						"0.8333": [0, 1, 0],
						"0.875": [0, 1, -1],
						"0.9167": [0, 1, 0],
						"0.9583": [0, 1, -1],
						"1.0": [0, 1, 0],
						"1.0417": [0, 1, -1],
						"1.0833": [0, 1, 0],
						"1.125": [0, 1, -1],
						"1.1667": [0, 1, 0],
						"1.2083": [0, 1, 0],
						"1.25": [0, 1, -1],
						"1.2917": [0, 1, 0],
						"1.3333": [0, 1, -1],
						"1.375": [0, 1, 0],
						"1.4167": [0, 1, -1],
						"1.4583": [0, 1, 0],
						"1.5": [0, 1, -1],
						"1.5417": [0, 1, 0],
						"1.5833": [0, 1, -1],
						"1.625": [0, 1, 0],
						"1.6667": [0, 1, -1],
						"1.7083": [0, 1, 0],
						"1.75": [0, 1, -1],
						"1.7917": [0, 1, 0],
						"1.8333": [0, 1, -1],
						"1.875": [0, 1, 0],
						"1.9167": [0, 1, -1],
						"1.9583": [0, 1, 0],
						"2.0": [0, 1, -1]
					}
				},
				"bone17": {
					"position": {
						"0.0": [1, 0, 0],
						"0.0417": [1, 4, 0],
						"0.0833": [1, 0, 0],
						"0.125": [1, 4, 0],
						"0.1667": [1, 0, 0],
						"0.2083": [1, 4, 0],
						"0.25": [1, 0, 0],
						"0.2917": [1, 4, 0],
						"0.3333": [1, 0, 0],
						"0.375": [1, 4, 0],
						"0.4167": [1, 0, 0],
						"0.4583": [1, 4, 0],
						"0.5": [1, 0, 0],
						"0.5417": [1, 4, 0],
						"0.5833": [1, 0, 0],
						"0.625": [1, 4, 0],
						"0.6667": [1, 0, 0],
						"0.7083": [1, 4, 0],
						"0.75": [1, 0, 0],
						"0.7917": [1, 4, 0],
						"0.8333": [1, 0, 0],
						"0.875": [1, 4, 0],
						"0.9167": [1, 0, 0],
						"0.9583": [1, 4, 0],
						"1.0": [1, 0, 0],
						"1.0417": [1, 4, 0],
						"1.0833": [1, 0, 0],
						"1.125": [1, 4, 0],
						"1.1667": [1, 0, 0],
						"1.2083": [1, 0, 0],
						"1.25": [1, 4, 0],
						"1.2917": [1, 0, 0],
						"1.3333": [1, 4, 0],
						"1.375": [1, 0, 0],
						"1.4167": [1, 4, 0],
						"1.4583": [1, 0, 0],
						"1.5": [1, 4, 0],
						"1.5417": [1, 0, 0],
						"1.5833": [1, 4, 0],
						"1.625": [1, 0, 0],
						"1.6667": [1, 4, 0],
						"1.7083": [1, 0, 0],
						"1.75": [1, 4, 0],
						"1.7917": [1, 0, 0],
						"1.8333": [1, 4, 0],
						"1.875": [1, 0, 0],
						"1.9167": [1, 4, 0],
						"1.9583": [1, 0, 0],
						"2.0": [1, 4, 0]
					}
				},
				"bone18": {
					"position": {
						"0.0": [0, 0, 0],
						"0.0417": [0, 4, 0],
						"0.0833": [0, 0, 0],
						"0.125": [0, 4, 0],
						"0.1667": [0, 0, 0],
						"0.2083": [0, 4, 0],
						"0.25": [0, 0, 0],
						"0.2917": [0, 4, 0],
						"0.3333": [0, 0, 0],
						"0.375": [0, 4, 0],
						"0.4167": [0, 0, 0],
						"0.4583": [0, 4, 0],
						"0.5": [0, 0, 0],
						"0.5417": [0, 4, 0],
						"0.5833": [0, 0, 0],
						"0.625": [0, 4, 0],
						"0.6667": [0, 0, 0],
						"0.7083": [0, 4, 0],
						"0.75": [0, 0, 0],
						"0.7917": [0, 4, 0],
						"0.8333": [0, 0, 0],
						"0.875": [0, 4, 0],
						"0.9167": [0, 0, 0],
						"0.9583": [0, 4, 0],
						"1.0": [0, 0, 0],
						"1.0417": [0, 4, 0],
						"1.0833": [0, 0, 0],
						"1.125": [0, 4, 0],
						"1.1667": [0, 0, 0],
						"1.2083": [0, 0, 0],
						"1.25": [0, 4, 0],
						"1.2917": [0, 0, 0],
						"1.3333": [0, 4, 0],
						"1.375": [0, 0, 0],
						"1.4167": [0, 4, 0],
						"1.4583": [0, 0, 0],
						"1.5": [0, 4, 0],
						"1.5417": [0, 0, 0],
						"1.5833": [0, 4, 0],
						"1.625": [0, 0, 0],
						"1.6667": [0, 4, 0],
						"1.7083": [0, 0, 0],
						"1.75": [0, 4, 0],
						"1.7917": [0, 0, 0],
						"1.8333": [0, 4, 0],
						"1.875": [0, 0, 0],
						"1.9167": [0, 4, 0],
						"1.9583": [0, 0, 0],
						"2.0": [0, 4, 0]
					}
				},
				"bone19": {
					"position": {
						"0.0": [0, -1, 0],
						"0.0417": [0, 2, 0]
					}
				},
				"bone20": {
					"position": {
						"0.0": [0, 0, 0],
						"0.0417": [0, 3, 0],
						"0.0833": [0, 0, 0],
						"0.125": [0, 3, 0],
						"0.1667": [0, 0, 0],
						"0.2083": [0, 3, 0],
						"0.25": [0, 0, 0],
						"0.2917": [0, 3, 0],
						"0.3333": [0, 0, 0],
						"0.375": [0, 3, 0],
						"0.4167": [0, 0, 0],
						"0.4583": [0, 3, 0],
						"0.5": [0, 0, 0],
						"0.5417": [0, 3, 0],
						"0.5833": [0, 0, 0],
						"0.625": [0, 3, 0],
						"0.6667": [0, 0, 0],
						"0.7083": [0, 3, 0],
						"0.75": [0, 0, 0],
						"0.7917": [0, 3, 0],
						"0.8333": [0, 0, 0],
						"0.875": [0, 3, 0],
						"0.9167": [0, 0, 0],
						"0.9583": [0, 3, 0],
						"1.0": [0, 0, 0],
						"1.0417": [0, 3, 0],
						"1.0833": [0, 0, 0],
						"1.125": [0, 3, 0],
						"1.1667": [0, 0, 0],
						"1.2083": [0, 0, 0],
						"1.25": [0, 3, 0],
						"1.2917": [0, 0, 0],
						"1.3333": [0, 3, 0],
						"1.375": [0, 0, 0],
						"1.4167": [0, 3, 0],
						"1.4583": [0, 0, 0],
						"1.5": [0, 3, 0],
						"1.5417": [0, 0, 0],
						"1.5833": [0, 3, 0],
						"1.625": [0, 0, 0],
						"1.6667": [0, 3, 0],
						"1.7083": [0, 0, 0],
						"1.75": [0, 3, 0],
						"1.7917": [0, 0, 0],
						"1.8333": [0, 3, 0],
						"1.875": [0, 0, 0],
						"1.9167": [0, 3, 0],
						"1.9583": [0, 0, 0],
						"2.0": [0, 3, 0]
					}
				},
				"bone21": {
					"position": {
						"0.0": [0, 0, 0],
						"0.0417": [0, 2, 0],
						"0.0833": [0, 0, 0],
						"0.125": [0, 2, 0],
						"0.1667": [0, 0, 0],
						"0.2083": [0, 2, 0],
						"0.25": [0, 0, 0],
						"0.2917": [0, 2, 0],
						"0.3333": [0, 0, 0],
						"0.375": [0, 2, 0],
						"0.4167": [0, 0, 0],
						"0.4583": [0, 2, 0],
						"0.5": [0, 0, 0],
						"0.5417": [0, 2, 0],
						"0.5833": [0, 0, 0],
						"0.625": [0, 2, 0],
						"0.6667": [0, 0, 0],
						"0.7083": [0, 2, 0],
						"0.75": [0, 0, 0],
						"0.7917": [0, 2, 0],
						"0.8333": [0, 0, 0],
						"0.875": [0, 2, 0],
						"0.9167": [0, 0, 0],
						"0.9583": [0, 2, 0],
						"1.0": [0, 0, 0],
						"1.0417": [0, 2, 0],
						"1.0833": [0, 0, 0],
						"1.125": [0, 2, 0],
						"1.1667": [0, 0, 0],
						"1.2083": [0, 0, 0],
						"1.25": [0, 2, 0],
						"1.2917": [0, 0, 0],
						"1.3333": [0, 2, 0],
						"1.375": [0, 0, 0],
						"1.4167": [0, 2, 0],
						"1.4583": [0, 0, 0],
						"1.5": [0, 2, 0],
						"1.5417": [0, 0, 0],
						"1.5833": [0, 2, 0],
						"1.625": [0, 0, 0],
						"1.6667": [0, 2, 0],
						"1.7083": [0, 0, 0],
						"1.75": [0, 2, 0],
						"1.7917": [0, 0, 0],
						"1.8333": [0, 2, 0],
						"1.875": [0, 0, 0],
						"1.9167": [0, 2, 0],
						"1.9583": [0, 0, 0],
						"2.0": [0, 2, 0]
					}
				},
				"arm_left2": {
					"rotation": {
						"0.0": [0, 0, -16.5],
						"0.5": [0, 0, -1.5],
						"1.0": [0, 0, -16.5],
						"1.5": [0, 0, -1.5],
						"2.0": [0, 0, -16.5]
					}
				},
				"bone22": {
					"position": {
						"0.0": [1, 0, 0],
						"0.0417": [1, -2, 0],
						"0.0833": [1, 0, 0],
						"0.125": [1, -2, 0],
						"0.1667": [1, 0, 0],
						"0.2083": [1, -2, 0],
						"0.25": [1, 0, 0],
						"0.2917": [1, -2, 0],
						"0.3333": [1, 0, 0],
						"0.375": [1, -2, 0],
						"0.4167": [1, 0, 0],
						"0.4583": [1, -2, 0],
						"0.5": [1, 0, 0],
						"0.5417": [1, -2, 0],
						"0.5833": [1, 0, 0],
						"0.625": [1, -2, 0],
						"0.6667": [1, 0, 0],
						"0.7083": [1, -2, 0],
						"0.75": [1, 0, 0],
						"0.7917": [1, -2, 0],
						"0.8333": [1, 0, 0],
						"0.875": [1, -2, 0],
						"0.9167": [1, 0, 0],
						"0.9583": [1, -2, 0],
						"1.0": [1, 0, 0],
						"1.0417": [1, -2, 0],
						"1.0833": [1, 0, 0],
						"1.125": [1, -2, 0],
						"1.1667": [1, 0, 0],
						"1.2083": [1, 0, 0],
						"1.25": [1, -2, 0],
						"1.2917": [1, 0, 0],
						"1.3333": [1, -2, 0],
						"1.375": [1, 0, 0],
						"1.4167": [1, -2, 0],
						"1.4583": [1, 0, 0],
						"1.5": [1, -2, 0],
						"1.5417": [1, 0, 0],
						"1.5833": [1, -2, 0],
						"1.625": [1, 0, 0],
						"1.6667": [1, -2, 0],
						"1.7083": [1, 0, 0],
						"1.75": [1, -2, 0],
						"1.7917": [1, 0, 0],
						"1.8333": [1, -2, 0],
						"1.875": [1, 0, 0],
						"1.9167": [1, -2, 0],
						"1.9583": [1, 0, 0],
						"2.0": [1, -2, 0]
					}
				},
				"bone23": {
					"position": {
						"0.0": [0, 0, 0],
						"0.0417": [0, 0, 1],
						"0.0833": [0, 0, 0],
						"0.125": [0, 0, 1],
						"0.1667": [0, 0, 0],
						"0.2083": [0, 0, 1],
						"0.25": [0, 0, 0],
						"0.2917": [0, 0, 1],
						"0.3333": [0, 0, 0],
						"0.375": [0, 0, 1],
						"0.4167": [0, 0, 0],
						"0.4583": [0, 0, 1],
						"0.5": [0, 0, 0],
						"0.5417": [0, 0, 1],
						"0.5833": [0, 0, 0],
						"0.625": [0, 0, 1],
						"0.6667": [0, 0, 0],
						"0.7083": [0, 0, 1],
						"0.75": [0, 0, 0],
						"0.7917": [0, 0, 1],
						"0.8333": [0, 0, 0],
						"0.875": [0, 0, 1],
						"0.9167": [0, 0, 0],
						"0.9583": [0, 0, 1],
						"1.0": [0, 0, 0],
						"1.0417": [0, 0, 1],
						"1.0833": [0, 0, 0],
						"1.125": [0, 0, 1],
						"1.1667": [0, 0, 0],
						"1.2083": [0, 0, 0],
						"1.25": [0, 0, 1],
						"1.2917": [0, 0, 0],
						"1.3333": [0, 0, 1],
						"1.375": [0, 0, 0],
						"1.4167": [0, 0, 1],
						"1.4583": [0, 0, 0],
						"1.5": [0, 0, 1],
						"1.5417": [0, 0, 0],
						"1.5833": [0, 0, 1],
						"1.625": [0, 0, 0],
						"1.6667": [0, 0, 1],
						"1.7083": [0, 0, 0],
						"1.75": [0, 0, 1],
						"1.7917": [0, 0, 0],
						"1.8333": [0, 0, 1],
						"1.875": [0, 0, 0],
						"1.9167": [0, 0, 1],
						"1.9583": [0, 0, 0],
						"2.0": [0, 0, 1]
					}
				},
				"bone24": {
					"position": {
						"0.0": [0, 0, 0],
						"0.0417": [0, 0, 1],
						"0.0833": [0, 0, 0],
						"0.125": [0, 0, 1],
						"0.1667": [0, 0, 0],
						"0.2083": [0, 0, 1],
						"0.25": [0, 0, 0],
						"0.2917": [0, 0, 1],
						"0.3333": [0, 0, 0],
						"0.375": [0, 0, 1],
						"0.4167": [0, 0, 0],
						"0.4583": [0, 0, 1],
						"0.5": [0, 0, 0],
						"0.5417": [0, 0, 1],
						"0.5833": [0, 0, 0],
						"0.625": [0, 0, 1],
						"0.6667": [0, 0, 0],
						"0.7083": [0, 0, 1],
						"0.75": [0, 0, 0],
						"0.7917": [0, 0, 1],
						"0.8333": [0, 0, 0],
						"0.875": [0, 0, 1],
						"0.9167": [0, 0, 0],
						"0.9583": [0, 0, 1],
						"1.0": [0, 0, 0],
						"1.0417": [0, 0, 1],
						"1.0833": [0, 0, 0],
						"1.125": [0, 0, 1],
						"1.1667": [0, 0, 0],
						"1.2083": [0, 0, 0],
						"1.25": [0, 0, 1],
						"1.2917": [0, 0, 0],
						"1.3333": [0, 0, 1],
						"1.375": [0, 0, 0],
						"1.4167": [0, 0, 1],
						"1.4583": [0, 0, 0],
						"1.5": [0, 0, 1],
						"1.5417": [0, 0, 0],
						"1.5833": [0, 0, 1],
						"1.625": [0, 0, 0],
						"1.6667": [0, 0, 1],
						"1.7083": [0, 0, 0],
						"1.75": [0, 0, 1],
						"1.7917": [0, 0, 0],
						"1.8333": [0, 0, 1],
						"1.875": [0, 0, 0],
						"1.9167": [0, 0, 1],
						"1.9583": [0, 0, 0],
						"2.0": [0, 0, 1]
					}
				},
				"bone25": {
					"position": {
						"0.0": [0, 0, 0],
						"0.0417": [0, 0, 3],
						"0.0833": [0, 0, 0],
						"0.125": [0, 0, 3],
						"0.1667": [0, 0, 0],
						"0.2083": [0, 0, 3],
						"0.25": [0, 0, 0],
						"0.2917": [0, 0, 3],
						"0.3333": [0, 0, 0],
						"0.375": [0, 0, 3],
						"0.4167": [0, 0, 0],
						"0.4583": [0, 0, 3],
						"0.5": [0, 0, 0],
						"0.5417": [0, 0, 3],
						"0.5833": [0, 0, 0],
						"0.625": [0, 0, 3],
						"0.6667": [0, 0, 0],
						"0.7083": [0, 0, 3],
						"0.75": [0, 0, 0],
						"0.7917": [0, 0, 3],
						"0.8333": [0, 0, 0],
						"0.875": [0, 0, 3],
						"0.9167": [0, 0, 0],
						"0.9583": [0, 0, 3],
						"1.0": [0, 0, 0],
						"1.0417": [0, 0, 3],
						"1.0833": [0, 0, 0],
						"1.125": [0, 0, 3],
						"1.1667": [0, 0, 0],
						"1.2083": [0, 0, 0],
						"1.25": [0, 0, 3],
						"1.2917": [0, 0, 0],
						"1.3333": [0, 0, 3],
						"1.375": [0, 0, 0],
						"1.4167": [0, 0, 3],
						"1.4583": [0, 0, 0],
						"1.5": [0, 0, 3],
						"1.5417": [0, 0, 0],
						"1.5833": [0, 0, 3],
						"1.625": [0, 0, 0],
						"1.6667": [0, 0, 3],
						"1.7083": [0, 0, 0],
						"1.75": [0, 0, 3],
						"1.7917": [0, 0, 0],
						"1.8333": [0, 0, 3],
						"1.875": [0, 0, 0],
						"1.9167": [0, 0, 3],
						"1.9583": [0, 0, 0],
						"2.0": [0, 0, 3]
					}
				},
				"bone26": {
					"position": {
						"0.0": [1, 0, 0],
						"0.0417": [1, 0, -2],
						"0.0833": [1, 0, 0],
						"0.125": [1, 0, -2],
						"0.1667": [1, 0, 0],
						"0.2083": [1, 0, -2],
						"0.25": [1, 0, 0],
						"0.2917": [1, 0, -2],
						"0.3333": [1, 0, 0],
						"0.375": [1, 0, -2],
						"0.4167": [1, 0, 0],
						"0.4583": [1, 0, -2],
						"0.5": [1, 0, 0],
						"0.5417": [1, 0, -2],
						"0.5833": [1, 0, 0],
						"0.625": [1, 0, -2],
						"0.6667": [1, 0, 0],
						"0.7083": [1, 0, -2],
						"0.75": [1, 0, 0],
						"0.7917": [1, 0, -2],
						"0.8333": [1, 0, 0],
						"0.875": [1, 0, -2],
						"0.9167": [1, 0, 0],
						"0.9583": [1, 0, -2],
						"1.0": [1, 0, 0],
						"1.0417": [1, 0, -2],
						"1.0833": [1, 0, 0],
						"1.125": [1, 0, -2],
						"1.1667": [1, 0, 0],
						"1.2083": [1, 0, 0],
						"1.25": [1, 0, -2],
						"1.2917": [1, 0, 0],
						"1.3333": [1, 0, -2],
						"1.375": [1, 0, 0],
						"1.4167": [1, 0, -2],
						"1.4583": [1, 0, 0],
						"1.5": [1, 0, -2],
						"1.5417": [1, 0, 0],
						"1.5833": [1, 0, -2],
						"1.625": [1, 0, 0],
						"1.6667": [1, 0, -2],
						"1.7083": [1, 0, 0],
						"1.75": [1, 0, -2],
						"1.7917": [1, 0, 0],
						"1.8333": [1, 0, -2],
						"1.875": [1, 0, 0],
						"1.9167": [1, 0, -2],
						"1.9583": [1, 0, 0],
						"2.0": [1, 0, -2]
					}
				},
				"bone27": {
					"position": {
						"0.0": [0, 0, 0],
						"0.0417": [0, 0, -2],
						"0.0833": [0, 0, 0],
						"0.125": [0, 0, -2],
						"0.1667": [0, 0, 0],
						"0.2083": [0, 0, -2],
						"0.25": [0, 0, 0],
						"0.2917": [0, 0, -2],
						"0.3333": [0, 0, 0],
						"0.375": [0, 0, -2],
						"0.4167": [0, 0, 0],
						"0.4583": [0, 0, -2],
						"0.5": [0, 0, 0],
						"0.5417": [0, 0, -2],
						"0.5833": [0, 0, 0],
						"0.625": [0, 0, -2],
						"0.6667": [0, 0, 0],
						"0.7083": [0, 0, -2],
						"0.75": [0, 0, 0],
						"0.7917": [0, 0, -2],
						"0.8333": [0, 0, 0],
						"0.875": [0, 0, -2],
						"0.9167": [0, 0, 0],
						"0.9583": [0, 0, -2],
						"1.0": [0, 0, 0],
						"1.0417": [0, 0, -2],
						"1.0833": [0, 0, 0],
						"1.125": [0, 0, -2],
						"1.1667": [0, 0, 0],
						"1.2083": [0, 0, 0],
						"1.25": [0, 0, -2],
						"1.2917": [0, 0, 0],
						"1.3333": [0, 0, -2],
						"1.375": [0, 0, 0],
						"1.4167": [0, 0, -2],
						"1.4583": [0, 0, 0],
						"1.5": [0, 0, -2],
						"1.5417": [0, 0, 0],
						"1.5833": [0, 0, -2],
						"1.625": [0, 0, 0],
						"1.6667": [0, 0, -2],
						"1.7083": [0, 0, 0],
						"1.75": [0, 0, -2],
						"1.7917": [0, 0, 0],
						"1.8333": [0, 0, -2],
						"1.875": [0, 0, 0],
						"1.9167": [0, 0, -2],
						"1.9583": [0, 0, 0],
						"2.0": [0, 0, -2]
					}
				},
				"bone28": {
					"position": {
						"0.0": [0, 1, 0],
						"0.0417": [0, 1, -2],
						"0.0833": [0, 1, 0],
						"0.125": [0, 1, -2],
						"0.1667": [0, 1, 0],
						"0.2083": [0, 1, -2],
						"0.25": [0, 1, 0],
						"0.2917": [0, 1, -2],
						"0.3333": [0, 1, 0],
						"0.375": [0, 1, -2],
						"0.4167": [0, 1, 0],
						"0.4583": [0, 1, -2],
						"0.5": [0, 1, 0],
						"0.5417": [0, 1, -2],
						"0.5833": [0, 1, 0],
						"0.625": [0, 1, -2],
						"0.6667": [0, 1, 0],
						"0.7083": [0, 1, -2],
						"0.75": [0, 1, 0],
						"0.7917": [0, 1, -2],
						"0.8333": [0, 1, 0],
						"0.875": [0, 1, -2],
						"0.9167": [0, 1, 0],
						"0.9583": [0, 1, -2],
						"1.0": [0, 1, 0],
						"1.0417": [0, 1, -2],
						"1.0833": [0, 1, 0],
						"1.125": [0, 1, -2],
						"1.1667": [0, 1, 0],
						"1.2083": [0, 1, 0],
						"1.25": [0, 1, -2],
						"1.2917": [0, 1, 0],
						"1.3333": [0, 1, -2],
						"1.375": [0, 1, 0],
						"1.4167": [0, 1, -2],
						"1.4583": [0, 1, 0],
						"1.5": [0, 1, -2],
						"1.5417": [0, 1, 0],
						"1.5833": [0, 1, -2],
						"1.625": [0, 1, 0],
						"1.6667": [0, 1, -2],
						"1.7083": [0, 1, 0],
						"1.75": [0, 1, -2],
						"1.7917": [0, 1, 0],
						"1.8333": [0, 1, -2],
						"1.875": [0, 1, 0],
						"1.9167": [0, 1, -2],
						"1.9583": [0, 1, 0],
						"2.0": [0, 1, -2]
					}
				},
				"bone29": {
					"position": {
						"0.0": [1, -1, 0],
						"0.0417": [1, -1, -2],
						"0.0833": [1, -1, 0],
						"0.125": [1, -1, -2],
						"0.1667": [1, -1, 0],
						"0.2083": [1, -1, -2],
						"0.25": [1, -1, 0],
						"0.2917": [1, -1, -2],
						"0.3333": [1, -1, 0],
						"0.375": [1, -1, -2],
						"0.4167": [1, -1, 0],
						"0.4583": [1, -1, -2],
						"0.5": [1, -1, 0],
						"0.5417": [1, -1, -2],
						"0.5833": [1, -1, 0],
						"0.625": [1, -1, -2],
						"0.6667": [1, -1, 0],
						"0.7083": [1, -1, -2],
						"0.75": [1, -1, 0],
						"0.7917": [1, -1, -2],
						"0.8333": [1, -1, 0],
						"0.875": [1, -1, -2],
						"0.9167": [1, -1, 0],
						"0.9583": [1, -1, -2],
						"1.0": [1, -1, 0],
						"1.0417": [1, -1, -2],
						"1.0833": [1, -1, 0],
						"1.125": [1, -1, -2],
						"1.1667": [1, -1, 0],
						"1.2083": [1, -1, 0],
						"1.25": [1, -1, -2],
						"1.2917": [1, -1, 0],
						"1.3333": [1, -1, -2],
						"1.375": [1, -1, 0],
						"1.4167": [1, -1, -2],
						"1.4583": [1, -1, 0],
						"1.5": [1, -1, -2],
						"1.5417": [1, -1, 0],
						"1.5833": [1, -1, -2],
						"1.625": [1, -1, 0],
						"1.6667": [1, -1, -2],
						"1.7083": [1, -1, 0],
						"1.75": [1, -1, -2],
						"1.7917": [1, -1, 0],
						"1.8333": [1, -1, -2],
						"1.875": [1, -1, 0],
						"1.9167": [1, -1, -2],
						"1.9583": [1, -1, 0],
						"2.0": [1, -1, -2]
					}
				},
				"bone30": {
					"position": {
						"0.0": [0, 2, 0],
						"0.0417": [0, 2, -1],
						"0.0833": [0, 2, 0],
						"0.125": [0, 2, -1],
						"0.1667": [0, 2, 0],
						"0.2083": [0, 2, -1],
						"0.25": [0, 2, 0],
						"0.2917": [0, 2, -1],
						"0.3333": [0, 2, 0],
						"0.375": [0, 2, -1],
						"0.4167": [0, 2, 0],
						"0.4583": [0, 2, -1],
						"0.5": [0, 2, 0],
						"0.5417": [0, 2, -1],
						"0.5833": [0, 2, 0],
						"0.625": [0, 2, -1],
						"0.6667": [0, 2, 0],
						"0.7083": [0, 2, -1],
						"0.75": [0, 2, 0],
						"0.7917": [0, 2, -1],
						"0.8333": [0, 2, 0],
						"0.875": [0, 2, -1],
						"0.9167": [0, 2, 0],
						"0.9583": [0, 2, -1],
						"1.0": [0, 2, 0],
						"1.0417": [0, 2, -1],
						"1.0833": [0, 2, 0],
						"1.125": [0, 2, -1],
						"1.1667": [0, 2, 0],
						"1.2083": [0, 2, 0],
						"1.25": [0, 2, -1],
						"1.2917": [0, 2, 0],
						"1.3333": [0, 2, -1],
						"1.375": [0, 2, 0],
						"1.4167": [0, 2, -1],
						"1.4583": [0, 2, 0],
						"1.5": [0, 2, -1],
						"1.5417": [0, 2, 0],
						"1.5833": [0, 2, -1],
						"1.625": [0, 2, 0],
						"1.6667": [0, 2, -1],
						"1.7083": [0, 2, 0],
						"1.75": [0, 2, -1],
						"1.7917": [0, 2, 0],
						"1.8333": [0, 2, -1],
						"1.875": [0, 2, 0],
						"1.9167": [0, 2, -1],
						"1.9583": [0, 2, 0],
						"2.0": [0, 2, -1]
					}
				},
				"bone31": {
					"position": {
						"0.0": [0, 0, 0],
						"0.0417": [0, -2, 0],
						"0.0833": [0, 0, 0],
						"0.125": [0, -2, 0],
						"0.1667": [0, 0, 0],
						"0.2083": [0, -2, 0],
						"0.25": [0, 0, 0],
						"0.2917": [0, -2, 0],
						"0.3333": [0, 0, 0],
						"0.375": [0, -2, 0],
						"0.4167": [0, 0, 0],
						"0.4583": [0, -2, 0],
						"0.5": [0, 0, 0],
						"0.5417": [0, -2, 0],
						"0.5833": [0, 0, 0],
						"0.625": [0, -2, 0],
						"0.6667": [0, 0, 0],
						"0.7083": [0, -2, 0],
						"0.75": [0, 0, 0],
						"0.7917": [0, -2, 0],
						"0.8333": [0, 0, 0],
						"0.875": [0, -2, 0],
						"0.9167": [0, 0, 0],
						"0.9583": [0, -2, 0],
						"1.0": [0, 0, 0],
						"1.0417": [0, -2, 0],
						"1.0833": [0, 0, 0],
						"1.125": [0, -2, 0],
						"1.1667": [0, 0, 0],
						"1.2083": [0, 0, 0],
						"1.25": [0, -2, 0],
						"1.2917": [0, 0, 0],
						"1.3333": [0, -2, 0],
						"1.375": [0, 0, 0],
						"1.4167": [0, -2, 0],
						"1.4583": [0, 0, 0],
						"1.5": [0, -2, 0],
						"1.5417": [0, 0, 0],
						"1.5833": [0, -2, 0],
						"1.625": [0, 0, 0],
						"1.6667": [0, -2, 0],
						"1.7083": [0, 0, 0],
						"1.75": [0, -2, 0],
						"1.7917": [0, 0, 0],
						"1.8333": [0, -2, 0],
						"1.875": [0, 0, 0],
						"1.9167": [0, -2, 0],
						"1.9583": [0, 0, 0],
						"2.0": [0, -2, 0]
					}
				},
				"bone32": {
					"position": {
						"0.0": [0, 1, 0],
						"0.0417": [0, 4, 0],
						"0.0833": [0, 1, 0],
						"0.125": [0, 4, 0],
						"0.1667": [0, 1, 0],
						"0.2083": [0, 4, 0],
						"0.25": [0, 1, 0],
						"0.2917": [0, 4, 0],
						"0.3333": [0, 1, 0],
						"0.375": [0, 4, 0],
						"0.4167": [0, 1, 0],
						"0.4583": [0, 4, 0],
						"0.5": [0, 1, 0],
						"0.5417": [0, 4, 0],
						"0.5833": [0, 1, 0],
						"0.625": [0, 4, 0],
						"0.6667": [0, 1, 0],
						"0.7083": [0, 4, 0],
						"0.75": [0, 1, 0],
						"0.7917": [0, 4, 0],
						"0.8333": [0, 1, 0],
						"0.875": [0, 4, 0],
						"0.9167": [0, 1, 0],
						"0.9583": [0, 4, 0],
						"1.0": [0, 1, 0],
						"1.0417": [0, 4, 0],
						"1.0833": [0, 1, 0],
						"1.125": [0, 4, 0],
						"1.1667": [0, 1, 0],
						"1.2083": [0, 1, 0],
						"1.25": [0, 4, 0],
						"1.2917": [0, 1, 0],
						"1.3333": [0, 4, 0],
						"1.375": [0, 1, 0],
						"1.4167": [0, 4, 0],
						"1.4583": [0, 1, 0],
						"1.5": [0, 4, 0],
						"1.5417": [0, 1, 0],
						"1.5833": [0, 4, 0],
						"1.625": [0, 1, 0],
						"1.6667": [0, 4, 0],
						"1.7083": [0, 1, 0],
						"1.75": [0, 4, 0],
						"1.7917": [0, 1, 0],
						"1.8333": [0, 4, 0],
						"1.875": [0, 1, 0],
						"1.9167": [0, 4, 0],
						"1.9583": [0, 1, 0],
						"2.0": [0, 4, 0]
					}
				},
				"bone33": {
					"position": {
						"0.0": [0, 0, 0],
						"0.0417": [0, 3, 0],
						"0.0833": [0, 0, 0],
						"0.125": [0, 3, 0],
						"0.1667": [0, 0, 0],
						"0.2083": [0, 3, 0],
						"0.25": [0, 0, 0],
						"0.2917": [0, 3, 0],
						"0.3333": [0, 0, 0],
						"0.375": [0, 3, 0],
						"0.4167": [0, 0, 0],
						"0.4583": [0, 3, 0],
						"0.5": [0, 0, 0],
						"0.5417": [0, 3, 0],
						"0.5833": [0, 0, 0],
						"0.625": [0, 3, 0],
						"0.6667": [0, 0, 0],
						"0.7083": [0, 3, 0],
						"0.75": [0, 0, 0],
						"0.7917": [0, 3, 0],
						"0.8333": [0, 0, 0],
						"0.875": [0, 3, 0],
						"0.9167": [0, 0, 0],
						"0.9583": [0, 3, 0],
						"1.0": [0, 0, 0],
						"1.0417": [0, 3, 0],
						"1.0833": [0, 0, 0],
						"1.125": [0, 3, 0],
						"1.1667": [0, 0, 0],
						"1.2083": [0, 0, 0],
						"1.25": [0, 3, 0],
						"1.2917": [0, 0, 0],
						"1.3333": [0, 3, 0],
						"1.375": [0, 0, 0],
						"1.4167": [0, 3, 0],
						"1.4583": [0, 0, 0],
						"1.5": [0, 3, 0],
						"1.5417": [0, 0, 0],
						"1.5833": [0, 3, 0],
						"1.625": [0, 0, 0],
						"1.6667": [0, 3, 0],
						"1.7083": [0, 0, 0],
						"1.75": [0, 3, 0],
						"1.7917": [0, 0, 0],
						"1.8333": [0, 3, 0],
						"1.875": [0, 0, 0],
						"1.9167": [0, 3, 0],
						"1.9583": [0, 0, 0],
						"2.0": [0, 3, 0]
					}
				},
				"bone34": {
					"position": {
						"0.0": [0, 0, 0],
						"0.0417": [0, 3, 0],
						"0.0833": [0, 0, 0],
						"0.125": [0, 3, 0],
						"0.1667": [0, 0, 0],
						"0.2083": [0, 3, 0],
						"0.25": [0, 0, 0],
						"0.2917": [0, 3, 0],
						"0.3333": [0, 0, 0],
						"0.375": [0, 3, 0],
						"0.4167": [0, 0, 0],
						"0.4583": [0, 3, 0],
						"0.5": [0, 0, 0],
						"0.5417": [0, 3, 0],
						"0.5833": [0, 0, 0],
						"0.625": [0, 3, 0],
						"0.6667": [0, 0, 0],
						"0.7083": [0, 3, 0],
						"0.75": [0, 0, 0],
						"0.7917": [0, 3, 0],
						"0.8333": [0, 0, 0],
						"0.875": [0, 3, 0],
						"0.9167": [0, 0, 0],
						"0.9583": [0, 3, 0],
						"1.0": [0, 0, 0],
						"1.0417": [0, 3, 0],
						"1.0833": [0, 0, 0],
						"1.125": [0, 3, 0],
						"1.1667": [0, 0, 0],
						"1.2083": [0, 0, 0],
						"1.25": [0, 3, 0],
						"1.2917": [0, 0, 0],
						"1.3333": [0, 3, 0],
						"1.375": [0, 0, 0],
						"1.4167": [0, 3, 0],
						"1.4583": [0, 0, 0],
						"1.5": [0, 3, 0],
						"1.5417": [0, 0, 0],
						"1.5833": [0, 3, 0],
						"1.625": [0, 0, 0],
						"1.6667": [0, 3, 0],
						"1.7083": [0, 0, 0],
						"1.75": [0, 3, 0],
						"1.7917": [0, 0, 0],
						"1.8333": [0, 3, 0],
						"1.875": [0, 0, 0],
						"1.9167": [0, 3, 0],
						"1.9583": [0, 0, 0],
						"2.0": [0, 3, 0]
					}
				},
				"bone35": {
					"position": {
						"0.0": [0, 0, 0],
						"0.0417": [0, 4, 0],
						"0.0833": [0, 0, 0],
						"0.125": [0, 4, 0],
						"0.1667": [0, 0, 0],
						"0.2083": [0, 4, 0],
						"0.25": [0, 0, 0],
						"0.2917": [0, 4, 0],
						"0.3333": [0, 0, 0],
						"0.375": [0, 4, 0],
						"0.4167": [0, 0, 0],
						"0.4583": [0, 4, 0],
						"0.5": [0, 0, 0],
						"0.5417": [0, 4, 0],
						"0.5833": [0, 0, 0],
						"0.625": [0, 4, 0],
						"0.6667": [0, 0, 0],
						"0.7083": [0, 4, 0],
						"0.75": [0, 0, 0],
						"0.7917": [0, 4, 0],
						"0.8333": [0, 0, 0],
						"0.875": [0, 4, 0],
						"0.9167": [0, 0, 0],
						"0.9583": [0, 4, 0],
						"1.0": [0, 0, 0],
						"1.0417": [0, 4, 0],
						"1.0833": [0, 0, 0],
						"1.125": [0, 4, 0],
						"1.1667": [0, 0, 0],
						"1.2083": [0, 0, 0],
						"1.25": [0, 4, 0],
						"1.2917": [0, 0, 0],
						"1.3333": [0, 4, 0],
						"1.375": [0, 0, 0],
						"1.4167": [0, 4, 0],
						"1.4583": [0, 0, 0],
						"1.5": [0, 4, 0],
						"1.5417": [0, 0, 0],
						"1.5833": [0, 4, 0],
						"1.625": [0, 0, 0],
						"1.6667": [0, 4, 0],
						"1.7083": [0, 0, 0],
						"1.75": [0, 4, 0],
						"1.7917": [0, 0, 0],
						"1.8333": [0, 4, 0],
						"1.875": [0, 0, 0],
						"1.9167": [0, 4, 0],
						"1.9583": [0, 0, 0],
						"2.0": [0, 4, 0]
					}
				},
				"bone36": {
					"position": {
						"0.0": [2, 0, 0],
						"0.0417": [2, 2, 0],
						"0.0833": [2, 0, 0],
						"0.125": [2, 2, 0],
						"0.1667": [2, 0, 0],
						"0.2083": [2, 2, 0],
						"0.25": [2, 0, 0],
						"0.2917": [2, 2, 0],
						"0.3333": [2, 0, 0],
						"0.375": [2, 2, 0],
						"0.4167": [2, 0, 0],
						"0.4583": [2, 2, 0],
						"0.5": [2, 0, 0],
						"0.5417": [2, 2, 0],
						"0.5833": [2, 0, 0],
						"0.625": [2, 2, 0],
						"0.6667": [2, 0, 0],
						"0.7083": [2, 2, 0],
						"0.75": [2, 0, 0],
						"0.7917": [2, 2, 0],
						"0.8333": [2, 0, 0],
						"0.875": [2, 2, 0],
						"0.9167": [2, 0, 0],
						"0.9583": [2, 2, 0],
						"1.0": [2, 0, 0],
						"1.0417": [2, 2, 0],
						"1.0833": [2, 0, 0],
						"1.125": [2, 2, 0],
						"1.1667": [2, 0, 0],
						"1.2083": [2, 0, 0],
						"1.25": [2, 2, 0],
						"1.2917": [2, 0, 0],
						"1.3333": [2, 2, 0],
						"1.375": [2, 0, 0],
						"1.4167": [2, 2, 0],
						"1.4583": [2, 0, 0],
						"1.5": [2, 2, 0],
						"1.5417": [2, 0, 0],
						"1.5833": [2, 2, 0],
						"1.625": [2, 0, 0],
						"1.6667": [2, 2, 0],
						"1.7083": [2, 0, 0],
						"1.75": [2, 2, 0],
						"1.7917": [2, 0, 0],
						"1.8333": [2, 2, 0],
						"1.875": [2, 0, 0],
						"1.9167": [2, 2, 0],
						"1.9583": [2, 0, 0],
						"2.0": [2, 2, 0]
					}
				},
				"bone37": {
					"position": {
						"0.0": [1, 0, 0],
						"0.0417": [1, -1, 0],
						"0.0833": [1, 0, 0],
						"0.125": [1, -1, 0],
						"0.1667": [1, 0, 0],
						"0.2083": [1, -1, 0],
						"0.25": [1, 0, 0],
						"0.2917": [1, -1, 0],
						"0.3333": [1, 0, 0],
						"0.375": [1, -1, 0],
						"0.4167": [1, 0, 0],
						"0.4583": [1, -1, 0],
						"0.5": [1, 0, 0],
						"0.5417": [1, -1, 0],
						"0.5833": [1, 0, 0],
						"0.625": [1, -1, 0],
						"0.6667": [1, 0, 0],
						"0.7083": [1, -1, 0],
						"0.75": [1, 0, 0],
						"0.7917": [1, -1, 0],
						"0.8333": [1, 0, 0],
						"0.875": [1, -1, 0],
						"0.9167": [1, 0, 0],
						"0.9583": [1, -1, 0],
						"1.0": [1, 0, 0],
						"1.0417": [1, -1, 0],
						"1.0833": [1, 0, 0],
						"1.125": [1, -1, 0],
						"1.1667": [1, 0, 0],
						"1.2083": [1, 0, 0],
						"1.25": [1, -1, 0],
						"1.2917": [1, 0, 0],
						"1.3333": [1, -1, 0],
						"1.375": [1, 0, 0],
						"1.4167": [1, -1, 0],
						"1.4583": [1, 0, 0],
						"1.5": [1, -1, 0],
						"1.5417": [1, 0, 0],
						"1.5833": [1, -1, 0],
						"1.625": [1, 0, 0],
						"1.6667": [1, -1, 0],
						"1.7083": [1, 0, 0],
						"1.75": [1, -1, 0],
						"1.7917": [1, 0, 0],
						"1.8333": [1, -1, 0],
						"1.875": [1, 0, 0],
						"1.9167": [1, -1, 0],
						"1.9583": [1, 0, 0],
						"2.0": [1, -1, 0]
					}
				},
				"bone38": {
					"position": {
						"0.0": [1, 0, 0],
						"0.0417": [1, -1, 0],
						"0.0833": [1, 0, 0],
						"0.125": [1, -1, 0],
						"0.1667": [1, 0, 0],
						"0.2083": [1, -1, 0],
						"0.25": [1, 0, 0],
						"0.2917": [1, -1, 0],
						"0.3333": [1, 0, 0],
						"0.375": [1, -1, 0],
						"0.4167": [1, 0, 0],
						"0.4583": [1, -1, 0],
						"0.5": [1, 0, 0],
						"0.5417": [1, -1, 0],
						"0.5833": [1, 0, 0],
						"0.625": [1, -1, 0],
						"0.6667": [1, 0, 0],
						"0.7083": [1, -1, 0],
						"0.75": [1, 0, 0],
						"0.7917": [1, -1, 0],
						"0.8333": [1, 0, 0],
						"0.875": [1, -1, 0],
						"0.9167": [1, 0, 0],
						"0.9583": [1, -1, 0],
						"1.0": [1, 0, 0],
						"1.0417": [1, -1, 0],
						"1.0833": [1, 0, 0],
						"1.125": [1, -1, 0],
						"1.1667": [1, 0, 0],
						"1.2083": [1, 0, 0],
						"1.25": [1, -1, 0],
						"1.2917": [1, 0, 0],
						"1.3333": [1, -1, 0],
						"1.375": [1, 0, 0],
						"1.4167": [1, -1, 0],
						"1.4583": [1, 0, 0],
						"1.5": [1, -1, 0],
						"1.5417": [1, 0, 0],
						"1.5833": [1, -1, 0],
						"1.625": [1, 0, 0],
						"1.6667": [1, -1, 0],
						"1.7083": [1, 0, 0],
						"1.75": [1, -1, 0],
						"1.7917": [1, 0, 0],
						"1.8333": [1, -1, 0],
						"1.875": [1, 0, 0],
						"1.9167": [1, -1, 0],
						"1.9583": [1, 0, 0],
						"2.0": [1, -1, 0]
					}
				},
				"el4": {
					"rotation": {
						"0.0": [4.10215, 9.1277, 24.32759],
						"0.5": [3.69754, 9.29776, 21.80078],
						"1.5": [3.69754, 9.29776, 21.80078],
						"2.0": [4.10215, 9.1277, 24.32759]
					}
				},
				"el5": {
					"rotation": {
						"0.0": [3, 0, 0],
						"0.5": [8.53691, -1.51798, 15.91203],
						"1.5": [8.53691, -1.51798, 15.91203],
						"2.0": [3, 0, 0]
					}
				}
			}
		},
		"animation.regieleki.ground_walk": {
			"loop": true,
			"animation_length": 2,
			"bones": {
				"torso": {
					"rotation": {
						"0.0": [12.5, 0, 7],
						"0.2083": [0, 0, 9.08],
						"0.5": [12.5, 0, 7],
						"0.75": [15, 0, -11],
						"1.0": [17.49262, 0.4328, -8.95263],
						"1.25": [17.5, 0, -16],
						"1.5": [12.5, 0, 7],
						"1.75": [0, 0, 8.5],
						"2.0": [12.5, 0, 7]
					},
					"position": {
						"0.0": [2, 8.4, -3],
						"0.5": [2, 0.4, -3],
						"1.0": [-2, 8.4, -3],
						"1.5": [2, 0.4, -3],
						"2.0": [2, 8.4, -3]
					}
				},
				"left_leg": {
					"rotation": {
						"0.0": [17.44854, 8.27182, 5.92557],
						"0.5": [0, 0, -1],
						"1.0": [-4.60659, -19.2906, 18.07779],
						"1.5": [0, 0, -1],
						"2.0": [17.44854, 8.27182, 5.92557]
					},
					"position": {
						"0.0": [0, 0.1, 0],
						"0.5": [0, 0, 0],
						"1.0": [0, 0.1, 0],
						"1.5": [0, 0, 0],
						"2.0": [0, 0.1, 0]
					}
				},
				"arm_right": {
					"rotation": {
						"0.0": [0, 0, 9],
						"0.5": [0, 0, -1],
						"1.0": [0, 0, 9],
						"1.5": [0, 0, -1],
						"2.0": [0, 0, 9]
					}
				},
				"eyes": {
					"scale": {
						"0.0": [1, 1, 1],
						"2.0": [1, 1, 1]
					}
				},
				"right_leg": {
					"rotation": {
						"0.0": [10.11783, -17.9824, -24.56202],
						"0.5": [0, 0, 2],
						"1.0": [24.4485, 8.2718, 5.9256],
						"1.5": [0, 0, 2],
						"2.0": [10.11783, -17.9824, -24.56202]
					},
					"position": {
						"0.0": [0, -0.5, 0],
						"0.5": [0, 0, 0],
						"1.0": [0, -0.5, 0],
						"1.5": [0, 0, 0],
						"2.0": [0, -0.5, 0]
					}
				},
				"el": {
					"rotation": {
						"0.0": [0, 0, 22.5],
						"0.5": [17.5, 0, -2.5],
						"1.5": [17.5, 0, -2.5],
						"2.0": [0, 0, 22.5]
					}
				},
				"el3": {
					"rotation": {
						"0.0": [0, 0, -41],
						"0.5": [0, 0, -31],
						"1.5": [0, 0, -31],
						"2.0": [0, 0, -41]
					}
				},
				"el6": {
					"rotation": {
						"0.0": [-11, 0, 0],
						"0.5": [-11.41697, 1.8059, 14.89731],
						"1.5": [-11.41697, 1.8059, 14.89731],
						"2.0": [-11, 0, 0]
					}
				},
				"el2": {
					"rotation": {
						"0.0": [0, 0, 10],
						"0.5": [0, 0, 0],
						"1.5": [0, 0, 0],
						"2.0": [0, 0, 10]
					}
				},
				"bone5": {
					"position": {
						"0.0": [0, -1, 0],
						"0.0417": [0, -2, 0],
						"0.0833": [0, -1, 0],
						"0.125": [0, -2, 0],
						"0.1667": [0, -1, 0],
						"0.2083": [0, -2, 0],
						"0.25": [0, -1, 0],
						"0.2917": [0, -2, 0],
						"0.3333": [0, -1, 0],
						"0.375": [0, -2, 0],
						"0.4167": [0, -1, 0],
						"0.4583": [0, -2, 0],
						"0.5": [0, -1, 0],
						"0.5417": [0, -2, 0],
						"0.5833": [0, -1, 0],
						"0.625": [0, -2, 0],
						"0.6667": [0, -1, 0],
						"0.7083": [0, -2, 0],
						"0.75": [0, -1, 0],
						"0.7917": [0, -2, 0],
						"0.8333": [0, -1, 0],
						"0.875": [0, -2, 0],
						"0.9167": [0, -1, 0],
						"0.9583": [0, -2, 0],
						"1.0": [0, -1, 0],
						"1.0417": [0, -2, 0],
						"1.0833": [0, -1, 0],
						"1.125": [0, -2, 0],
						"1.1667": [0, -1, 0],
						"1.2083": [0, -1, 0],
						"1.25": [0, -2, 0],
						"1.2917": [0, -1, 0],
						"1.3333": [0, -2, 0],
						"1.375": [0, -1, 0],
						"1.4167": [0, -2, 0],
						"1.4583": [0, -1, 0],
						"1.5": [0, -2, 0],
						"1.5417": [0, -1, 0],
						"1.5833": [0, -2, 0],
						"1.625": [0, -1, 0],
						"1.6667": [0, -2, 0],
						"1.7083": [0, -1, 0],
						"1.75": [0, -2, 0],
						"1.7917": [0, -1, 0],
						"1.8333": [0, -2, 0],
						"1.875": [0, -1, 0],
						"1.9167": [0, -2, 0],
						"1.9583": [0, -1, 0],
						"2.0": [0, -2, 0]
					}
				},
				"bone6": {
					"position": {
						"0.0": [0, 0, 0],
						"0.0417": [0, -3, 0],
						"0.0833": [0, 0, 0],
						"0.125": [0, -3, 0],
						"0.1667": [0, 0, 0],
						"0.2083": [0, -3, 0],
						"0.25": [0, 0, 0],
						"0.2917": [0, -3, 0],
						"0.3333": [0, 0, 0],
						"0.375": [0, -3, 0],
						"0.4167": [0, 0, 0],
						"0.4583": [0, -3, 0],
						"0.5": [0, 0, 0],
						"0.5417": [0, -3, 0],
						"0.5833": [0, 0, 0],
						"0.625": [0, -3, 0],
						"0.6667": [0, 0, 0],
						"0.7083": [0, -3, 0],
						"0.75": [0, 0, 0],
						"0.7917": [0, -3, 0],
						"0.8333": [0, 0, 0],
						"0.875": [0, -3, 0],
						"0.9167": [0, 0, 0],
						"0.9583": [0, -3, 0],
						"1.0": [0, 0, 0],
						"1.0417": [0, -3, 0],
						"1.0833": [0, 0, 0],
						"1.125": [0, -3, 0],
						"1.1667": [0, 0, 0],
						"1.2083": [0, 0, 0],
						"1.25": [0, -3, 0],
						"1.2917": [0, 0, 0],
						"1.3333": [0, -3, 0],
						"1.375": [0, 0, 0],
						"1.4167": [0, -3, 0],
						"1.4583": [0, 0, 0],
						"1.5": [0, -3, 0],
						"1.5417": [0, 0, 0],
						"1.5833": [0, -3, 0],
						"1.625": [0, 0, 0],
						"1.6667": [0, -3, 0],
						"1.7083": [0, 0, 0],
						"1.75": [0, -3, 0],
						"1.7917": [0, 0, 0],
						"1.8333": [0, -3, 0],
						"1.875": [0, 0, 0],
						"1.9167": [0, -3, 0],
						"1.9583": [0, 0, 0],
						"2.0": [0, -3, 0]
					}
				},
				"bone7": {
					"position": {
						"0.0": [0, 1, 0],
						"0.0417": [0, -1, 0],
						"0.0833": [0, 1, 0],
						"0.125": [0, -1, 0],
						"0.1667": [0, 1, 0],
						"0.2083": [0, -1, 0],
						"0.25": [0, 1, 0],
						"0.2917": [0, -1, 0],
						"0.3333": [0, 1, 0],
						"0.375": [0, -1, 0],
						"0.4167": [0, 1, 0],
						"0.4583": [0, -1, 0],
						"0.5": [0, 1, 0],
						"0.5417": [0, -1, 0],
						"0.5833": [0, 1, 0],
						"0.625": [0, -1, 0],
						"0.6667": [0, 1, 0],
						"0.7083": [0, -1, 0],
						"0.75": [0, 1, 0],
						"0.7917": [0, -1, 0],
						"0.8333": [0, 1, 0],
						"0.875": [0, -1, 0],
						"0.9167": [0, 1, 0],
						"0.9583": [0, -1, 0],
						"1.0": [0, 1, 0],
						"1.0417": [0, -1, 0],
						"1.0833": [0, 1, 0],
						"1.125": [0, -1, 0],
						"1.1667": [0, 1, 0],
						"1.2083": [0, 1, 0],
						"1.25": [0, -1, 0],
						"1.2917": [0, 1, 0],
						"1.3333": [0, -1, 0],
						"1.375": [0, 1, 0],
						"1.4167": [0, -1, 0],
						"1.4583": [0, 1, 0],
						"1.5": [0, -1, 0],
						"1.5417": [0, 1, 0],
						"1.5833": [0, -1, 0],
						"1.625": [0, 1, 0],
						"1.6667": [0, -1, 0],
						"1.7083": [0, 1, 0],
						"1.75": [0, -1, 0],
						"1.7917": [0, 1, 0],
						"1.8333": [0, -1, 0],
						"1.875": [0, 1, 0],
						"1.9167": [0, -1, 0],
						"1.9583": [0, 1, 0],
						"2.0": [0, -1, 0]
					}
				},
				"bone8": {
					"position": {
						"0.0": [0, 0, 0],
						"0.0417": [0, -2, 0],
						"0.0833": [0, 0, 0],
						"0.125": [0, -2, 0],
						"0.1667": [0, 0, 0],
						"0.2083": [0, -2, 0],
						"0.25": [0, 0, 0],
						"0.2917": [0, -2, 0],
						"0.3333": [0, 0, 0],
						"0.375": [0, -2, 0],
						"0.4167": [0, 0, 0],
						"0.4583": [0, -2, 0],
						"0.5": [0, 0, 0],
						"0.5417": [0, -2, 0],
						"0.5833": [0, 0, 0],
						"0.625": [0, -2, 0],
						"0.6667": [0, 0, 0],
						"0.7083": [0, -2, 0],
						"0.75": [0, 0, 0],
						"0.7917": [0, -2, 0],
						"0.8333": [0, 0, 0],
						"0.875": [0, -2, 0],
						"0.9167": [0, 0, 0],
						"0.9583": [0, -2, 0],
						"1.0": [0, 0, 0],
						"1.0417": [0, -2, 0],
						"1.0833": [0, 0, 0],
						"1.125": [0, -2, 0],
						"1.1667": [0, 0, 0],
						"1.2083": [0, 0, 0],
						"1.25": [0, -2, 0],
						"1.2917": [0, 0, 0],
						"1.3333": [0, -2, 0],
						"1.375": [0, 0, 0],
						"1.4167": [0, -2, 0],
						"1.4583": [0, 0, 0],
						"1.5": [0, -2, 0],
						"1.5417": [0, 0, 0],
						"1.5833": [0, -2, 0],
						"1.625": [0, 0, 0],
						"1.6667": [0, -2, 0],
						"1.7083": [0, 0, 0],
						"1.75": [0, -2, 0],
						"1.7917": [0, 0, 0],
						"1.8333": [0, -2, 0],
						"1.875": [0, 0, 0],
						"1.9167": [0, -2, 0],
						"1.9583": [0, 0, 0],
						"2.0": [0, -2, 0]
					}
				},
				"bone9": {
					"position": {
						"0.0": [0, 0, 0],
						"0.0417": [0, 0, 3],
						"0.0833": [0, 0, 0],
						"0.125": [0, 0, 3],
						"0.1667": [0, 0, 0],
						"0.2083": [0, 0, 3],
						"0.25": [0, 0, 0],
						"0.2917": [0, 0, 3],
						"0.3333": [0, 0, 0],
						"0.375": [0, 0, 3],
						"0.4167": [0, 0, 0],
						"0.4583": [0, 0, 3],
						"0.5": [0, 0, 0],
						"0.5417": [0, 0, 3],
						"0.5833": [0, 0, 0],
						"0.625": [0, 0, 3],
						"0.6667": [0, 0, 0],
						"0.7083": [0, 0, 3],
						"0.75": [0, 0, 0],
						"0.7917": [0, 0, 3],
						"0.8333": [0, 0, 0],
						"0.875": [0, 0, 3],
						"0.9167": [0, 0, 0],
						"0.9583": [0, 0, 3],
						"1.0": [0, 0, 0],
						"1.0417": [0, 0, 3],
						"1.0833": [0, 0, 0],
						"1.125": [0, 0, 3],
						"1.1667": [0, 0, 0],
						"1.2083": [0, 0, 0],
						"1.25": [0, 0, 3],
						"1.2917": [0, 0, 0],
						"1.3333": [0, 0, 3],
						"1.375": [0, 0, 0],
						"1.4167": [0, 0, 3],
						"1.4583": [0, 0, 0],
						"1.5": [0, 0, 3],
						"1.5417": [0, 0, 0],
						"1.5833": [0, 0, 3],
						"1.625": [0, 0, 0],
						"1.6667": [0, 0, 3],
						"1.7083": [0, 0, 0],
						"1.75": [0, 0, 3],
						"1.7917": [0, 0, 0],
						"1.8333": [0, 0, 3],
						"1.875": [0, 0, 0],
						"1.9167": [0, 0, 3],
						"1.9583": [0, 0, 0],
						"2.0": [0, 0, 3]
					}
				},
				"bone10": {
					"position": {
						"0.0": [0, 0, 0],
						"0.0417": [0, 0, 2],
						"0.0833": [0, 0, 0],
						"0.125": [0, 0, 2],
						"0.1667": [0, 0, 0],
						"0.2083": [0, 0, 2],
						"0.25": [0, 0, 0],
						"0.2917": [0, 0, 2],
						"0.3333": [0, 0, 0],
						"0.375": [0, 0, 2],
						"0.4167": [0, 0, 0],
						"0.4583": [0, 0, 2],
						"0.5": [0, 0, 0],
						"0.5417": [0, 0, 2],
						"0.5833": [0, 0, 0],
						"0.625": [0, 0, 2],
						"0.6667": [0, 0, 0],
						"0.7083": [0, 0, 2],
						"0.75": [0, 0, 0],
						"0.7917": [0, 0, 2],
						"0.8333": [0, 0, 0],
						"0.875": [0, 0, 2],
						"0.9167": [0, 0, 0],
						"0.9583": [0, 0, 2],
						"1.0": [0, 0, 0],
						"1.0417": [0, 0, 2],
						"1.0833": [0, 0, 0],
						"1.125": [0, 0, 2],
						"1.1667": [0, 0, 0],
						"1.2083": [0, 0, 0],
						"1.25": [0, 0, 2],
						"1.2917": [0, 0, 0],
						"1.3333": [0, 0, 2],
						"1.375": [0, 0, 0],
						"1.4167": [0, 0, 2],
						"1.4583": [0, 0, 0],
						"1.5": [0, 0, 2],
						"1.5417": [0, 0, 0],
						"1.5833": [0, 0, 2],
						"1.625": [0, 0, 0],
						"1.6667": [0, 0, 2],
						"1.7083": [0, 0, 0],
						"1.75": [0, 0, 2],
						"1.7917": [0, 0, 0],
						"1.8333": [0, 0, 2],
						"1.875": [0, 0, 0],
						"1.9167": [0, 0, 2],
						"1.9583": [0, 0, 0],
						"2.0": [0, 0, 2]
					}
				},
				"bone11": {
					"position": {
						"0.0": [0, 0, 0],
						"0.0417": [0, 0, 4],
						"2.0": [0, 0, 0]
					}
				},
				"bone12": {
					"position": {
						"0.0": [0, 0, 0],
						"0.0417": [0, 0, -2],
						"0.0833": [0, 0, 0],
						"0.125": [0, 0, -2],
						"0.1667": [0, 0, 0],
						"0.2083": [0, 0, -2],
						"0.25": [0, 0, 0],
						"0.2917": [0, 0, -2],
						"0.3333": [0, 0, 0],
						"0.375": [0, 0, -2],
						"0.4167": [0, 0, 0],
						"0.4583": [0, 0, -2],
						"0.5": [0, 0, 0],
						"0.5417": [0, 0, -2],
						"0.5833": [0, 0, 0],
						"0.625": [0, 0, -2],
						"0.6667": [0, 0, 0],
						"0.7083": [0, 0, -2],
						"0.75": [0, 0, 0],
						"0.7917": [0, 0, -2],
						"0.8333": [0, 0, 0],
						"0.875": [0, 0, -2],
						"0.9167": [0, 0, 0],
						"0.9583": [0, 0, -2],
						"1.0": [0, 0, 0],
						"1.0417": [0, 0, -2],
						"1.0833": [0, 0, 0],
						"1.125": [0, 0, -2],
						"1.1667": [0, 0, 0],
						"1.2083": [0, 0, 0],
						"1.25": [0, 0, -2],
						"1.2917": [0, 0, 0],
						"1.3333": [0, 0, -2],
						"1.375": [0, 0, 0],
						"1.4167": [0, 0, -2],
						"1.4583": [0, 0, 0],
						"1.5": [0, 0, -2],
						"1.5417": [0, 0, 0],
						"1.5833": [0, 0, -2],
						"1.625": [0, 0, 0],
						"1.6667": [0, 0, -2],
						"1.7083": [0, 0, 0],
						"1.75": [0, 0, -2],
						"1.7917": [0, 0, 0],
						"1.8333": [0, 0, -2],
						"1.875": [0, 0, 0],
						"1.9167": [0, 0, -2],
						"1.9583": [0, 0, 0],
						"2.0": [0, 0, -2]
					}
				},
				"bone13": {
					"position": {
						"0.0": [0, 0, 0],
						"0.0417": [0, 0, -3],
						"0.0833": [0, 0, 0],
						"0.125": [0, 0, -3],
						"0.1667": [0, 0, 0],
						"0.2083": [0, 0, -3],
						"0.25": [0, 0, 0],
						"0.2917": [0, 0, -3],
						"0.3333": [0, 0, 0],
						"0.375": [0, 0, -3],
						"0.4167": [0, 0, 0],
						"0.4583": [0, 0, -3],
						"0.5": [0, 0, 0],
						"0.5417": [0, 0, -3],
						"0.5833": [0, 0, 0],
						"0.625": [0, 0, -3],
						"0.6667": [0, 0, 0],
						"0.7083": [0, 0, -3],
						"0.75": [0, 0, 0],
						"0.7917": [0, 0, -3],
						"0.8333": [0, 0, 0],
						"0.875": [0, 0, -3],
						"0.9167": [0, 0, 0],
						"0.9583": [0, 0, -3],
						"1.0": [0, 0, 0],
						"1.0417": [0, 0, -3],
						"1.0833": [0, 0, 0],
						"1.125": [0, 0, -3],
						"1.1667": [0, 0, 0],
						"1.2083": [0, 0, 0],
						"1.25": [0, 0, -3],
						"1.2917": [0, 0, 0],
						"1.3333": [0, 0, -3],
						"1.375": [0, 0, 0],
						"1.4167": [0, 0, -3],
						"1.4583": [0, 0, 0],
						"1.5": [0, 0, -3],
						"1.5417": [0, 0, 0],
						"1.5833": [0, 0, -3],
						"1.625": [0, 0, 0],
						"1.6667": [0, 0, -3],
						"1.7083": [0, 0, 0],
						"1.75": [0, 0, -3],
						"1.7917": [0, 0, 0],
						"1.8333": [0, 0, -3],
						"1.875": [0, 0, 0],
						"1.9167": [0, 0, -3],
						"1.9583": [0, 0, 0],
						"2.0": [0, 0, -3]
					}
				},
				"bone14": {
					"position": {
						"0.0": [0, 0, 0],
						"0.0417": [0, 0, -1],
						"0.0833": [0, 0, 0],
						"0.125": [0, 0, -1],
						"0.1667": [0, 0, 0],
						"0.2083": [0, 0, -1],
						"0.25": [0, 0, 0],
						"0.2917": [0, 0, -1],
						"0.3333": [0, 0, 0],
						"0.375": [0, 0, -1],
						"0.4167": [0, 0, 0],
						"0.4583": [0, 0, -1],
						"0.5": [0, 0, 0],
						"0.5417": [0, 0, -1],
						"0.5833": [0, 0, 0],
						"0.625": [0, 0, -1],
						"0.6667": [0, 0, 0],
						"0.7083": [0, 0, -1],
						"0.75": [0, 0, 0],
						"0.7917": [0, 0, -1],
						"0.8333": [0, 0, 0],
						"0.875": [0, 0, -1],
						"0.9167": [0, 0, 0],
						"0.9583": [0, 0, -1],
						"1.0": [0, 0, 0],
						"1.0417": [0, 0, -1],
						"1.0833": [0, 0, 0],
						"1.125": [0, 0, -1],
						"1.1667": [0, 0, 0],
						"1.2083": [0, 0, 0],
						"1.25": [0, 0, -1],
						"1.2917": [0, 0, 0],
						"1.3333": [0, 0, -1],
						"1.375": [0, 0, 0],
						"1.4167": [0, 0, -1],
						"1.4583": [0, 0, 0],
						"1.5": [0, 0, -1],
						"1.5417": [0, 0, 0],
						"1.5833": [0, 0, -1],
						"1.625": [0, 0, 0],
						"1.6667": [0, 0, -1],
						"1.7083": [0, 0, 0],
						"1.75": [0, 0, -1],
						"1.7917": [0, 0, 0],
						"1.8333": [0, 0, -1],
						"1.875": [0, 0, 0],
						"1.9167": [0, 0, -1],
						"1.9583": [0, 0, 0],
						"2.0": [0, 0, -1]
					}
				},
				"bone15": {
					"position": {
						"0.0": [1, 0, 0],
						"0.0417": [1, 0, -2],
						"0.0833": [1, 0, 0],
						"0.125": [1, 0, -2],
						"0.1667": [1, 0, 0],
						"0.2083": [1, 0, -2],
						"0.25": [1, 0, 0],
						"0.2917": [1, 0, -2],
						"0.3333": [1, 0, 0],
						"0.375": [1, 0, -2],
						"0.4167": [1, 0, 0],
						"0.4583": [1, 0, -2],
						"0.5": [1, 0, 0],
						"0.5417": [1, 0, -2],
						"0.5833": [1, 0, 0],
						"0.625": [1, 0, -2],
						"0.6667": [1, 0, 0],
						"0.7083": [1, 0, -2],
						"0.75": [1, 0, 0],
						"0.7917": [1, 0, -2],
						"0.8333": [1, 0, 0],
						"0.875": [1, 0, -2],
						"0.9167": [1, 0, 0],
						"0.9583": [1, 0, -2],
						"1.0": [1, 0, 0],
						"1.0417": [1, 0, -2],
						"1.0833": [1, 0, 0],
						"1.125": [1, 0, -2],
						"1.1667": [1, 0, 0],
						"1.2083": [1, 0, 0],
						"1.25": [1, 0, -2],
						"1.2917": [1, 0, 0],
						"1.3333": [1, 0, -2],
						"1.375": [1, 0, 0],
						"1.4167": [1, 0, -2],
						"1.4583": [1, 0, 0],
						"1.5": [1, 0, -2],
						"1.5417": [1, 0, 0],
						"1.5833": [1, 0, -2],
						"1.625": [1, 0, 0],
						"1.6667": [1, 0, -2],
						"1.7083": [1, 0, 0],
						"1.75": [1, 0, -2],
						"1.7917": [1, 0, 0],
						"1.8333": [1, 0, -2],
						"1.875": [1, 0, 0],
						"1.9167": [1, 0, -2],
						"1.9583": [1, 0, 0],
						"2.0": [1, 0, -2]
					}
				},
				"bone16": {
					"position": {
						"0.0": [0, 1, 0],
						"0.0417": [0, 1, -1],
						"0.0833": [0, 1, 0],
						"0.125": [0, 1, -1],
						"0.1667": [0, 1, 0],
						"0.2083": [0, 1, -1],
						"0.25": [0, 1, 0],
						"0.2917": [0, 1, -1],
						"0.3333": [0, 1, 0],
						"0.375": [0, 1, -1],
						"0.4167": [0, 1, 0],
						"0.4583": [0, 1, -1],
						"0.5": [0, 1, 0],
						"0.5417": [0, 1, -1],
						"0.5833": [0, 1, 0],
						"0.625": [0, 1, -1],
						"0.6667": [0, 1, 0],
						"0.7083": [0, 1, -1],
						"0.75": [0, 1, 0],
						"0.7917": [0, 1, -1],
						"0.8333": [0, 1, 0],
						"0.875": [0, 1, -1],
						"0.9167": [0, 1, 0],
						"0.9583": [0, 1, -1],
						"1.0": [0, 1, 0],
						"1.0417": [0, 1, -1],
						"1.0833": [0, 1, 0],
						"1.125": [0, 1, -1],
						"1.1667": [0, 1, 0],
						"1.2083": [0, 1, 0],
						"1.25": [0, 1, -1],
						"1.2917": [0, 1, 0],
						"1.3333": [0, 1, -1],
						"1.375": [0, 1, 0],
						"1.4167": [0, 1, -1],
						"1.4583": [0, 1, 0],
						"1.5": [0, 1, -1],
						"1.5417": [0, 1, 0],
						"1.5833": [0, 1, -1],
						"1.625": [0, 1, 0],
						"1.6667": [0, 1, -1],
						"1.7083": [0, 1, 0],
						"1.75": [0, 1, -1],
						"1.7917": [0, 1, 0],
						"1.8333": [0, 1, -1],
						"1.875": [0, 1, 0],
						"1.9167": [0, 1, -1],
						"1.9583": [0, 1, 0],
						"2.0": [0, 1, -1]
					}
				},
				"bone17": {
					"position": {
						"0.0": [1, 0, 0],
						"0.0417": [1, 4, 0],
						"0.0833": [1, 0, 0],
						"0.125": [1, 4, 0],
						"0.1667": [1, 0, 0],
						"0.2083": [1, 4, 0],
						"0.25": [1, 0, 0],
						"0.2917": [1, 4, 0],
						"0.3333": [1, 0, 0],
						"0.375": [1, 4, 0],
						"0.4167": [1, 0, 0],
						"0.4583": [1, 4, 0],
						"0.5": [1, 0, 0],
						"0.5417": [1, 4, 0],
						"0.5833": [1, 0, 0],
						"0.625": [1, 4, 0],
						"0.6667": [1, 0, 0],
						"0.7083": [1, 4, 0],
						"0.75": [1, 0, 0],
						"0.7917": [1, 4, 0],
						"0.8333": [1, 0, 0],
						"0.875": [1, 4, 0],
						"0.9167": [1, 0, 0],
						"0.9583": [1, 4, 0],
						"1.0": [1, 0, 0],
						"1.0417": [1, 4, 0],
						"1.0833": [1, 0, 0],
						"1.125": [1, 4, 0],
						"1.1667": [1, 0, 0],
						"1.2083": [1, 0, 0],
						"1.25": [1, 4, 0],
						"1.2917": [1, 0, 0],
						"1.3333": [1, 4, 0],
						"1.375": [1, 0, 0],
						"1.4167": [1, 4, 0],
						"1.4583": [1, 0, 0],
						"1.5": [1, 4, 0],
						"1.5417": [1, 0, 0],
						"1.5833": [1, 4, 0],
						"1.625": [1, 0, 0],
						"1.6667": [1, 4, 0],
						"1.7083": [1, 0, 0],
						"1.75": [1, 4, 0],
						"1.7917": [1, 0, 0],
						"1.8333": [1, 4, 0],
						"1.875": [1, 0, 0],
						"1.9167": [1, 4, 0],
						"1.9583": [1, 0, 0],
						"2.0": [1, 4, 0]
					}
				},
				"bone18": {
					"position": {
						"0.0": [0, 0, 0],
						"0.0417": [0, 4, 0],
						"0.0833": [0, 0, 0],
						"0.125": [0, 4, 0],
						"0.1667": [0, 0, 0],
						"0.2083": [0, 4, 0],
						"0.25": [0, 0, 0],
						"0.2917": [0, 4, 0],
						"0.3333": [0, 0, 0],
						"0.375": [0, 4, 0],
						"0.4167": [0, 0, 0],
						"0.4583": [0, 4, 0],
						"0.5": [0, 0, 0],
						"0.5417": [0, 4, 0],
						"0.5833": [0, 0, 0],
						"0.625": [0, 4, 0],
						"0.6667": [0, 0, 0],
						"0.7083": [0, 4, 0],
						"0.75": [0, 0, 0],
						"0.7917": [0, 4, 0],
						"0.8333": [0, 0, 0],
						"0.875": [0, 4, 0],
						"0.9167": [0, 0, 0],
						"0.9583": [0, 4, 0],
						"1.0": [0, 0, 0],
						"1.0417": [0, 4, 0],
						"1.0833": [0, 0, 0],
						"1.125": [0, 4, 0],
						"1.1667": [0, 0, 0],
						"1.2083": [0, 0, 0],
						"1.25": [0, 4, 0],
						"1.2917": [0, 0, 0],
						"1.3333": [0, 4, 0],
						"1.375": [0, 0, 0],
						"1.4167": [0, 4, 0],
						"1.4583": [0, 0, 0],
						"1.5": [0, 4, 0],
						"1.5417": [0, 0, 0],
						"1.5833": [0, 4, 0],
						"1.625": [0, 0, 0],
						"1.6667": [0, 4, 0],
						"1.7083": [0, 0, 0],
						"1.75": [0, 4, 0],
						"1.7917": [0, 0, 0],
						"1.8333": [0, 4, 0],
						"1.875": [0, 0, 0],
						"1.9167": [0, 4, 0],
						"1.9583": [0, 0, 0],
						"2.0": [0, 4, 0]
					}
				},
				"bone19": {
					"position": {
						"0.0": [0, -1, 0],
						"0.0417": [0, 2, 0]
					}
				},
				"bone20": {
					"position": {
						"0.0": [0, 0, 0],
						"0.0417": [0, 3, 0],
						"0.0833": [0, 0, 0],
						"0.125": [0, 3, 0],
						"0.1667": [0, 0, 0],
						"0.2083": [0, 3, 0],
						"0.25": [0, 0, 0],
						"0.2917": [0, 3, 0],
						"0.3333": [0, 0, 0],
						"0.375": [0, 3, 0],
						"0.4167": [0, 0, 0],
						"0.4583": [0, 3, 0],
						"0.5": [0, 0, 0],
						"0.5417": [0, 3, 0],
						"0.5833": [0, 0, 0],
						"0.625": [0, 3, 0],
						"0.6667": [0, 0, 0],
						"0.7083": [0, 3, 0],
						"0.75": [0, 0, 0],
						"0.7917": [0, 3, 0],
						"0.8333": [0, 0, 0],
						"0.875": [0, 3, 0],
						"0.9167": [0, 0, 0],
						"0.9583": [0, 3, 0],
						"1.0": [0, 0, 0],
						"1.0417": [0, 3, 0],
						"1.0833": [0, 0, 0],
						"1.125": [0, 3, 0],
						"1.1667": [0, 0, 0],
						"1.2083": [0, 0, 0],
						"1.25": [0, 3, 0],
						"1.2917": [0, 0, 0],
						"1.3333": [0, 3, 0],
						"1.375": [0, 0, 0],
						"1.4167": [0, 3, 0],
						"1.4583": [0, 0, 0],
						"1.5": [0, 3, 0],
						"1.5417": [0, 0, 0],
						"1.5833": [0, 3, 0],
						"1.625": [0, 0, 0],
						"1.6667": [0, 3, 0],
						"1.7083": [0, 0, 0],
						"1.75": [0, 3, 0],
						"1.7917": [0, 0, 0],
						"1.8333": [0, 3, 0],
						"1.875": [0, 0, 0],
						"1.9167": [0, 3, 0],
						"1.9583": [0, 0, 0],
						"2.0": [0, 3, 0]
					}
				},
				"bone21": {
					"position": {
						"0.0": [0, 0, 0],
						"0.0417": [0, 2, 0],
						"0.0833": [0, 0, 0],
						"0.125": [0, 2, 0],
						"0.1667": [0, 0, 0],
						"0.2083": [0, 2, 0],
						"0.25": [0, 0, 0],
						"0.2917": [0, 2, 0],
						"0.3333": [0, 0, 0],
						"0.375": [0, 2, 0],
						"0.4167": [0, 0, 0],
						"0.4583": [0, 2, 0],
						"0.5": [0, 0, 0],
						"0.5417": [0, 2, 0],
						"0.5833": [0, 0, 0],
						"0.625": [0, 2, 0],
						"0.6667": [0, 0, 0],
						"0.7083": [0, 2, 0],
						"0.75": [0, 0, 0],
						"0.7917": [0, 2, 0],
						"0.8333": [0, 0, 0],
						"0.875": [0, 2, 0],
						"0.9167": [0, 0, 0],
						"0.9583": [0, 2, 0],
						"1.0": [0, 0, 0],
						"1.0417": [0, 2, 0],
						"1.0833": [0, 0, 0],
						"1.125": [0, 2, 0],
						"1.1667": [0, 0, 0],
						"1.2083": [0, 0, 0],
						"1.25": [0, 2, 0],
						"1.2917": [0, 0, 0],
						"1.3333": [0, 2, 0],
						"1.375": [0, 0, 0],
						"1.4167": [0, 2, 0],
						"1.4583": [0, 0, 0],
						"1.5": [0, 2, 0],
						"1.5417": [0, 0, 0],
						"1.5833": [0, 2, 0],
						"1.625": [0, 0, 0],
						"1.6667": [0, 2, 0],
						"1.7083": [0, 0, 0],
						"1.75": [0, 2, 0],
						"1.7917": [0, 0, 0],
						"1.8333": [0, 2, 0],
						"1.875": [0, 0, 0],
						"1.9167": [0, 2, 0],
						"1.9583": [0, 0, 0],
						"2.0": [0, 2, 0]
					}
				},
				"arm_left2": {
					"rotation": {
						"0.0": [0, 0, -16.5],
						"0.5": [0, 0, -1.5],
						"1.0": [0, 0, -16.5],
						"1.5": [0, 0, -1.5],
						"2.0": [0, 0, -16.5]
					}
				},
				"bone22": {
					"position": {
						"0.0": [1, 0, 0],
						"0.0417": [1, -2, 0],
						"0.0833": [1, 0, 0],
						"0.125": [1, -2, 0],
						"0.1667": [1, 0, 0],
						"0.2083": [1, -2, 0],
						"0.25": [1, 0, 0],
						"0.2917": [1, -2, 0],
						"0.3333": [1, 0, 0],
						"0.375": [1, -2, 0],
						"0.4167": [1, 0, 0],
						"0.4583": [1, -2, 0],
						"0.5": [1, 0, 0],
						"0.5417": [1, -2, 0],
						"0.5833": [1, 0, 0],
						"0.625": [1, -2, 0],
						"0.6667": [1, 0, 0],
						"0.7083": [1, -2, 0],
						"0.75": [1, 0, 0],
						"0.7917": [1, -2, 0],
						"0.8333": [1, 0, 0],
						"0.875": [1, -2, 0],
						"0.9167": [1, 0, 0],
						"0.9583": [1, -2, 0],
						"1.0": [1, 0, 0],
						"1.0417": [1, -2, 0],
						"1.0833": [1, 0, 0],
						"1.125": [1, -2, 0],
						"1.1667": [1, 0, 0],
						"1.2083": [1, 0, 0],
						"1.25": [1, -2, 0],
						"1.2917": [1, 0, 0],
						"1.3333": [1, -2, 0],
						"1.375": [1, 0, 0],
						"1.4167": [1, -2, 0],
						"1.4583": [1, 0, 0],
						"1.5": [1, -2, 0],
						"1.5417": [1, 0, 0],
						"1.5833": [1, -2, 0],
						"1.625": [1, 0, 0],
						"1.6667": [1, -2, 0],
						"1.7083": [1, 0, 0],
						"1.75": [1, -2, 0],
						"1.7917": [1, 0, 0],
						"1.8333": [1, -2, 0],
						"1.875": [1, 0, 0],
						"1.9167": [1, -2, 0],
						"1.9583": [1, 0, 0],
						"2.0": [1, -2, 0]
					}
				},
				"bone23": {
					"position": {
						"0.0": [0, 0, 0],
						"0.0417": [0, 0, 1],
						"0.0833": [0, 0, 0],
						"0.125": [0, 0, 1],
						"0.1667": [0, 0, 0],
						"0.2083": [0, 0, 1],
						"0.25": [0, 0, 0],
						"0.2917": [0, 0, 1],
						"0.3333": [0, 0, 0],
						"0.375": [0, 0, 1],
						"0.4167": [0, 0, 0],
						"0.4583": [0, 0, 1],
						"0.5": [0, 0, 0],
						"0.5417": [0, 0, 1],
						"0.5833": [0, 0, 0],
						"0.625": [0, 0, 1],
						"0.6667": [0, 0, 0],
						"0.7083": [0, 0, 1],
						"0.75": [0, 0, 0],
						"0.7917": [0, 0, 1],
						"0.8333": [0, 0, 0],
						"0.875": [0, 0, 1],
						"0.9167": [0, 0, 0],
						"0.9583": [0, 0, 1],
						"1.0": [0, 0, 0],
						"1.0417": [0, 0, 1],
						"1.0833": [0, 0, 0],
						"1.125": [0, 0, 1],
						"1.1667": [0, 0, 0],
						"1.2083": [0, 0, 0],
						"1.25": [0, 0, 1],
						"1.2917": [0, 0, 0],
						"1.3333": [0, 0, 1],
						"1.375": [0, 0, 0],
						"1.4167": [0, 0, 1],
						"1.4583": [0, 0, 0],
						"1.5": [0, 0, 1],
						"1.5417": [0, 0, 0],
						"1.5833": [0, 0, 1],
						"1.625": [0, 0, 0],
						"1.6667": [0, 0, 1],
						"1.7083": [0, 0, 0],
						"1.75": [0, 0, 1],
						"1.7917": [0, 0, 0],
						"1.8333": [0, 0, 1],
						"1.875": [0, 0, 0],
						"1.9167": [0, 0, 1],
						"1.9583": [0, 0, 0],
						"2.0": [0, 0, 1]
					}
				},
				"bone24": {
					"position": {
						"0.0": [0, 0, 0],
						"0.0417": [0, 0, 1],
						"0.0833": [0, 0, 0],
						"0.125": [0, 0, 1],
						"0.1667": [0, 0, 0],
						"0.2083": [0, 0, 1],
						"0.25": [0, 0, 0],
						"0.2917": [0, 0, 1],
						"0.3333": [0, 0, 0],
						"0.375": [0, 0, 1],
						"0.4167": [0, 0, 0],
						"0.4583": [0, 0, 1],
						"0.5": [0, 0, 0],
						"0.5417": [0, 0, 1],
						"0.5833": [0, 0, 0],
						"0.625": [0, 0, 1],
						"0.6667": [0, 0, 0],
						"0.7083": [0, 0, 1],
						"0.75": [0, 0, 0],
						"0.7917": [0, 0, 1],
						"0.8333": [0, 0, 0],
						"0.875": [0, 0, 1],
						"0.9167": [0, 0, 0],
						"0.9583": [0, 0, 1],
						"1.0": [0, 0, 0],
						"1.0417": [0, 0, 1],
						"1.0833": [0, 0, 0],
						"1.125": [0, 0, 1],
						"1.1667": [0, 0, 0],
						"1.2083": [0, 0, 0],
						"1.25": [0, 0, 1],
						"1.2917": [0, 0, 0],
						"1.3333": [0, 0, 1],
						"1.375": [0, 0, 0],
						"1.4167": [0, 0, 1],
						"1.4583": [0, 0, 0],
						"1.5": [0, 0, 1],
						"1.5417": [0, 0, 0],
						"1.5833": [0, 0, 1],
						"1.625": [0, 0, 0],
						"1.6667": [0, 0, 1],
						"1.7083": [0, 0, 0],
						"1.75": [0, 0, 1],
						"1.7917": [0, 0, 0],
						"1.8333": [0, 0, 1],
						"1.875": [0, 0, 0],
						"1.9167": [0, 0, 1],
						"1.9583": [0, 0, 0],
						"2.0": [0, 0, 1]
					}
				},
				"bone25": {
					"position": {
						"0.0": [0, 0, 0],
						"0.0417": [0, 0, 3],
						"0.0833": [0, 0, 0],
						"0.125": [0, 0, 3],
						"0.1667": [0, 0, 0],
						"0.2083": [0, 0, 3],
						"0.25": [0, 0, 0],
						"0.2917": [0, 0, 3],
						"0.3333": [0, 0, 0],
						"0.375": [0, 0, 3],
						"0.4167": [0, 0, 0],
						"0.4583": [0, 0, 3],
						"0.5": [0, 0, 0],
						"0.5417": [0, 0, 3],
						"0.5833": [0, 0, 0],
						"0.625": [0, 0, 3],
						"0.6667": [0, 0, 0],
						"0.7083": [0, 0, 3],
						"0.75": [0, 0, 0],
						"0.7917": [0, 0, 3],
						"0.8333": [0, 0, 0],
						"0.875": [0, 0, 3],
						"0.9167": [0, 0, 0],
						"0.9583": [0, 0, 3],
						"1.0": [0, 0, 0],
						"1.0417": [0, 0, 3],
						"1.0833": [0, 0, 0],
						"1.125": [0, 0, 3],
						"1.1667": [0, 0, 0],
						"1.2083": [0, 0, 0],
						"1.25": [0, 0, 3],
						"1.2917": [0, 0, 0],
						"1.3333": [0, 0, 3],
						"1.375": [0, 0, 0],
						"1.4167": [0, 0, 3],
						"1.4583": [0, 0, 0],
						"1.5": [0, 0, 3],
						"1.5417": [0, 0, 0],
						"1.5833": [0, 0, 3],
						"1.625": [0, 0, 0],
						"1.6667": [0, 0, 3],
						"1.7083": [0, 0, 0],
						"1.75": [0, 0, 3],
						"1.7917": [0, 0, 0],
						"1.8333": [0, 0, 3],
						"1.875": [0, 0, 0],
						"1.9167": [0, 0, 3],
						"1.9583": [0, 0, 0],
						"2.0": [0, 0, 3]
					}
				},
				"bone26": {
					"position": {
						"0.0": [1, 0, 0],
						"0.0417": [1, 0, -2],
						"0.0833": [1, 0, 0],
						"0.125": [1, 0, -2],
						"0.1667": [1, 0, 0],
						"0.2083": [1, 0, -2],
						"0.25": [1, 0, 0],
						"0.2917": [1, 0, -2],
						"0.3333": [1, 0, 0],
						"0.375": [1, 0, -2],
						"0.4167": [1, 0, 0],
						"0.4583": [1, 0, -2],
						"0.5": [1, 0, 0],
						"0.5417": [1, 0, -2],
						"0.5833": [1, 0, 0],
						"0.625": [1, 0, -2],
						"0.6667": [1, 0, 0],
						"0.7083": [1, 0, -2],
						"0.75": [1, 0, 0],
						"0.7917": [1, 0, -2],
						"0.8333": [1, 0, 0],
						"0.875": [1, 0, -2],
						"0.9167": [1, 0, 0],
						"0.9583": [1, 0, -2],
						"1.0": [1, 0, 0],
						"1.0417": [1, 0, -2],
						"1.0833": [1, 0, 0],
						"1.125": [1, 0, -2],
						"1.1667": [1, 0, 0],
						"1.2083": [1, 0, 0],
						"1.25": [1, 0, -2],
						"1.2917": [1, 0, 0],
						"1.3333": [1, 0, -2],
						"1.375": [1, 0, 0],
						"1.4167": [1, 0, -2],
						"1.4583": [1, 0, 0],
						"1.5": [1, 0, -2],
						"1.5417": [1, 0, 0],
						"1.5833": [1, 0, -2],
						"1.625": [1, 0, 0],
						"1.6667": [1, 0, -2],
						"1.7083": [1, 0, 0],
						"1.75": [1, 0, -2],
						"1.7917": [1, 0, 0],
						"1.8333": [1, 0, -2],
						"1.875": [1, 0, 0],
						"1.9167": [1, 0, -2],
						"1.9583": [1, 0, 0],
						"2.0": [1, 0, -2]
					}
				},
				"bone27": {
					"position": {
						"0.0": [0, 0, 0],
						"0.0417": [0, 0, -2],
						"0.0833": [0, 0, 0],
						"0.125": [0, 0, -2],
						"0.1667": [0, 0, 0],
						"0.2083": [0, 0, -2],
						"0.25": [0, 0, 0],
						"0.2917": [0, 0, -2],
						"0.3333": [0, 0, 0],
						"0.375": [0, 0, -2],
						"0.4167": [0, 0, 0],
						"0.4583": [0, 0, -2],
						"0.5": [0, 0, 0],
						"0.5417": [0, 0, -2],
						"0.5833": [0, 0, 0],
						"0.625": [0, 0, -2],
						"0.6667": [0, 0, 0],
						"0.7083": [0, 0, -2],
						"0.75": [0, 0, 0],
						"0.7917": [0, 0, -2],
						"0.8333": [0, 0, 0],
						"0.875": [0, 0, -2],
						"0.9167": [0, 0, 0],
						"0.9583": [0, 0, -2],
						"1.0": [0, 0, 0],
						"1.0417": [0, 0, -2],
						"1.0833": [0, 0, 0],
						"1.125": [0, 0, -2],
						"1.1667": [0, 0, 0],
						"1.2083": [0, 0, 0],
						"1.25": [0, 0, -2],
						"1.2917": [0, 0, 0],
						"1.3333": [0, 0, -2],
						"1.375": [0, 0, 0],
						"1.4167": [0, 0, -2],
						"1.4583": [0, 0, 0],
						"1.5": [0, 0, -2],
						"1.5417": [0, 0, 0],
						"1.5833": [0, 0, -2],
						"1.625": [0, 0, 0],
						"1.6667": [0, 0, -2],
						"1.7083": [0, 0, 0],
						"1.75": [0, 0, -2],
						"1.7917": [0, 0, 0],
						"1.8333": [0, 0, -2],
						"1.875": [0, 0, 0],
						"1.9167": [0, 0, -2],
						"1.9583": [0, 0, 0],
						"2.0": [0, 0, -2]
					}
				},
				"bone28": {
					"position": {
						"0.0": [0, 1, 0],
						"0.0417": [0, 1, -2],
						"0.0833": [0, 1, 0],
						"0.125": [0, 1, -2],
						"0.1667": [0, 1, 0],
						"0.2083": [0, 1, -2],
						"0.25": [0, 1, 0],
						"0.2917": [0, 1, -2],
						"0.3333": [0, 1, 0],
						"0.375": [0, 1, -2],
						"0.4167": [0, 1, 0],
						"0.4583": [0, 1, -2],
						"0.5": [0, 1, 0],
						"0.5417": [0, 1, -2],
						"0.5833": [0, 1, 0],
						"0.625": [0, 1, -2],
						"0.6667": [0, 1, 0],
						"0.7083": [0, 1, -2],
						"0.75": [0, 1, 0],
						"0.7917": [0, 1, -2],
						"0.8333": [0, 1, 0],
						"0.875": [0, 1, -2],
						"0.9167": [0, 1, 0],
						"0.9583": [0, 1, -2],
						"1.0": [0, 1, 0],
						"1.0417": [0, 1, -2],
						"1.0833": [0, 1, 0],
						"1.125": [0, 1, -2],
						"1.1667": [0, 1, 0],
						"1.2083": [0, 1, 0],
						"1.25": [0, 1, -2],
						"1.2917": [0, 1, 0],
						"1.3333": [0, 1, -2],
						"1.375": [0, 1, 0],
						"1.4167": [0, 1, -2],
						"1.4583": [0, 1, 0],
						"1.5": [0, 1, -2],
						"1.5417": [0, 1, 0],
						"1.5833": [0, 1, -2],
						"1.625": [0, 1, 0],
						"1.6667": [0, 1, -2],
						"1.7083": [0, 1, 0],
						"1.75": [0, 1, -2],
						"1.7917": [0, 1, 0],
						"1.8333": [0, 1, -2],
						"1.875": [0, 1, 0],
						"1.9167": [0, 1, -2],
						"1.9583": [0, 1, 0],
						"2.0": [0, 1, -2]
					}
				},
				"bone29": {
					"position": {
						"0.0": [1, -1, 0],
						"0.0417": [1, -1, -2],
						"0.0833": [1, -1, 0],
						"0.125": [1, -1, -2],
						"0.1667": [1, -1, 0],
						"0.2083": [1, -1, -2],
						"0.25": [1, -1, 0],
						"0.2917": [1, -1, -2],
						"0.3333": [1, -1, 0],
						"0.375": [1, -1, -2],
						"0.4167": [1, -1, 0],
						"0.4583": [1, -1, -2],
						"0.5": [1, -1, 0],
						"0.5417": [1, -1, -2],
						"0.5833": [1, -1, 0],
						"0.625": [1, -1, -2],
						"0.6667": [1, -1, 0],
						"0.7083": [1, -1, -2],
						"0.75": [1, -1, 0],
						"0.7917": [1, -1, -2],
						"0.8333": [1, -1, 0],
						"0.875": [1, -1, -2],
						"0.9167": [1, -1, 0],
						"0.9583": [1, -1, -2],
						"1.0": [1, -1, 0],
						"1.0417": [1, -1, -2],
						"1.0833": [1, -1, 0],
						"1.125": [1, -1, -2],
						"1.1667": [1, -1, 0],
						"1.2083": [1, -1, 0],
						"1.25": [1, -1, -2],
						"1.2917": [1, -1, 0],
						"1.3333": [1, -1, -2],
						"1.375": [1, -1, 0],
						"1.4167": [1, -1, -2],
						"1.4583": [1, -1, 0],
						"1.5": [1, -1, -2],
						"1.5417": [1, -1, 0],
						"1.5833": [1, -1, -2],
						"1.625": [1, -1, 0],
						"1.6667": [1, -1, -2],
						"1.7083": [1, -1, 0],
						"1.75": [1, -1, -2],
						"1.7917": [1, -1, 0],
						"1.8333": [1, -1, -2],
						"1.875": [1, -1, 0],
						"1.9167": [1, -1, -2],
						"1.9583": [1, -1, 0],
						"2.0": [1, -1, -2]
					}
				},
				"bone30": {
					"position": {
						"0.0": [0, 2, 0],
						"0.0417": [0, 2, -1],
						"0.0833": [0, 2, 0],
						"0.125": [0, 2, -1],
						"0.1667": [0, 2, 0],
						"0.2083": [0, 2, -1],
						"0.25": [0, 2, 0],
						"0.2917": [0, 2, -1],
						"0.3333": [0, 2, 0],
						"0.375": [0, 2, -1],
						"0.4167": [0, 2, 0],
						"0.4583": [0, 2, -1],
						"0.5": [0, 2, 0],
						"0.5417": [0, 2, -1],
						"0.5833": [0, 2, 0],
						"0.625": [0, 2, -1],
						"0.6667": [0, 2, 0],
						"0.7083": [0, 2, -1],
						"0.75": [0, 2, 0],
						"0.7917": [0, 2, -1],
						"0.8333": [0, 2, 0],
						"0.875": [0, 2, -1],
						"0.9167": [0, 2, 0],
						"0.9583": [0, 2, -1],
						"1.0": [0, 2, 0],
						"1.0417": [0, 2, -1],
						"1.0833": [0, 2, 0],
						"1.125": [0, 2, -1],
						"1.1667": [0, 2, 0],
						"1.2083": [0, 2, 0],
						"1.25": [0, 2, -1],
						"1.2917": [0, 2, 0],
						"1.3333": [0, 2, -1],
						"1.375": [0, 2, 0],
						"1.4167": [0, 2, -1],
						"1.4583": [0, 2, 0],
						"1.5": [0, 2, -1],
						"1.5417": [0, 2, 0],
						"1.5833": [0, 2, -1],
						"1.625": [0, 2, 0],
						"1.6667": [0, 2, -1],
						"1.7083": [0, 2, 0],
						"1.75": [0, 2, -1],
						"1.7917": [0, 2, 0],
						"1.8333": [0, 2, -1],
						"1.875": [0, 2, 0],
						"1.9167": [0, 2, -1],
						"1.9583": [0, 2, 0],
						"2.0": [0, 2, -1]
					}
				},
				"bone31": {
					"position": {
						"0.0": [0, 0, 0],
						"0.0417": [0, -2, 0],
						"0.0833": [0, 0, 0],
						"0.125": [0, -2, 0],
						"0.1667": [0, 0, 0],
						"0.2083": [0, -2, 0],
						"0.25": [0, 0, 0],
						"0.2917": [0, -2, 0],
						"0.3333": [0, 0, 0],
						"0.375": [0, -2, 0],
						"0.4167": [0, 0, 0],
						"0.4583": [0, -2, 0],
						"0.5": [0, 0, 0],
						"0.5417": [0, -2, 0],
						"0.5833": [0, 0, 0],
						"0.625": [0, -2, 0],
						"0.6667": [0, 0, 0],
						"0.7083": [0, -2, 0],
						"0.75": [0, 0, 0],
						"0.7917": [0, -2, 0],
						"0.8333": [0, 0, 0],
						"0.875": [0, -2, 0],
						"0.9167": [0, 0, 0],
						"0.9583": [0, -2, 0],
						"1.0": [0, 0, 0],
						"1.0417": [0, -2, 0],
						"1.0833": [0, 0, 0],
						"1.125": [0, -2, 0],
						"1.1667": [0, 0, 0],
						"1.2083": [0, 0, 0],
						"1.25": [0, -2, 0],
						"1.2917": [0, 0, 0],
						"1.3333": [0, -2, 0],
						"1.375": [0, 0, 0],
						"1.4167": [0, -2, 0],
						"1.4583": [0, 0, 0],
						"1.5": [0, -2, 0],
						"1.5417": [0, 0, 0],
						"1.5833": [0, -2, 0],
						"1.625": [0, 0, 0],
						"1.6667": [0, -2, 0],
						"1.7083": [0, 0, 0],
						"1.75": [0, -2, 0],
						"1.7917": [0, 0, 0],
						"1.8333": [0, -2, 0],
						"1.875": [0, 0, 0],
						"1.9167": [0, -2, 0],
						"1.9583": [0, 0, 0],
						"2.0": [0, -2, 0]
					}
				},
				"bone32": {
					"position": {
						"0.0": [0, 1, 0],
						"0.0417": [0, 4, 0],
						"0.0833": [0, 1, 0],
						"0.125": [0, 4, 0],
						"0.1667": [0, 1, 0],
						"0.2083": [0, 4, 0],
						"0.25": [0, 1, 0],
						"0.2917": [0, 4, 0],
						"0.3333": [0, 1, 0],
						"0.375": [0, 4, 0],
						"0.4167": [0, 1, 0],
						"0.4583": [0, 4, 0],
						"0.5": [0, 1, 0],
						"0.5417": [0, 4, 0],
						"0.5833": [0, 1, 0],
						"0.625": [0, 4, 0],
						"0.6667": [0, 1, 0],
						"0.7083": [0, 4, 0],
						"0.75": [0, 1, 0],
						"0.7917": [0, 4, 0],
						"0.8333": [0, 1, 0],
						"0.875": [0, 4, 0],
						"0.9167": [0, 1, 0],
						"0.9583": [0, 4, 0],
						"1.0": [0, 1, 0],
						"1.0417": [0, 4, 0],
						"1.0833": [0, 1, 0],
						"1.125": [0, 4, 0],
						"1.1667": [0, 1, 0],
						"1.2083": [0, 1, 0],
						"1.25": [0, 4, 0],
						"1.2917": [0, 1, 0],
						"1.3333": [0, 4, 0],
						"1.375": [0, 1, 0],
						"1.4167": [0, 4, 0],
						"1.4583": [0, 1, 0],
						"1.5": [0, 4, 0],
						"1.5417": [0, 1, 0],
						"1.5833": [0, 4, 0],
						"1.625": [0, 1, 0],
						"1.6667": [0, 4, 0],
						"1.7083": [0, 1, 0],
						"1.75": [0, 4, 0],
						"1.7917": [0, 1, 0],
						"1.8333": [0, 4, 0],
						"1.875": [0, 1, 0],
						"1.9167": [0, 4, 0],
						"1.9583": [0, 1, 0],
						"2.0": [0, 4, 0]
					}
				},
				"bone33": {
					"position": {
						"0.0": [0, 0, 0],
						"0.0417": [0, 3, 0],
						"0.0833": [0, 0, 0],
						"0.125": [0, 3, 0],
						"0.1667": [0, 0, 0],
						"0.2083": [0, 3, 0],
						"0.25": [0, 0, 0],
						"0.2917": [0, 3, 0],
						"0.3333": [0, 0, 0],
						"0.375": [0, 3, 0],
						"0.4167": [0, 0, 0],
						"0.4583": [0, 3, 0],
						"0.5": [0, 0, 0],
						"0.5417": [0, 3, 0],
						"0.5833": [0, 0, 0],
						"0.625": [0, 3, 0],
						"0.6667": [0, 0, 0],
						"0.7083": [0, 3, 0],
						"0.75": [0, 0, 0],
						"0.7917": [0, 3, 0],
						"0.8333": [0, 0, 0],
						"0.875": [0, 3, 0],
						"0.9167": [0, 0, 0],
						"0.9583": [0, 3, 0],
						"1.0": [0, 0, 0],
						"1.0417": [0, 3, 0],
						"1.0833": [0, 0, 0],
						"1.125": [0, 3, 0],
						"1.1667": [0, 0, 0],
						"1.2083": [0, 0, 0],
						"1.25": [0, 3, 0],
						"1.2917": [0, 0, 0],
						"1.3333": [0, 3, 0],
						"1.375": [0, 0, 0],
						"1.4167": [0, 3, 0],
						"1.4583": [0, 0, 0],
						"1.5": [0, 3, 0],
						"1.5417": [0, 0, 0],
						"1.5833": [0, 3, 0],
						"1.625": [0, 0, 0],
						"1.6667": [0, 3, 0],
						"1.7083": [0, 0, 0],
						"1.75": [0, 3, 0],
						"1.7917": [0, 0, 0],
						"1.8333": [0, 3, 0],
						"1.875": [0, 0, 0],
						"1.9167": [0, 3, 0],
						"1.9583": [0, 0, 0],
						"2.0": [0, 3, 0]
					}
				},
				"bone34": {
					"position": {
						"0.0": [0, 0, 0],
						"0.0417": [0, 3, 0],
						"0.0833": [0, 0, 0],
						"0.125": [0, 3, 0],
						"0.1667": [0, 0, 0],
						"0.2083": [0, 3, 0],
						"0.25": [0, 0, 0],
						"0.2917": [0, 3, 0],
						"0.3333": [0, 0, 0],
						"0.375": [0, 3, 0],
						"0.4167": [0, 0, 0],
						"0.4583": [0, 3, 0],
						"0.5": [0, 0, 0],
						"0.5417": [0, 3, 0],
						"0.5833": [0, 0, 0],
						"0.625": [0, 3, 0],
						"0.6667": [0, 0, 0],
						"0.7083": [0, 3, 0],
						"0.75": [0, 0, 0],
						"0.7917": [0, 3, 0],
						"0.8333": [0, 0, 0],
						"0.875": [0, 3, 0],
						"0.9167": [0, 0, 0],
						"0.9583": [0, 3, 0],
						"1.0": [0, 0, 0],
						"1.0417": [0, 3, 0],
						"1.0833": [0, 0, 0],
						"1.125": [0, 3, 0],
						"1.1667": [0, 0, 0],
						"1.2083": [0, 0, 0],
						"1.25": [0, 3, 0],
						"1.2917": [0, 0, 0],
						"1.3333": [0, 3, 0],
						"1.375": [0, 0, 0],
						"1.4167": [0, 3, 0],
						"1.4583": [0, 0, 0],
						"1.5": [0, 3, 0],
						"1.5417": [0, 0, 0],
						"1.5833": [0, 3, 0],
						"1.625": [0, 0, 0],
						"1.6667": [0, 3, 0],
						"1.7083": [0, 0, 0],
						"1.75": [0, 3, 0],
						"1.7917": [0, 0, 0],
						"1.8333": [0, 3, 0],
						"1.875": [0, 0, 0],
						"1.9167": [0, 3, 0],
						"1.9583": [0, 0, 0],
						"2.0": [0, 3, 0]
					}
				},
				"bone35": {
					"position": {
						"0.0": [0, 0, 0],
						"0.0417": [0, 4, 0],
						"0.0833": [0, 0, 0],
						"0.125": [0, 4, 0],
						"0.1667": [0, 0, 0],
						"0.2083": [0, 4, 0],
						"0.25": [0, 0, 0],
						"0.2917": [0, 4, 0],
						"0.3333": [0, 0, 0],
						"0.375": [0, 4, 0],
						"0.4167": [0, 0, 0],
						"0.4583": [0, 4, 0],
						"0.5": [0, 0, 0],
						"0.5417": [0, 4, 0],
						"0.5833": [0, 0, 0],
						"0.625": [0, 4, 0],
						"0.6667": [0, 0, 0],
						"0.7083": [0, 4, 0],
						"0.75": [0, 0, 0],
						"0.7917": [0, 4, 0],
						"0.8333": [0, 0, 0],
						"0.875": [0, 4, 0],
						"0.9167": [0, 0, 0],
						"0.9583": [0, 4, 0],
						"1.0": [0, 0, 0],
						"1.0417": [0, 4, 0],
						"1.0833": [0, 0, 0],
						"1.125": [0, 4, 0],
						"1.1667": [0, 0, 0],
						"1.2083": [0, 0, 0],
						"1.25": [0, 4, 0],
						"1.2917": [0, 0, 0],
						"1.3333": [0, 4, 0],
						"1.375": [0, 0, 0],
						"1.4167": [0, 4, 0],
						"1.4583": [0, 0, 0],
						"1.5": [0, 4, 0],
						"1.5417": [0, 0, 0],
						"1.5833": [0, 4, 0],
						"1.625": [0, 0, 0],
						"1.6667": [0, 4, 0],
						"1.7083": [0, 0, 0],
						"1.75": [0, 4, 0],
						"1.7917": [0, 0, 0],
						"1.8333": [0, 4, 0],
						"1.875": [0, 0, 0],
						"1.9167": [0, 4, 0],
						"1.9583": [0, 0, 0],
						"2.0": [0, 4, 0]
					}
				},
				"bone36": {
					"position": {
						"0.0": [2, 0, 0],
						"0.0417": [2, 2, 0],
						"0.0833": [2, 0, 0],
						"0.125": [2, 2, 0],
						"0.1667": [2, 0, 0],
						"0.2083": [2, 2, 0],
						"0.25": [2, 0, 0],
						"0.2917": [2, 2, 0],
						"0.3333": [2, 0, 0],
						"0.375": [2, 2, 0],
						"0.4167": [2, 0, 0],
						"0.4583": [2, 2, 0],
						"0.5": [2, 0, 0],
						"0.5417": [2, 2, 0],
						"0.5833": [2, 0, 0],
						"0.625": [2, 2, 0],
						"0.6667": [2, 0, 0],
						"0.7083": [2, 2, 0],
						"0.75": [2, 0, 0],
						"0.7917": [2, 2, 0],
						"0.8333": [2, 0, 0],
						"0.875": [2, 2, 0],
						"0.9167": [2, 0, 0],
						"0.9583": [2, 2, 0],
						"1.0": [2, 0, 0],
						"1.0417": [2, 2, 0],
						"1.0833": [2, 0, 0],
						"1.125": [2, 2, 0],
						"1.1667": [2, 0, 0],
						"1.2083": [2, 0, 0],
						"1.25": [2, 2, 0],
						"1.2917": [2, 0, 0],
						"1.3333": [2, 2, 0],
						"1.375": [2, 0, 0],
						"1.4167": [2, 2, 0],
						"1.4583": [2, 0, 0],
						"1.5": [2, 2, 0],
						"1.5417": [2, 0, 0],
						"1.5833": [2, 2, 0],
						"1.625": [2, 0, 0],
						"1.6667": [2, 2, 0],
						"1.7083": [2, 0, 0],
						"1.75": [2, 2, 0],
						"1.7917": [2, 0, 0],
						"1.8333": [2, 2, 0],
						"1.875": [2, 0, 0],
						"1.9167": [2, 2, 0],
						"1.9583": [2, 0, 0],
						"2.0": [2, 2, 0]
					}
				},
				"bone37": {
					"position": {
						"0.0": [1, 0, 0],
						"0.0417": [1, -1, 0],
						"0.0833": [1, 0, 0],
						"0.125": [1, -1, 0],
						"0.1667": [1, 0, 0],
						"0.2083": [1, -1, 0],
						"0.25": [1, 0, 0],
						"0.2917": [1, -1, 0],
						"0.3333": [1, 0, 0],
						"0.375": [1, -1, 0],
						"0.4167": [1, 0, 0],
						"0.4583": [1, -1, 0],
						"0.5": [1, 0, 0],
						"0.5417": [1, -1, 0],
						"0.5833": [1, 0, 0],
						"0.625": [1, -1, 0],
						"0.6667": [1, 0, 0],
						"0.7083": [1, -1, 0],
						"0.75": [1, 0, 0],
						"0.7917": [1, -1, 0],
						"0.8333": [1, 0, 0],
						"0.875": [1, -1, 0],
						"0.9167": [1, 0, 0],
						"0.9583": [1, -1, 0],
						"1.0": [1, 0, 0],
						"1.0417": [1, -1, 0],
						"1.0833": [1, 0, 0],
						"1.125": [1, -1, 0],
						"1.1667": [1, 0, 0],
						"1.2083": [1, 0, 0],
						"1.25": [1, -1, 0],
						"1.2917": [1, 0, 0],
						"1.3333": [1, -1, 0],
						"1.375": [1, 0, 0],
						"1.4167": [1, -1, 0],
						"1.4583": [1, 0, 0],
						"1.5": [1, -1, 0],
						"1.5417": [1, 0, 0],
						"1.5833": [1, -1, 0],
						"1.625": [1, 0, 0],
						"1.6667": [1, -1, 0],
						"1.7083": [1, 0, 0],
						"1.75": [1, -1, 0],
						"1.7917": [1, 0, 0],
						"1.8333": [1, -1, 0],
						"1.875": [1, 0, 0],
						"1.9167": [1, -1, 0],
						"1.9583": [1, 0, 0],
						"2.0": [1, -1, 0]
					}
				},
				"bone38": {
					"position": {
						"0.0": [1, 0, 0],
						"0.0417": [1, -1, 0],
						"0.0833": [1, 0, 0],
						"0.125": [1, -1, 0],
						"0.1667": [1, 0, 0],
						"0.2083": [1, -1, 0],
						"0.25": [1, 0, 0],
						"0.2917": [1, -1, 0],
						"0.3333": [1, 0, 0],
						"0.375": [1, -1, 0],
						"0.4167": [1, 0, 0],
						"0.4583": [1, -1, 0],
						"0.5": [1, 0, 0],
						"0.5417": [1, -1, 0],
						"0.5833": [1, 0, 0],
						"0.625": [1, -1, 0],
						"0.6667": [1, 0, 0],
						"0.7083": [1, -1, 0],
						"0.75": [1, 0, 0],
						"0.7917": [1, -1, 0],
						"0.8333": [1, 0, 0],
						"0.875": [1, -1, 0],
						"0.9167": [1, 0, 0],
						"0.9583": [1, -1, 0],
						"1.0": [1, 0, 0],
						"1.0417": [1, -1, 0],
						"1.0833": [1, 0, 0],
						"1.125": [1, -1, 0],
						"1.1667": [1, 0, 0],
						"1.2083": [1, 0, 0],
						"1.25": [1, -1, 0],
						"1.2917": [1, 0, 0],
						"1.3333": [1, -1, 0],
						"1.375": [1, 0, 0],
						"1.4167": [1, -1, 0],
						"1.4583": [1, 0, 0],
						"1.5": [1, -1, 0],
						"1.5417": [1, 0, 0],
						"1.5833": [1, -1, 0],
						"1.625": [1, 0, 0],
						"1.6667": [1, -1, 0],
						"1.7083": [1, 0, 0],
						"1.75": [1, -1, 0],
						"1.7917": [1, 0, 0],
						"1.8333": [1, -1, 0],
						"1.875": [1, 0, 0],
						"1.9167": [1, -1, 0],
						"1.9583": [1, 0, 0],
						"2.0": [1, -1, 0]
					}
				},
				"el4": {
					"rotation": {
						"0.0": [4.10215, 9.1277, 24.32759],
						"0.5": [3.69754, 9.29776, 21.80078],
						"1.5": [3.69754, 9.29776, 21.80078],
						"2.0": [4.10215, 9.1277, 24.32759]
					}
				},
				"el5": {
					"rotation": {
						"0.0": [3, 0, 0],
						"0.5": [8.53691, -1.51798, 15.91203],
						"1.5": [8.53691, -1.51798, 15.91203],
						"2.0": [3, 0, 0]
					}
				}
			}
		},
		"animation.regieleki.faint": {
			"animation_length": 1.16667,
			"bones": {
				"torso": {
					"rotation": {
						"0.0": [0, 0, 7],
						"0.25": [2.44081, 0.54094, -5.48848],
						"0.5": [-30, 0, 7],
						"0.75": [-77.5, 0, 7]
					},
					"position": {
						"0.0": [2, 12.4, 0],
						"0.25": [2, 6.4, 0],
						"0.4167": [2, -1.6, 0],
						"0.75": [2, -4.6, 0]
					}
				},
				"left_leg": {
					"rotation": {
						"0.0": [23.34914, -12.65286, 15.20339],
						"0.75": [3.02952, -7.87772, 0.58905],
						"0.9583": [-1.50354, -4.79135, -32.1885]
					}
				},
				"arm_right": {
					"rotation": {
						"0.0": [0, 0, 15],
						"0.25": [0, 0, -5],
						"0.625": [0, -15, -5],
						"0.9167": [0.08088, 0.30185, 10.00021],
						"1.1667": [0.05445, -4.69225, 4.9954]
					}
				},
				"eyes": {
					"scale": {
						"0.0": [1, 1, 1],
						"0.1667": [1, -0.0333, 1],
						"0.3333": [1, 1, 1],
						"0.5": [1, 1, 1],
						"0.6667": [1, 1, 1],
						"0.7917": [1, -0.1, 1]
					}
				},
				"right_leg": {
					"rotation": {
						"0.0": [-7.03815, -0.63305, -4.98123],
						"0.75": [-7.5, 0, 0],
						"0.9583": [4.05601, -0.79149, 10.01319]
					}
				},
				"arm_left2": {
					"rotation": {
						"0.0": [0, 0, -12.5],
						"0.25": [0, 0, -2.5],
						"0.7917": [0, 0, -25],
						"1.0833": [0, 0, -12.5]
					}
				}
			}
		}
	}
}