{
    "head": "body",
    "portraitScale": 4,
    "portraitTranslation": [
        0.1,
        -3.5,
        0
    ],
    "profileScale": 1.9,
    "profileTranslation": [
        0,
        -0.9,
        0
    ],
    "poses": {
   "swimming": {
     "poseName": "swimming",
     "transformTicks": 10,
     "poseTypes": [
       "SWIM"
     ],
     "animations": [
       "bedrock(alomomola, water_swim)"
     ],
     "quirks": [
       {
         "name": "blink",
         "animations": [
           "bedrock(alomomola, blink)"
         ]
       }
     ]
   },
  "floating": {
      "poseName": "floating",
      "transformTicks": 10,
      "poseTypes": [ 
                "FLOAT",
                "NONE",
                "PORTRAIT",
                "PROFILE" 
      ],
      "animations": [ "bedrock(alomomola, water_idle)" ],
     "quirks": [
       {
         "name": "blink",
         "animations": [
           "bedrock(alomomola, blink)"
         ]
       }
     ]
  },
        "standing": {
            "poseName": "standing",
            "transformTicks": 10,
            "poseTypes": [
                "STAND"
            ],
            "animations": [
                "bedrock(alomomola, ground_idle)"
            ],
     "quirks": [
       {
         "name": "blink",
         "animations": [
           "bedrock(alomomola, blink)"
         ]
       }
     ]
        },
        "walking": {
            "poseName": "walking",
            "transformTicks": 10,
            "poseTypes": [
                "WALK"
            ],
            "animations": [
                "bedrock(alomomola, ground_walk)"
            ],
     "quirks": [
       {
         "name": "blink",
         "animations": [
           "bedrock(alomomola, blink)"
         ]
       }
     ]
        }
    }
}