{
    "species": "cobblemon:magearna",
    "order": 0,
    "variations": [
        {
            "aspects": [],
            "poser": "cobblemon:magearna",
            "model": "cobblemon:magearna.geo",
            "texture": "cobblemon:textures/pokemon/0801_magearna/magearna.png",
            "layers": [
                {
                    "name": "emissive",
                    "texture": "cobblemon:textures/pokemon/0801_magearna/magearna_glow.png",
                    "emissive": true
                }
            ]
        },
        {
            "aspects": [
                "shiny"
            ],
            "texture": "cobblemon:textures/pokemon/0801_magearna/magearna_shiny.png",
            "layers": [
                {
                    "name": "emissive",
                    "texture": "cobblemon:textures/pokemon/0801_magearna/magearna_glow.png",
                    "emissive": true
                }
            ]
        }
    ]
}