{
    "species": "cobblemon:gengar",
    "order": 50,
    "variations": [
        {
            "aspects": ["mega"],
            "poser": "cobblemon:megagengar",
            "model": "cobblemon:megagengar.geo",
            "texture": "cobblemon:textures/pokemon/gengar/megagengar.png",
            "layers": [
                {
                    "name": "emissive",
                    "texture": "cobblemon:textures/pokemon/gengar/megagengar_emissive.png",
                    "emissive": true
                }
            ]
        },
        {
            "aspects": [
                "shiny","mega"
            ],
            "texture": "cobblemon:textures/pokemon/gengar/megagengar_shiny.png",
            "layers": [
                {
                    "name": "emissive",
                    "texture": "cobblemon:textures/pokemon/gengar/megagengar_emissive.png",
                    "emissive": true
                }
            ]
        }
    ]
}