{
    "species": "cobblemon:dragapult",
    "order": 0,
    "variations": [
        {
            "aspects": [],
            "poser": "cobblemon:dragapult",
            "model": "cobblemon:dragapult.geo",
            "texture": "cobblemon:textures/pokemon/0887_dragapult/dragapult.png",
            "layers": [
                {
                    "name": "emissive",
                    "texture": "cobblemon:textures/pokemon/0887_dragapult/dragapult_emissive.png",
                    "emissive": true
                },
		{
                    "name": "transparent",
                    "texture": "cobblemon:textures/pokemon/0887_dragapult/dragapult_transparent.png",
                    "emissive": true
                }
            ]
        },
        {
            "aspects": [
                "shiny"
            ],
            "texture": "cobblemon:textures/pokemon/0887_dragapult/dragapult_shiny.png"
        }
    ]
}