{
    "species": "cobblemon:klefki",
    "order": 0,
    "variations": [
        {
            "aspects": [],
            "poser": "cobblemon:klefki",
            "model": "cobblemon:klefki.geo",
            "texture": "cobblemon:textures/pokemon/0707_klefki/klefki.png",
            "layers": [
            ]
        },
        {
            "aspects": [
                "shiny"
            ],
            "texture": "cobblemon:textures/pokemon/0707_klefki/klefki_shiny.png",
            "layers": [
            ]
        }
    ]
}