{
    "species": "cobblemon:krokorok",
    "order": 0,
    "variations": [
        {
            "aspects": [],
            "poser": "cobblemon:krokorok",
            "model": "cobblemon:krokorok.geo",
            "texture": "cobblemon:textures/pokemon/0552_krokorok/krokorok.png",
            "layers": [
            ]
        },
        {
            "aspects": [
                "shiny"
            ],
            "texture": "cobblemon:textures/pokemon/0552_krokorok/krokorok_shiny.png",
            "layers": [
            ]
        }
    ]
}