{
    "species": "cobblemon:voltorb",
    "order": 1,
    "variations": [
        {
            "aspects": [
                "hisuian"
            ],
            "model": "cobblemon:voltorb_hisuian.geo",
            "poser": "cobblemon:voltorb",
            "texture": "cobblemon:textures/pokemon/0100_voltorb/voltorb_hisuian.png"
        },
        {
            "aspects": [
                "hisuian",
                "shiny"
            ],
            "texture": "cobblemon:textures/pokemon/0100_voltorb/voltorb_hisuian_shiny.png"
        }
    ]
}