{
	"format_version": "1.12.0",
	"minecraft:geometry": [
		{
			"description": {
				"identifier": "geometry.megalucario",
				"texture_width": 128,
				"texture_height": 128,
				"visible_bounds_width": 5,
				"visible_bounds_height": 4.5,
				"visible_bounds_offset": [0, 1.75, 0]
			},
			"bones": [
				{
					"name": "lucario",
					"pivot": [0, 0, 0]
				},
				{
					"name": "body",
					"parent": "lucario",
					"pivot": [0, 26, 0]
				},
				{
					"name": "torso",
					"parent": "body",
					"pivot": [0, 18.5, -0.5],
					"cubes": [
						{"origin": [-4.5, 14, -3.3], "size": [9, 6, 6], "uv": [0, 0]},
						{"origin": [1.9, 19.6, -2], "size": [3, 0, 2], "pivot": [4.7, 19.5, -0.5], "rotation": [24, -88, 0], "uv": [40, 5]},
						{"origin": [4.9, 19.6, -2], "size": [3, 0, 2], "pivot": [4.7, 19.5, -0.5], "rotation": [24, -88, 0], "uv": [40, 5]},
						{"origin": [-6.68121, 20.52213, 0.34413], "size": [3, 0, 2], "pivot": [-7.3, 19.5, -0.5], "rotation": [155, -88, 0], "uv": [40, 5]},
						{"origin": [-9.68121, 20.52213, 0.34413], "size": [3, 0, 2], "pivot": [-7.3, 19.5, -0.5], "rotation": [155, -88, 0], "uv": [40, 5]},
						{"origin": [-3, 19.5, -3], "size": [6, 2, 5], "pivot": [0, 20, 2], "rotation": [5, 0, 0], "uv": [46, 31]}
					]
				},
				{
					"name": "tail",
					"parent": "torso",
					"pivot": [0, 19.5, 2.6],
					"cubes": [
						{"origin": [-4.4, 4.8, 6.2], "size": [7, 12, 0], "pivot": [0, 13.6, 0.1], "rotation": [35.2292, -9.494, 3.24879], "uv": [20, 53]},
						{"origin": [-2.6, 4.8, 6.2], "size": [7, 12, 0], "pivot": [0, 13.6, 0.1], "rotation": [35.2292, 9.494, -3.24879], "uv": [20, 53], "mirror": true},
						{"origin": [-4.4, 8.1, 3.7], "size": [7, 8, 0], "pivot": [0, 16.9, -2.4], "rotation": [29.1622, -9.10232, 4.22995], "uv": [20, 57]},
						{"origin": [-2.6, 8.1, 3.7], "size": [7, 8, 0], "pivot": [0, 16.9, -2.4], "rotation": [29.1622, 9.10232, -4.22995], "uv": [20, 57], "mirror": true}
					]
				},
				{
					"name": "crotch_fur",
					"parent": "torso",
					"pivot": [0, 19.55, -3.3],
					"rotation": [-30, 0, 0],
					"cubes": [
						{"origin": [-1.5, 17.55, -3.3], "size": [3, 2, 0], "uv": [13, 46]},
						{"origin": [-4.5, 17.55, -3.5], "size": [3, 2, 0], "pivot": [0.5, 18.05, -3.3], "rotation": [0, 1, 0], "uv": [42, 10]},
						{"origin": [1.5, 17.65, -3.6], "size": [3, 2, 0], "pivot": [0.5, 18.05, -3.3], "rotation": [-10, 0, 0], "uv": [42, 5]}
					]
				},
				{
					"name": "waist",
					"parent": "torso",
					"pivot": [0, 21.4, 1],
					"cubes": [
						{"origin": [-2, 21, -2], "size": [4, 4, 3], "uv": [26, 33]}
					]
				},
				{
					"name": "chest",
					"parent": "waist",
					"pivot": [0, 24.5, -0.5],
					"cubes": [
						{"origin": [-2, 24.5, -2.5], "size": [4, 4, 4], "inflate": 0.01, "uv": [58, 18]},
						{"origin": [-1, 25, -4], "size": [2, 2, 2], "pivot": [0, 26, -3.5], "rotation": [0, 0, 45], "uv": [77, 40]},
						{"origin": [-0.5, 25.5, -5.5], "size": [1, 1, 2], "pivot": [0, 26, -3.5], "rotation": [0, 0, 45], "uv": [19, 16]}
					]
				},
				{
					"name": "chest_fur",
					"parent": "chest",
					"pivot": [0, 28.5, -0.5]
				},
				{
					"name": "chest_fur_left",
					"parent": "chest_fur",
					"pivot": [1.3, 28.5, -0.45],
					"rotation": [0, 0, 50],
					"cubes": [
						{"origin": [1.4, 28.5, -2.95], "size": [0, 5, 5], "uv": [38, 16]}
					]
				},
				{
					"name": "chest_fur_right",
					"parent": "chest_fur",
					"pivot": [-1.3, 28.5, -0.45],
					"rotation": [0, 0, -50],
					"cubes": [
						{"origin": [-1.5, 28.5, -2.95], "size": [0, 5, 5], "uv": [38, 16]}
					]
				},
				{
					"name": "chest_fur_front",
					"parent": "chest_fur",
					"pivot": [0, 28.5, -1.95],
					"rotation": [82.5, 0, 0],
					"cubes": [
						{"origin": [-2.5, 28.5, -1.95], "size": [5, 2, 0], "uv": [26, 48]}
					]
				},
				{
					"name": "chest_fur_front2",
					"parent": "chest_fur",
					"pivot": [0, 28.5, -1.5],
					"rotation": [55, 0, 0],
					"cubes": [
						{"origin": [-1.9, 27.8, -1.5], "size": [3, 2, 0], "pivot": [0, 26.5, 0.6], "rotation": [0, 0, -17], "uv": [45, 31]},
						{"origin": [-1.2, 27.8, -1.5], "size": [3, 2, 0], "pivot": [0, 26.5, 0.6], "rotation": [0, 0, 17], "uv": [45, 26]}
					]
				},
				{
					"name": "chest_fur_back",
					"parent": "chest_fur",
					"pivot": [0, 28.5, 0.95],
					"rotation": [-82.5, 0, 0],
					"cubes": [
						{"origin": [-2.5, 28.5, 0.95], "size": [5, 2, 0], "uv": [46, 38]}
					]
				},
				{
					"name": "chest_fur_back2",
					"parent": "chest_fur",
					"pivot": [0, 28.5, 0.5],
					"rotation": [-45, 0, 0],
					"cubes": [
						{"origin": [-2.5, 28.9, 1.1], "size": [5, 5, 0], "uv": [38, 21]}
					]
				},
				{
					"name": "neck",
					"parent": "chest",
					"pivot": [0, 28.5, -0.5],
					"cubes": [
						{"origin": [-1, 27.7, -1.5], "size": [2, 3, 2], "uv": [47, 73]}
					]
				},
				{
					"name": "head_ai",
					"parent": "neck",
					"pivot": [0, 28.5, -0.5]
				},
				{
					"name": "head",
					"parent": "head_ai",
					"pivot": [0, 30, -0.5],
					"cubes": [
						{"origin": [-3, 30, -3.5], "size": [6, 6, 6], "uv": [24, 6]},
						{"origin": [-0.5, 36, -3.5], "size": [1, 0, 6], "inflate": 0.01, "uv": [13, 12]},
						{"origin": [-0.5, 34, -3.5], "size": [1, 2, 0], "inflate": 0.01, "uv": [26, 33]}
					]
				},
				{
					"name": "eyes",
					"parent": "head",
					"pivot": [0, 33, -0.5]
				},
				{
					"name": "eye_left",
					"parent": "eyes",
					"pivot": [2.01, 33.3, -3.01]
				},
				{
					"name": "eye_neutral_left",
					"parent": "eye_left",
					"pivot": [2.01, 33.3, -2.51],
					"cubes": [
						{"origin": [1.01, 32.3, -3.51], "size": [2, 2, 2], "uv": [35, 77]}
					]
				},
				{
					"name": "eye_happy_left",
					"parent": "eye_left",
					"pivot": [1.91, 33.3, -2.41],
					"cubes": [
						{"origin": [0.91, 32.3, -3.41], "size": [2, 2, 2], "uv": [27, 77]}
					]
				},
				{
					"name": "eye_sad_left",
					"parent": "eye_left",
					"pivot": [1.91, 33.8, -2.41],
					"cubes": [
						{"origin": [0.91, 32.3, -3.41], "size": [2, 3, 2], "uv": [11, 56]}
					]
				},
				{
					"name": "pupil_left",
					"parent": "eye_left",
					"pivot": [2.01, 33.3, -3.52],
					"cubes": [
						{"origin": [1.51, 32.3, -3.52], "size": [1, 2, 0], "uv": [24, 0]}
					]
				},
				{
					"name": "eyelid_left",
					"parent": "eye_left",
					"pivot": [1.91, 33.3, -2.42],
					"cubes": [
						{"origin": [0.91, 32.3, -3.42], "size": [2, 2, 2], "inflate": 0.01, "uv": [76, 75]}
					]
				},
				{
					"name": "eyelid_cute_left",
					"parent": "eye_left",
					"pivot": [1.91, 33.3, -2.42],
					"cubes": [
						{"origin": [0.91, 32.3, -3.42], "size": [2, 2, 2], "inflate": 0.01, "uv": [76, 55]}
					]
				},
				{
					"name": "eye_right",
					"parent": "eyes",
					"pivot": [-2.01, 33.3, -3.01]
				},
				{
					"name": "eye_neutral_right",
					"parent": "eye_right",
					"pivot": [-2.01, 33.3, -2.51],
					"cubes": [
						{"origin": [-3.01, 32.3, -3.51], "size": [2, 2, 2], "uv": [76, 8]}
					]
				},
				{
					"name": "eye_happy_right",
					"parent": "eye_right",
					"pivot": [-1.91, 33.3, -2.41],
					"cubes": [
						{"origin": [-2.91, 32.3, -3.41], "size": [2, 2, 2], "uv": [75, 66]}
					]
				},
				{
					"name": "eye_sad_right",
					"parent": "eye_right",
					"pivot": [-1.91, 33.8, -2.41],
					"cubes": [
						{"origin": [-2.91, 32.3, -3.41], "size": [2, 3, 2], "uv": [40, 0]}
					]
				},
				{
					"name": "pupil_right",
					"parent": "eye_right",
					"pivot": [-2.01, 33.3, -3.52],
					"cubes": [
						{"origin": [-2.51, 32.3, -3.52], "size": [1, 2, 0], "uv": [21, 12]}
					]
				},
				{
					"name": "eyelid_right",
					"parent": "eye_right",
					"pivot": [-1.91, 33.3, -2.42],
					"cubes": [
						{"origin": [-2.91, 32.3, -3.42], "size": [2, 2, 2], "inflate": 0.01, "uv": [75, 50]}
					]
				},
				{
					"name": "eyelid_cute_right",
					"parent": "eye_right",
					"pivot": [-1.91, 33.3, -2.42],
					"cubes": [
						{"origin": [-2.91, 32.3, -3.42], "size": [2, 2, 2], "inflate": 0.01, "uv": [75, 31]}
					]
				},
				{
					"name": "muzzle",
					"parent": "head",
					"pivot": [0, 33, -3.35],
					"rotation": [12.6, 0, 0],
					"cubes": [
						{"origin": [-1.5, 31, -6.95], "size": [3, 2, 4], "inflate": 0.02, "uv": [63, 27]},
						{"origin": [-1, 31, -6.96], "size": [2, 1, 0], "inflate": 0.02, "uv": [0, 18]},
						{"origin": [1.4, 30.95, -5.1], "size": [0, 1, 1], "pivot": [1.4, 31, -4.45], "rotation": [45, 0, 0], "uv": [21, 13]},
						{"origin": [-1.4, 30.95, -5.1], "size": [0, 1, 1], "pivot": [-1.4, 31, -4.45], "rotation": [45, 0, 0], "uv": [4, 17]}
					]
				},
				{
					"name": "jaw",
					"parent": "head",
					"pivot": [0, 31.25, -3.5],
					"cubes": [
						{"origin": [-1.5, 30.25, -5.5], "size": [3, 1, 2], "inflate": 0.01, "uv": [72, 24]}
					]
				},
				{
					"name": "ears",
					"parent": "head",
					"pivot": [0, 36, 0]
				},
				{
					"name": "ear_left",
					"parent": "ears",
					"pivot": [1.5, 35.2, 2],
					"rotation": [0, 0, 7.5],
					"cubes": [
						{"origin": [0, 35.2, -1], "size": [3, 4, 3], "inflate": 0.01, "uv": [67, 42]},
						{"origin": [0.5, 38.7, -1], "size": [2, 3, 2], "uv": [73, 3]}
					]
				},
				{
					"name": "ear_right",
					"parent": "ears",
					"pivot": [-1.5, 35.2, 2],
					"rotation": [0, 0, -7.5],
					"cubes": [
						{"origin": [-3, 35.2, -1], "size": [3, 4, 3], "inflate": 0.01, "uv": [67, 35]},
						{"origin": [-2.5, 38.7, -1], "size": [2, 3, 2], "uv": [39, 72]}
					]
				},
				{
					"name": "dreads",
					"parent": "head",
					"pivot": [0, 25.5, 1.3]
				},
				{
					"name": "dread_left",
					"parent": "dreads",
					"pivot": [3, 35.05, 2],
					"rotation": [0, 32.5, 0],
					"cubes": [
						{"origin": [2.1, 33.05, 1], "size": [2, 2, 4], "uv": [58, 71]}
					]
				},
				{
					"name": "dread_left2",
					"parent": "dread_left",
					"pivot": [3, 35.05, 5],
					"cubes": [
						{"origin": [1.7, 32.55, 5], "size": [3, 3, 7], "uv": [45, 21]}
					]
				},
				{
					"name": "dread_left3",
					"parent": "dread_left2",
					"pivot": [3, 34.05, 12],
					"cubes": [
						{"origin": [1.7, 32.55, 12], "size": [3, 3, 7], "uv": [42, 0]},
						{"origin": [1.7, 32.55, 19], "size": [3, 3, 5], "uv": [0, 56]}
					]
				},
				{
					"name": "dread_back_left",
					"parent": "dreads",
					"pivot": [1.5, 35.05, 2.5],
					"rotation": [0, 5, 0],
					"cubes": [
						{"origin": [0.6, 33.05, 2.5], "size": [2, 2, 4], "uv": [71, 60]}
					]
				},
				{
					"name": "dread_back_left2",
					"parent": "dread_back_left",
					"pivot": [1.5, 35.05, 6],
					"cubes": [
						{"origin": [0.2, 32.55, 6], "size": [3, 3, 7], "uv": [0, 46]}
					]
				},
				{
					"name": "dread_back_left3",
					"parent": "dread_back_left2",
					"pivot": [1.5, 34.05, 13],
					"cubes": [
						{"origin": [0.2, 32.55, 13], "size": [3, 3, 7], "uv": [41, 11]},
						{"origin": [0.2, 32.55, 20], "size": [3, 3, 7], "uv": [0, 36]}
					]
				},
				{
					"name": "dread_right",
					"parent": "dreads",
					"pivot": [-3, 35.05, 2],
					"rotation": [0, -32.5, 0],
					"cubes": [
						{"origin": [-4.1, 33.05, 1], "size": [2, 2, 4], "uv": [67, 67]}
					]
				},
				{
					"name": "dread_right2",
					"parent": "dread_right",
					"pivot": [-3, 35.05, 5],
					"cubes": [
						{"origin": [-4.7, 32.55, 5], "size": [3, 3, 7], "uv": [13, 43]}
					]
				},
				{
					"name": "dread_right3",
					"parent": "dread_right2",
					"pivot": [-3, 33.05, 12],
					"cubes": [
						{"origin": [-4.7, 32.55, 12], "size": [3, 3, 7], "uv": [0, 26]},
						{"origin": [-4.7, 32.55, 19], "size": [3, 3, 5], "uv": [54, 10]}
					]
				},
				{
					"name": "dread_back_right",
					"parent": "dreads",
					"pivot": [-1.5, 35.05, 2.5],
					"rotation": [0, -5, 0],
					"cubes": [
						{"origin": [-2.6, 33.05, 2.5], "size": [2, 2, 4], "uv": [70, 15]}
					]
				},
				{
					"name": "dread_back_right2",
					"parent": "dread_back_right",
					"pivot": [-1.5, 35.05, 6],
					"cubes": [
						{"origin": [-3.2, 32.55, 6], "size": [3, 3, 7], "uv": [33, 43]}
					]
				},
				{
					"name": "dread_back_right3",
					"parent": "dread_back_right2",
					"pivot": [-1.5, 34.05, 13],
					"cubes": [
						{"origin": [-3.2, 32.55, 13], "size": [3, 3, 7], "uv": [33, 33]},
						{"origin": [-3.2, 32.55, 20], "size": [3, 3, 7], "uv": [13, 33]}
					]
				},
				{
					"name": "shoulder_left",
					"parent": "chest",
					"pivot": [2, 28, -0.4],
					"cubes": [
						{"origin": [2.3, 25, -1.9], "size": [2, 3, 3], "inflate": 0.3, "pivot": [3, 26.5, -0.4], "rotation": [86, 0, 0], "uv": [19, 72]}
					]
				},
				{
					"name": "arm_left",
					"parent": "shoulder_left",
					"pivot": [4, 27, -0.4],
					"cubes": [
						{"origin": [3.5, 26, -1.4], "size": [6, 1, 2], "uv": [68, 0]},
						{"origin": [3.5, 27.05, -1.4], "size": [5, 1, 2], "inflate": -0.01, "pivot": [0, 31, -0.4], "rotation": [0, 0, 7], "uv": [25, 30]},
						{"origin": [2.4, 25.1, -1.4], "size": [5, 1, 2], "inflate": -0.01, "pivot": [0, 31, -0.4], "rotation": [0, 0, -7], "uv": [19, 29]}
					]
				},
				{
					"name": "arm_left2",
					"parent": "arm_left",
					"pivot": [9.5, 26.5, 0.6],
					"cubes": [
						{"origin": [9.5, 25.45, -1.9], "size": [5, 2, 3], "inflate": 0.01, "uv": [55, 0]},
						{"origin": [10.7, 27.15, -0.4], "size": [3, 3, 0], "uv": [13, 36]}
					]
				},
				{
					"name": "arm_spike_left",
					"parent": "arm_left2",
					"pivot": [14, 27.35, -0.4],
					"cubes": [
						{"origin": [14.5, 27.85, -0.4], "size": [4, 4, 0], "pivot": [13.5, 28.4, 0.1], "rotation": [0, 0, 25], "uv": [0, 75]}
					]
				},
				{
					"name": "wrist_left",
					"parent": "arm_left2",
					"pivot": [14.5, 25.45, -0.4]
				},
				{
					"name": "hand_left",
					"parent": "wrist_left",
					"pivot": [14.5, 27.45, -0.4],
					"cubes": [
						{"origin": [14.5, 25.45, -2.4], "size": [2, 2, 4], "uv": [0, 69]}
					]
				},
				{
					"name": "fingers_left",
					"parent": "hand_left",
					"pivot": [16.5, 27.45, -0.4]
				},
				{
					"name": "figner_front_left",
					"parent": "fingers_left",
					"pivot": [16.5, 27.45, -1.9],
					"cubes": [
						{"origin": [16.5, 25.45, -2.4], "size": [2, 2, 1], "inflate": 0.01, "uv": [0, 46]}
					]
				},
				{
					"name": "figner_center_left",
					"parent": "fingers_left",
					"pivot": [16.5, 27.45, -0.4],
					"cubes": [
						{"origin": [16.5, 25.45, -1.4], "size": [2, 2, 2], "inflate": 0.02, "uv": [53, 77]}
					]
				},
				{
					"name": "figner_back_left",
					"parent": "fingers_left",
					"pivot": [16.5, 27.45, 1.1],
					"cubes": [
						{"origin": [16.5, 25.45, 0.6], "size": [2, 2, 1], "inflate": 0.01, "uv": [0, 39]}
					]
				},
				{
					"name": "bone2",
					"parent": "chest",
					"pivot": [-3, 26.5, -0.4],
					"cubes": [
						{"origin": [3, 28, -1.9], "size": [0, 3, 3], "pivot": [-3, 26.5, -0.4], "rotation": [86, 0, 0], "uv": [0, 26]}
					]
				},
				{
					"name": "shoulder_right",
					"parent": "chest",
					"pivot": [-2, 28, -0.4],
					"cubes": [
						{"origin": [-4.3, 25, -1.9], "size": [2, 3, 3], "inflate": 0.3, "pivot": [-3, 26.5, -0.4], "rotation": [86, 0, 0], "uv": [9, 72]}
					]
				},
				{
					"name": "arm_right",
					"parent": "shoulder_right",
					"pivot": [-4, 27, -0.4],
					"cubes": [
						{"origin": [-9.5, 26, -1.4], "size": [6, 1, 2], "uv": [61, 49]},
						{"origin": [-8.8, 26.9, -1.4], "size": [5, 1, 2], "inflate": -0.01, "pivot": [0, 31, -0.4], "rotation": [0, 0, -6], "uv": [27, 29]},
						{"origin": [-7.6, 25, -1.4], "size": [5, 1, 2], "inflate": -0.01, "pivot": [0, 31, -0.4], "rotation": [0, 0, 7], "uv": [24, 30]}
					]
				},
				{
					"name": "arm_right2",
					"parent": "arm_right",
					"pivot": [-9.5, 26.5, 0.6],
					"cubes": [
						{"origin": [-14.5, 25.45, -1.9], "size": [5, 2, 3], "inflate": 0.01, "uv": [24, 0]},
						{"origin": [-13.7, 27.15, -0.4], "size": [3, 3, 0], "uv": [0, 0]}
					]
				},
				{
					"name": "arm_spike_right",
					"parent": "arm_right2",
					"pivot": [-14, 27.35, -0.4],
					"cubes": [
						{"origin": [-18.5, 27.85, -0.4], "size": [4, 4, 0], "pivot": [-13.5, 28.4, 0.1], "rotation": [0, 0, -25], "uv": [70, 73]}
					]
				},
				{
					"name": "wrist_right",
					"parent": "arm_right2",
					"pivot": [-14.5, 25.45, -0.4]
				},
				{
					"name": "hand_right",
					"parent": "wrist_right",
					"pivot": [-14.5, 27.45, -0.4],
					"cubes": [
						{"origin": [-16.5, 25.45, -2.4], "size": [2, 2, 4], "uv": [50, 67]}
					]
				},
				{
					"name": "fingers_right",
					"parent": "hand_right",
					"pivot": [-16.5, 27.45, -0.4]
				},
				{
					"name": "figner_front_right",
					"parent": "fingers_right",
					"pivot": [-16.5, 27.45, -1.9],
					"cubes": [
						{"origin": [-18.5, 25.45, -2.4], "size": [2, 2, 1], "inflate": 0.01, "uv": [0, 36]}
					]
				},
				{
					"name": "figner_center_right",
					"parent": "fingers_right",
					"pivot": [-16.5, 27.45, -0.4],
					"cubes": [
						{"origin": [-18.5, 25.45, -1.4], "size": [2, 2, 2], "inflate": 0.02, "uv": [73, 27]}
					]
				},
				{
					"name": "figner_back_right",
					"parent": "fingers_right",
					"pivot": [-16.5, 27.45, 1.1],
					"cubes": [
						{"origin": [-18.5, 25.45, 0.6], "size": [2, 2, 1], "inflate": 0.01, "uv": [13, 29]}
					]
				},
				{
					"name": "bone",
					"parent": "shoulder_right",
					"pivot": [3, 26.5, -0.4],
					"cubes": [
						{"origin": [-3, 28, -1.9], "size": [0, 3, 3], "pivot": [3, 26.5, -0.4], "rotation": [86, 0, 0], "uv": [0, 0]}
					]
				},
				{
					"name": "leg_right",
					"parent": "lucario",
					"pivot": [-4.5, 19, -0.3],
					"cubes": [
						{"origin": [-5.5, 12, -3.8], "size": [6, 7, 7], "pivot": [-4.5, 19, -0.3], "rotation": [0, 0, 10], "uv": [0, 12]}
					]
				},
				{
					"name": "leg_right2",
					"parent": "leg_right",
					"pivot": [-4, 12.5, -0.5],
					"cubes": [
						{"origin": [-5.5, 9.5, -2], "size": [3, 4, 3], "inflate": 0.01, "uv": [14, 65]}
					]
				},
				{
					"name": "leg_right3",
					"parent": "leg_right2",
					"pivot": [-4, 9.5, -2],
					"rotation": [50, 0, 0],
					"cubes": [
						{"origin": [-5.5, 5.5, -2], "size": [3, 4, 3], "uv": [59, 64]}
					]
				},
				{
					"name": "leg_right4",
					"parent": "leg_right3",
					"pivot": [-4, 5.5, 1],
					"rotation": [-50, 0, 0],
					"cubes": [
						{"origin": [-6, -2.5, -2], "size": [4, 8, 3], "inflate": 0.01, "uv": [50, 50]},
						{"origin": [-4, -2.2, -7], "size": [0, 3, 3], "pivot": [-3, 2.5, -6.4], "rotation": [90, 0, 0], "uv": [0, 12]}
					]
				},
				{
					"name": "foot_right",
					"parent": "leg_right4",
					"pivot": [-4, -2.5, 1],
					"rotation": [-65, 0, 0],
					"cubes": [
						{"origin": [-6, -5.5, -2], "size": [4, 3, 3], "uv": [48, 61]}
					]
				},
				{
					"name": "foot_right2",
					"parent": "foot_right",
					"pivot": [-4, -5.5, 1],
					"rotation": [-25, 0, 0],
					"cubes": [
						{"origin": [-6, -7.5, -2], "size": [4, 2, 3], "inflate": 0.02, "uv": [64, 52]},
						{"origin": [-4, -6.4, -1.8], "size": [0, 3, 3], "pivot": [-3, -7.5, -0.4], "rotation": [104, 0, 0], "uv": [13, 23]}
					]
				},
				{
					"name": "foot_right3",
					"parent": "foot_right2",
					"pivot": [-4, -7.5, 1],
					"rotation": [0, 0, 0],
					"cubes": [
						{"origin": [-6, -9.5, -2], "size": [4, 2, 3], "inflate": 0.01, "uv": [0, 64]},
						{"origin": [-4.5, -9, 1.01], "size": [1, 1, 0], "inflate": 0.01, "uv": [21, 15]}
					]
				},
				{
					"name": "leg_left",
					"parent": "lucario",
					"pivot": [4.5, 19, -0.3],
					"cubes": [
						{"origin": [-0.5, 12, -3.8], "size": [6, 7, 7], "inflate": 0.01, "pivot": [4.5, 19, -0.3], "rotation": [0, 0, -10], "uv": [19, 19]}
					]
				},
				{
					"name": "leg_left2",
					"parent": "leg_left",
					"pivot": [4, 12.5, -0.5],
					"cubes": [
						{"origin": [2.5, 9.5, -2], "size": [3, 4, 3], "inflate": 0.01, "uv": [38, 65]}
					]
				},
				{
					"name": "leg_left3",
					"parent": "leg_left2",
					"pivot": [4, 9.5, -2],
					"rotation": [50, 0, 0],
					"cubes": [
						{"origin": [2.5, 5.5, -2], "size": [3, 4, 3], "uv": [26, 65]}
					]
				},
				{
					"name": "leg_left4",
					"parent": "leg_left3",
					"pivot": [4, 5.5, 1],
					"rotation": [-50, 0, 0],
					"cubes": [
						{"origin": [2, -2.5, -2], "size": [4, 8, 3], "inflate": 0.01, "uv": [53, 38]},
						{"origin": [4, -2.2, -7], "size": [0, 3, 3], "pivot": [-3, 2.5, -6.4], "rotation": [90, 0, 0], "uv": [0, 9]}
					]
				},
				{
					"name": "foot_left",
					"parent": "leg_left4",
					"pivot": [4, -2.5, 1],
					"rotation": [-65, 0, 0],
					"cubes": [
						{"origin": [2, -5.5, -2], "size": [4, 3, 3], "uv": [61, 58]}
					]
				},
				{
					"name": "foot_left2",
					"parent": "foot_left",
					"pivot": [4, -5.5, 1],
					"rotation": [-25, 0, 0],
					"cubes": [
						{"origin": [2, -7.5, -2], "size": [4, 2, 3], "inflate": 0.02, "uv": [65, 10]},
						{"origin": [4, -6.4, -1.8], "size": [0, 3, 3], "pivot": [-3, -7.5, -0.4], "rotation": [104, 0, 0], "uv": [0, 23]}
					]
				},
				{
					"name": "foot_left3",
					"parent": "foot_left2",
					"pivot": [4, -7.5, 1],
					"rotation": [0, 0, 0],
					"cubes": [
						{"origin": [2, -9.5, -2], "size": [4, 2, 3], "inflate": 0.01, "uv": [62, 5]},
						{"origin": [3.5, -9, 1.01], "size": [1, 1, 0], "inflate": 0.01, "uv": [24, 2]}
					]
				}
			]
		}
	]
}