{
    "head": "torso",
    "portraitScale": 1.5,
    "portraitTranslation": [0, 0, 0],
    "profileScale": 1,
    "profileTranslation": [0.05, 0.4, 0],
    "faint": "bedrock(bergmite, faint)",
    "cry":  "bedrock(avalugg, cry)",
    "poses": {
      "standing": {
        "poseName": "standing",
        "transformTicks": 10,
        "poseTypes": ["STAND", "NONE", "PORTRAIT", "PROFILE"],
        "animations": ["look", "bedrock(bergmite, ground_idle)"]
      ,
      "quirks": [
        {
          "name": "blink",
          "animations": ["bedrock(bergmite, blink)"]
        }
      ]
    },
      "walking": {
        "poseName": "walking",
        "transformTicks": 10,
        "poseTypes": ["WALK"],
        "animations": ["bedrock(bergmite, ground_walk)"],
        "quirks": [
          {
            "name": "blink",
            "animations": ["bedrock(bergmite, blink)"]
          }
        ]
      },
    "sleeping": {
        "poseName": "sleeping",
        "transformTicks": 10,
        "poseTypes": ["SLEEP"],
        "animations": [
          "bedrock(bergmite, sleep)"
        ]
       }
    }
  }