{
    "portraitScale": 1.25,
    "faint": "bedrock(eternamax_eternatus, faint)",
    "cry": "bedrock(eternamax_eternatus, cry)",
    "portraitTranslation": [
        0,
        0.5,
        0
    ],
    "profileScale": 0.8,
    "profileTranslation": [
        0,
        0.4,
        0
    ],
    "poses": {
        "standing": {
            "poseName": "standing",
            "transformTicks": 10,
            "poseTypes": [
                "STAND",
                "NONE",
                "PORTRAIT",
                "PROFILE"
            ],
            "animations": [
                "bedrock(eternamax_eternatus, ground_idle)"
            ]
        },
        "walking": {
            "poseName": "walking",
            "transformTicks": 10,
            "poseTypes": [
                "WALK"
            ],
            "animations": [
                "bedrock(eternamax_eternatus, ground_walk)"
            ]
        }
    }
}