{
	"format_version": "1.12.0",
	"minecraft:geometry": [
		{
			"description": {
				"identifier": "geometry.seismitoad",
				"texture_width": 128,
				"texture_height": 128,
				"visible_bounds_width": 4,
				"visible_bounds_height": 3.5,
				"visible_bounds_offset": [0, 1.25, 0]
			},
			"bones": [
				{
					"name": "seismitoad",
					"pivot": [0, 0, 0]
				},
				{
					"name": "torso",
					"parent": "seismitoad",
					"pivot": [0, 0, 0],
					"cubes": [
						{"origin": [-7, 8, -6.5], "size": [14, 12, 11], "uv": [0, 24]}
					]
				},
				{
					"name": "stomach",
					"parent": "torso",
					"pivot": [0, 0, 0],
					"cubes": [
						{"origin": [-7.5, 3, -7], "size": [15, 11, 12], "inflate": 0.1, "uv": [0, 0]}
					]
				},
				{
					"name": "bulb8",
					"parent": "torso",
					"pivot": [0.9639, 14.49239, 6.27857],
					"cubes": [
						{"origin": [3.5639, 10.49239, 3.37857], "size": [3, 3, 2], "inflate": 0.1, "pivot": [0.9639, 14.49239, 6.27857], "rotation": [-169.73942, 28.11271, 0.65906], "uv": [51, 35]},
						{"origin": [2.7639, 9.49239, 3.77857], "size": [5, 5, 4], "pivot": [0.9639, 14.49239, 6.27857], "rotation": [-169.73942, 28.11271, 0.65906], "uv": [62, 69]}
					]
				},
				{
					"name": "bulb7",
					"parent": "torso",
					"pivot": [-0.9639, 14.49239, 6.27857],
					"cubes": [
						{"origin": [-6.5639, 10.49239, 3.37857], "size": [3, 3, 2], "inflate": 0.1, "pivot": [-0.9639, 14.49239, 6.27857], "rotation": [-169.73942, -28.11271, -0.65906], "uv": [0, 0]},
						{"origin": [-7.7639, 9.49239, 3.77857], "size": [5, 5, 4], "pivot": [-0.9639, 14.49239, 6.27857], "rotation": [-169.73942, -28.11271, -0.65906], "uv": [43, 65]}
					]
				},
				{
					"name": "bulb10",
					"parent": "torso",
					"pivot": [0.9639, 14.49239, 6.27857],
					"cubes": [
						{"origin": [3.5639, 19.09239, 2.57857], "size": [3, 3, 2], "inflate": 0.1, "pivot": [0.9639, 14.49239, 6.27857], "rotation": [175.26058, 28.11271, 0.65906], "uv": [0, 6]},
						{"origin": [2.7639, 18.09239, 2.97857], "size": [5, 5, 4], "pivot": [0.9639, 14.49239, 6.27857], "rotation": [175.26058, 28.11271, 0.65906], "uv": [17, 67]}
					]
				},
				{
					"name": "bulb9",
					"parent": "torso",
					"pivot": [-0.9639, 14.49239, 6.27857],
					"cubes": [
						{"origin": [-7.7639, 18.09239, 2.97857], "size": [5, 5, 4], "pivot": [-0.9639, 14.49239, 6.27857], "rotation": [175.26058, -28.11271, -0.65906], "uv": [70, 0]},
						{"origin": [-6.5639, 19.09239, 2.57857], "size": [3, 3, 2], "inflate": 0.1, "pivot": [-0.9639, 14.49239, 6.27857], "rotation": [175.26058, -28.11271, -0.65906], "uv": [64, 79]}
					]
				},
				{
					"name": "head",
					"parent": "torso",
					"pivot": [-3, 21.6, -8.5],
					"cubes": [
						{"origin": [-5.5, 16.1, -10.5], "size": [11, 7, 7], "inflate": 0.001, "uv": [44, 41]},
						{"origin": [-5.5, 15.6, -10.5], "size": [1, 1, 7], "uv": [71, 97]},
						{"origin": [4.5, 15.6, -10.5], "size": [1, 1, 7], "uv": [71, 97]},
						{"origin": [1.5, 15.6, -10.5], "size": [4, 1, 0], "uv": [78, 104]},
						{"origin": [-5.5, 15.6, -10.5], "size": [4, 1, 0], "uv": [78, 104]}
					]
				},
				{
					"name": "jaw",
					"parent": "head",
					"pivot": [0.5, 15.7, -4.8],
					"rotation": [0.5, 0, 0],
					"cubes": [
						{"origin": [-5.5, 15.7, -10.5], "size": [11, 1, 7], "inflate": -0.001, "uv": [54, 97]},
						{"origin": [-5.5, 16.7, -10.5], "size": [2, 1, 7], "inflate": -0.001, "uv": [69, 96]},
						{"origin": [3.5, 16.7, -10.5], "size": [2, 1, 7], "inflate": -0.001, "uv": [69, 96]}
					]
				},
				{
					"name": "neck",
					"parent": "head",
					"pivot": [0, 0, 0],
					"cubes": [
						{"origin": [-4.5, 16, -7.5], "size": [9, 6, 6], "inflate": 0.1, "pivot": [0, 17.9, -4.5], "rotation": [-36, 0, 0], "uv": [0, 48]}
					]
				},
				{
					"name": "bulb6",
					"parent": "head",
					"pivot": [3, 21.6, -8.5],
					"rotation": [-19, 0, 0],
					"cubes": [
						{"origin": [1.5, 21, -12.2], "size": [3, 3, 2], "inflate": 0.1, "pivot": [3, 21.6, -8.5], "rotation": [-18.03899, -13.81523, 4.44682], "uv": [79, 54]},
						{"origin": [0.7, 20, -11.8], "size": [5, 5, 5], "pivot": [3, 21.6, -8.5], "rotation": [-18.03899, -13.81523, 4.44682], "uv": [26, 56]}
					]
				},
				{
					"name": "bulb5",
					"parent": "bulb6",
					"pivot": [-3, 21.6, -8.5],
					"cubes": [
						{"origin": [-5.7, 20, -12], "size": [5, 5, 5], "pivot": [-3, 21.6, -8.5], "rotation": [-17.7794, 10.0089, -3.18994], "uv": [55, 11]},
						{"origin": [-4.5, 21, -12.4], "size": [3, 3, 2], "inflate": 0.1, "pivot": [-3, 21.6, -8.5], "rotation": [-17.7794, 10.0089, -3.18994], "uv": [0, 24]}
					]
				},
				{
					"name": "eyes",
					"parent": "torso",
					"pivot": [0, 0, 0],
					"cubes": [
						{"origin": [1.5, 19.3, -10.55], "size": [3, 2, 0], "uv": [51, 48]},
						{"origin": [-4.5, 19.3, -10.55], "size": [3, 2, 0], "uv": [51, 48]},
						{"origin": [-3.5, 19.9, -10.6], "size": [1, 1, 0], "uv": [36, 60]},
						{"origin": [2.5, 19.9, -10.6], "size": [1, 1, 0], "uv": [36, 60], "mirror": true}
					]
				},
				{
					"name": "rightarm",
					"parent": "torso",
					"pivot": [-6, 19, 0],
					"cubes": [
						{"origin": [-14.5, 17.8, -1.5], "size": [4, 1, 3], "inflate": 0.1, "pivot": [-8, 18.6, 0], "rotation": [0, 0, -45.5], "uv": [78, 30]},
						{"origin": [-16.50655, 11.78463, -2.7], "size": [5, 3, 5], "pivot": [-13.40655, 14.28463, 0.7], "rotation": [0, -17.5, -45.5], "uv": [62, 30]}
					]
				},
				{
					"name": "rightshoulder",
					"parent": "rightarm",
					"pivot": [-8, 18.6, 0],
					"cubes": [
						{"origin": [-10.5, 16.8, -2.5], "size": [5, 3, 5], "pivot": [-8, 18.6, 0], "rotation": [0, 0, -45.5], "uv": [47, 56]},
						{"origin": [-7.5, 18.1, -1.8], "size": [3, 3, 4], "pivot": [-8, 18.6, 0], "rotation": [0, 0, 23], "uv": [49, 75]}
					]
				},
				{
					"name": "bulb3",
					"parent": "rightshoulder",
					"pivot": [-8, 18.6, 0],
					"cubes": [
						{"origin": [-9, 17.6, -1], "size": [2, 3, 2], "inflate": 0.1, "pivot": [-8, 18.6, 0], "rotation": [0, 0, -45.5], "uv": [81, 69]},
						{"origin": [-10, 17.4, -2], "size": [4, 3, 4], "pivot": [-8, 18.6, 0], "rotation": [0, 0, -45.5], "uv": [67, 22]}
					]
				},
				{
					"name": "finger2",
					"parent": "rightarm",
					"pivot": [-14.87668, 10.79121, -1.31312],
					"cubes": [
						{"origin": [-16.02668, 10.29121, -1.71312], "size": [3, 1, 1], "pivot": [-14.87668, 10.79121, -1.31312], "rotation": [0, -19, -45.5], "uv": [63, 56]},
						{"origin": [-16.52668, 10.49121, -1.71312], "size": [1, 1, 1], "inflate": 0.1, "pivot": [-14.87668, 10.79121, -1.31312], "rotation": [5.09266, -18.3291, -61.32213], "uv": [55, 11]}
					]
				},
				{
					"name": "finger1",
					"parent": "rightarm",
					"pivot": [-13.28762, 12.40825, -5.00596],
					"cubes": [
						{"origin": [-15.40594, 11.88961, -2.7204], "size": [2, 1, 1], "pivot": [-13.30594, 12.38961, -2.2204], "rotation": [0, -69.5, -45.5], "uv": [32, 67]},
						{"origin": [-14.08762, 11.90825, -4.30596], "size": [1, 1, 1], "inflate": 0.1, "pivot": [-13.28762, 12.40825, -5.00596], "rotation": [0, -49.5, -45.5], "uv": [0, 61]}
					]
				},
				{
					"name": "finger3",
					"parent": "rightarm",
					"pivot": [-14.39221, 11.28421, 2.01908],
					"cubes": [
						{"origin": [-16.09221, 10.78421, 0.51908], "size": [1, 1, 1], "inflate": 0.1, "pivot": [-14.39221, 11.28421, 2.01908], "rotation": [0, 35.5, -45.5], "uv": [0, 48]},
						{"origin": [-15.39221, 10.78421, 0.51908], "size": [2, 1, 1], "pivot": [-14.39221, 11.28421, 2.01908], "rotation": [0, 35.5, -45.5], "uv": [65, 0]}
					]
				},
				{
					"name": "bulb4",
					"parent": "rightarm",
					"pivot": [-13.40655, 14.28463, 0.7],
					"cubes": [
						{"origin": [-14.90655, 13.58463, -1.3], "size": [2, 2, 2], "inflate": 0.1, "pivot": [-13.40655, 14.28463, 0.7], "rotation": [0, -17.5, -45.5], "uv": [46, 83]},
						{"origin": [-15.90655, 13.18463, -2.3], "size": [4, 2, 4], "pivot": [-13.40655, 14.28463, 0.7], "rotation": [0, -17.5, -45.5], "uv": [74, 39]}
					]
				},
				{
					"name": "leftarm",
					"parent": "torso",
					"pivot": [6, 20, 0],
					"cubes": [
						{"origin": [11.50655, 11.78463, -2.7], "size": [5, 3, 5], "pivot": [13.40655, 14.28463, 0.7], "rotation": [0, 17.5, 45.5], "uv": [63, 60]},
						{"origin": [10.5, 17.8, -1.5], "size": [4, 1, 3], "inflate": 0.1, "pivot": [8, 18.6, 0], "rotation": [0, 0, 45.5], "uv": [76, 16]}
					]
				},
				{
					"name": "bulb2",
					"parent": "leftarm",
					"pivot": [6.40655, 14.28463, 0.7],
					"cubes": [
						{"origin": [12.90655, 13.58463, -1.3], "size": [2, 2, 2], "inflate": 0.1, "pivot": [13.40655, 14.28463, 0.7], "rotation": [0, 17.5, 45.5], "uv": [37, 82]},
						{"origin": [11.90655, 13.18463, -2.3], "size": [4, 2, 4], "pivot": [13.40655, 14.28463, 0.7], "rotation": [0, 17.5, 45.5], "uv": [32, 75]}
					]
				},
				{
					"name": "finger6",
					"parent": "leftarm",
					"pivot": [13.28762, 12.40825, -5.00596],
					"cubes": [
						{"origin": [13.40594, 11.88961, -2.7204], "size": [2, 1, 1], "pivot": [13.30594, 12.38961, -2.2204], "rotation": [0, 69.5, 45.5], "uv": [72, 56]},
						{"origin": [13.08762, 11.90825, -4.30596], "size": [1, 1, 1], "inflate": 0.1, "pivot": [13.28762, 12.40825, -5.00596], "rotation": [0, 49.5, 45.5], "uv": [62, 25]}
					]
				},
				{
					"name": "finger5",
					"parent": "leftarm",
					"pivot": [14.87668, 10.79121, -1.31312],
					"cubes": [
						{"origin": [13.02668, 10.29121, -1.71312], "size": [3, 1, 1], "pivot": [14.87668, 10.79121, -1.31312], "rotation": [0, 19, 45.5], "uv": [62, 22]},
						{"origin": [15.52668, 10.49121, -1.71312], "size": [1, 1, 1], "inflate": 0.1, "pivot": [14.87668, 10.79121, -1.31312], "rotation": [5.09266, 18.3291, 61.32213], "uv": [38, 48]}
					]
				},
				{
					"name": "finger4",
					"parent": "leftarm",
					"pivot": [14.39221, 11.28421, 2.01908],
					"cubes": [
						{"origin": [13.39221, 10.78421, 0.51908], "size": [2, 1, 1], "pivot": [14.39221, 11.28421, 2.01908], "rotation": [0, -35.5, 45.5], "uv": [36, 70]},
						{"origin": [15.09221, 10.78421, 0.51908], "size": [1, 1, 1], "inflate": 0.1, "pivot": [14.39221, 11.28421, 2.01908], "rotation": [0, -35.5, 45.5], "uv": [0, 51]}
					]
				},
				{
					"name": "leftshoulder",
					"parent": "leftarm",
					"pivot": [8, 18.6, 0],
					"cubes": [
						{"origin": [4.5, 18.1, -1.8], "size": [3, 3, 4], "pivot": [8, 18.6, 0], "rotation": [0, 0, -23], "uv": [13, 77]},
						{"origin": [5.5, 16.8, -2.5], "size": [5, 3, 5], "pivot": [8, 18.6, 0], "rotation": [0, 0, 45.5], "uv": [0, 61]}
					]
				},
				{
					"name": "bulb1",
					"parent": "leftshoulder",
					"pivot": [8, 18.6, 0],
					"cubes": [
						{"origin": [7, 17.6, -1], "size": [2, 3, 2], "inflate": 0.1, "pivot": [8, 18.6, 0], "rotation": [0, 0, 45.5], "uv": [81, 46]},
						{"origin": [6, 17.4, -2], "size": [4, 3, 4], "pivot": [8, 18.6, 0], "rotation": [0, 0, 45.5], "uv": [0, 70]}
					]
				},
				{
					"name": "rightleg",
					"parent": "torso",
					"pivot": [-7.1, 8.3, 1],
					"cubes": [
						{"origin": [-10.58082, 2.69687, -3.6], "size": [8, 5, 5], "inflate": 0.1, "pivot": [-9.18082, 5.99687, -1.1], "rotation": [0, 0, -28], "uv": [43, 0]},
						{"origin": [-10.68082, 6.79687, -3.7], "size": [1, 1, 1], "inflate": 0.3, "pivot": [-9.18082, 5.99687, -1.1], "rotation": [0, 0, -28], "uv": [40, 24]}
					]
				},
				{
					"name": "rightfoot",
					"parent": "rightleg",
					"pivot": [-6.07864, 2.8698, -1],
					"cubes": [
						{"origin": [-7.97864, 0.0698, -3.2], "size": [4, 1, 4], "inflate": 0.1, "uv": [71, 10]},
						{"origin": [-8.97864, -0.4302, -4.8], "size": [2, 2, 2], "inflate": -0.1, "uv": [28, 82]},
						{"origin": [-5.37864, -0.4302, -4.8], "size": [2, 2, 2], "inflate": -0.1, "uv": [80, 21]},
						{"origin": [-4.37864, -0.4302, -0.8], "size": [2, 2, 2], "inflate": -0.1, "uv": [16, 61]},
						{"origin": [-8.11338, 1.01127, -2.6], "size": [3, 3, 3], "inflate": 0.1, "pivot": [-6.61338, 3.51127, -1.1], "rotation": [0, 0, -9], "uv": [78, 76]}
					]
				},
				{
					"name": "leftleg",
					"parent": "torso",
					"pivot": [7, 8, -1],
					"cubes": [
						{"origin": [9.68082, 6.79687, -3.7], "size": [1, 1, 1], "inflate": 0.3, "pivot": [9.18082, 5.99687, -1.1], "rotation": [0, 0, 28], "uv": [43, 0]},
						{"origin": [2.58082, 2.69687, -3.6], "size": [8, 5, 5], "inflate": 0.1, "pivot": [9.18082, 5.99687, -1.1], "rotation": [0, 0, 28], "uv": [40, 24]}
					]
				},
				{
					"name": "leftfoot",
					"parent": "leftleg",
					"pivot": [6.78082, 3.89687, -1.1],
					"cubes": [
						{"origin": [3.37864, -0.4302, -4.8], "size": [2, 2, 2], "inflate": -0.1, "uv": [42, 56]},
						{"origin": [3.97864, 0.0698, -3.2], "size": [4, 1, 4], "inflate": 0.1, "uv": [25, 48]},
						{"origin": [6.97864, -0.4302, -4.8], "size": [2, 2, 2], "inflate": -0.1, "uv": [79, 60]},
						{"origin": [2.37864, -0.4302, -0.8], "size": [2, 2, 2], "inflate": -0.1, "uv": [0, 30]},
						{"origin": [5.11338, 1.01127, -2.6], "size": [3, 3, 3], "inflate": 0.1, "pivot": [6.61338, 3.51127, -1.1], "rotation": [0, 0, 9], "uv": [0, 78]}
					]
				}
			]
		}
	]
}