{
    "species": "cobblemon:ironvaliant",
    "order": 0,
    "variations": [
        {
            "aspects": [],
            "poser": "cobblemon:ironvaliant",
            "model": "cobblemon:ironvaliant.geo",
            "texture": "cobblemon:textures/pokemon/1006_ironvaliant/ironvaliant.png",
            "layers": [
                {
                    "name": "emissive",
                    "texture": "cobblemon:textures/pokemon/1006_ironvaliant/ironvaliant_emissive.png",
                    "emissive": true
                }
            ]
        },
        {
            "aspects": [
                "shiny"
            ],
            "texture": "cobblemon:textures/pokemon/1006_ironvaliant/ironvaliant_shiny.png",
            "layers": [
                {
                    "name": "emissive",
                    "texture": "cobblemon:textures/pokemon/1006_ironvaliant/ironvaliant_emissive.png",
                    "emissive": true
                }
            ]
        }
    ]
}