{
    "species": "cobblemon:slowpoke",
    "order": 1,
    "variations": [
        {
            "aspects": [
                "galarian"
            ],
            "model": "cobblemon:slowpoke_galarian.geo",
            "poser": "cobblemon:slowpoke",
            "texture": "cobblemon:textures/pokemon/0079_slowpoke/slowpoke_galarian.png"
        },
        {
            "aspects": [
                "galarian",
                "shiny"
            ],
            "texture": "cobblemon:textures/pokemon/0079_slowpoke/slowpoke_galarian_shiny.png"
        }
    ]
}