{
    "species": "cobblemon:eternatus",
    "order": 1,
    "variations": [
        {
            "aspects": ["eternamax"],
            "poser": "cobblemon:eternamax_eternatus",
            "model": "cobblemon:eternamax_eternatus.geo",
            "texture": "cobblemon:textures/pokemon/0890_eternatus/eternamax/eternamax_eternatus.png",
            "layers": [
                {
                    "name": "emissive",
                    "texture": "cobblemon:textures/pokemon/0890_eternatus/eternamax/eternamax_eternatus_emissive.png",
                    "emissive": true
                }
            ]
        },
        {
            "aspects": [
                "shiny","eternamax"
            ],
            "poser": "cobblemon:eternamax_eternatus",
            "model": "cobblemon:eternamax_eternatus.geo",
            "texture": "cobblemon:textures/pokemon/0890_eternatus/eternamax/eternamax_eternatus_shiny.png",
            "layers": [
                {
                    "name": "emissive",
                    "texture": "cobblemon:textures/pokemon/0890_eternatus/eternamax/eternamax_eternatus_emissive_shiny.png",
                    "emissive": true
                }
            ]
        }
    ]
}