{
    "species": "cobblemon:geodude",
    "order": 1,
    "variations": [
        {
            "aspects": [
                "alolan"
            ],
            "model": "cobblemon:geodude_alolan.geo",
            "poser": "cobblemon:geodude",
            "texture": "cobblemon:textures/pokemon/0074_geodude/geodude_alolan.png"
        },
        {
            "aspects": [
                "alolan",
                "shiny"
            ],
            "texture": "cobblemon:textures/pokemon/0074_geodude/geodude_alolan_shiny.png"
        }
    ]
}