{
    "species": "cobblemon:slowking",
    "order": 1,
    "variations": [
        {
            "aspects": [
                "galarian"
            ],
            "model": "cobblemon:slowking_galarian.geo",
            "poser": "cobblemon:slowking",
            "texture": "cobblemon:textures/pokemon/0199_slowking/slowking_galarian.png"
        },
        {
            "aspects": [
                "galarian",
                "shiny"
            ],
            "texture": "cobblemon:textures/pokemon/0199_slowking/slowking_galarian_shiny.png"
        }
    ]
}