{
    "species": "cobblemon:dreepy",
    "order": 0,
    "variations": [
        {
            "aspects": [],
            "poser": "cobblemon:dreepy",
            "model": "cobblemon:dreepy.geo",
            "texture": "cobblemon:textures/pokemon/0885_dreepy/dreepy.png",
            "layers": [
                {
                    "name": "emissive",
                    "texture": "cobblemon:textures/pokemon/0885_dreepy/dreepy_emmisive.png",
                    "emissive": true
                }
            ]
        },
        {
            "aspects": [
                "shiny"
            ],
            "texture": "cobblemon:textures/pokemon/0885_dreepy/dreepy_shiny.png",
            "layers": [
                {
                    "name": "emissive",
                    "texture": "cobblemon:textures/pokemon/0885_dreepy/dreepy_emmisive.png",
                    "emissive": true
                }
            ]
        }
    ]
}