{
    "species": "cobblemon:megagardevoir",
    "order": 0,
    "variations": [
        {
            "aspects": [],
            "poser": "cobblemon:megagardevoir",
            "model": "cobblemon:megagardevoir.geo",
            "texture": "cobblemon:textures/pokemon/gardevoir/megagardevoir.png",
            "layers": []
        },
        {
            "aspects": [
                "shiny"
            ],
            "texture": "cobblemon:textures/pokemon/gardevoir/megagardevoir_shiny.png",
            "layers": []
        }
    ]
}